0 149374.6
1 166996.98
2 203387.24
3 130471.07
4 445763.79
5 114368.44
6 86937.505
7 81988.413
8 43906.318
9 56794.753
10 1688.9893
11 2820.3209
12 92155.523
13 70070.366
14 396978.55
15 215226.16
16 48391.536
17 52842.585
18 145716.39
19 95642.19
20 77506.318
21 41027.669
22 58492.668
23 49603.936
24 10882.013
25 0
26 1146.7168
27 67373.339
28 40483.969
29 528967.89
30 613274.04
31 117762.94
32 159375.49
33 219162.83
34 340537.34
35 671972.98
36 941586.67
37 186936.46
38 135020.03
39 157772.27
40 99859.983
41 203364.79
42 84128.262
43 66864.918
44 1245.2315
45 10701.226
46 10683.151
47 24.219099
48 11.812191
49 8590.8582
50 15473.357
51 7145.5809
52 72108.436
53 93933.857
54 50487.119
55 81414.506
56 186323.9
57 47375.254
58 145808.3
59 42756.93
60 156137.18
61 61391.341
62 96405.525
63 92799.016
64 53401.689
65 36018.805
66 5938.8155
67 31968.827
68 12800.152
69 47794.25
70 31739.199
71 32074.018
72 44050.155
73 38664.553
74 0
75 161446.35
76 144116.7
77 227951.72
78 470023.92
79 556642.52
80 162663.39
81 192638.78
82 211521.73
83 211521.73
84 215357.49
85 360833.78
86 216806.45
87 0
88 60629.976
89 67794.441
90 23.52348
91 561.968
92 468.54801
93 285628.23
94 239271.37
95 798814.14
96 800708.41
97 503448.42
98 423516.74
99 211840.47
100 1111.6773
101 62654.521
102 49847.699
103 172.31313
104 914.17702
105 25096.762
106 49798.88
107 0
108 64272.499
109 115814.66
110 163966.21
111 153460.47
112 35484.48
113 61978.264
114 61478.302
115 6178.3604
116 19748.084
117 0
118 56089.886
119 66491.583
120 258.95638
121 210.63387
122 32405.084
123 37943.944
124 251195.46
125 495358.03
126 218222.53
127 192214.65
128 231104.76
129 0
130 61219.756
131 134567.02
132 48461.297
133 244302.98
134 146623.2
135 479126.22
136 255002.73
137 13672.847
138 64450.599
139 19022.226
140 268.73673
141 734.01534
142 538.53811
143 55489.545
144 44931.674
145 0
146 57445.857
147 66459.114
148 71.614136
149 464.35683
150 461.78844
151 440.53899
152 184979.84
153 485023.87
154 270766.63
155 216955.09
156 434437.48
157 450707.22
158 256457.08
159 392033.23
160 753884.09
161 426346.03
162 450329.37
163 160573.11
164 218859.84
165 528731.15
166 458817.13
167 254052.9
168 255804.89
169 0
170 118150.45
171 128708.65
172 193194.28
173 53066.738
174 114711.27
175 17048.839
176 0
177 58532.642
178 69743.603
179 11.900489
180 1493.6347
181 161082.65
182 868964.76
183 713597.27
184 0
185 60805.971
186 66739.524
187 16.934343
188 710.50715
189 450.24125
190 15557.335
191 169630.35
192 308587.51
193 462460.59
194 391942.3
195 619106.39
196 706487.76
197 1355616
198 1835206
199 916557.32
200 266705.48
201 260504.33
202 157342.29
203 52177.83
204 68490.764
205 461.55576
206 895.46129
207 455.0666
208 52231.534
209 96972.66
210 81179.261
211 199416.91
212 491547.81
213 497919.28
214 918386.38
215 1317022.6
216 733403.43
217 616337.06
218 535625.94
219 513949.87
220 403248.36
221 488084.68
222 559635.24
223 156952.11
224 608556.2
225 287170.97
226 332995.59
227 431708
228 1193122.7
229 440681.29
230 63516.538
231 68099.692
232 38.80139
233 142491.1
234 185419.19
235 144268.67
236 302950.23
237 406642.87
238 244619.45
239 135743.34
240 50111.061
241 70422.25
242 771.99181
243 898.16636
244 795.01644
245 377865.25
246 381368.53
247 21916.165
248 65531.655
249 60593.269
250 198372.6
251 694826.18
252 584658.3
253 436454.54
254 548616.88
255 152488
256 66976.645
257 175925.69
258 307069.57
259 135743.34
260 45486.134
261 70957.616
262 28741.162
263 269774.74
264 265483.17
265 256553.28
266 233635.15
267 0
268 69906.527
269 68444.812
270 6796.8757
271 16305.308
272 263863.64
273 216548.96
274 574601.47
275 595355.61
276 236694.74
277 313953.63
278 260504.33
279 281264.26
280 33082.996
281 67235.004
282 4797.3194
283 274.59201
284 344.69043
285 297.12749
286 193.49592
287 354363.38
288 299480.39
289 68864.197
290 286904.54
291 209801.76
292 47449.813
293 124387.41
294 18445.528
295 0
296 65840.376
297 63570.88
298 47763.302
299 296473.72
300 277731.08
301 207942.67
302 207942.67
303 256553.28
304 256553.28
305 418610.68
306 243523.89
307 862775.05
308 1043563.6
309 224167.82
310 267567.52
311 267567.52
312 39588.445
313 64105.356
314 2100.8658
315 546.65148
316 955.26301
317 30092.485
318 119735.08
319 520366.16
320 472583.51
321 2252.1216
322 68326.163
323 48396.826
324 3675.18
325 199506.36
326 197729.66
327 47999.413
328 148211.47
329 47961.276
330 212757.45
331 1164275.4
332 1166520.1
333 45329.753
334 69926.378
335 1407.0705
336 521.41015
337 589.71992
338 707.22366
339 37199.679
340 252877.32
341 233866.21
342 244634.88
343 244634.88
344 6488.5772
345 61148.112
346 108340.89
347 47744.329
348 0
349 61454.88
350 78381.598
351 583074.54
352 497152.5
353 16016.519
354 65347.794
355 14080.722
356 262.71773
357 630.45354
358 4942.9072
359 881082.63
360 1098581.6
361 284252.86
362 51662.265
363 62539.031
364 180.18565
365 201206.56
366 182652.45
367 481497.94
368 386630.36
369 224167.82
370 50058.39
371 122082.99
372 20714.449
373 209538.81
374 376010.8
375 429243.16
376 122866.29
377 315633.18
378 220095.04
379 172528.19
380 294088
381 140077.25
382 205292.49
383 0
384 294088
385 235185.9
386 235472.34
387 0
388 221327.95
389 254924.18
390 371671.93
391 574936.21
392 0
393 67848.402
394 71595.172
395 879.0145
396 4379.695
397 630.1201
398 351.47104
399 180.28398
400 296.0496
401 39598.893
402 47308.95
403 265483.17
404 503119.14
405 267567.52
406 26409.24
407 141159.45
408 128316.98
409 24947.56
410 71583.298
411 7733.6101
412 853.85733
413 48418.843
414 44498.784
415 3429.4454
416 67794.34
417 37968.371
418 221.43175
419 637.23828
420 551.33103
421 432.73287
422 383.46422
423 336.7643
424 89.951582
425 116.24947
426 88.519035
427 36347.208
428 34881.649
429 108388.84
430 81358.238
431 0
432 0
433 0
434 0
435 0
436 78871.578
437 46660.371
438 144591.38
439 143125.55
440 10170.205
441 68229.377
442 22491.372
443 550.33159
444 836.18736
445 16120.95
446 12682.406
447 11.058204
448 2.0046216
449 0
450 0
451 0
452 0
453 0.66522305
454 5.2223917
455 32.837337
456 19.419652
457 7.516593
458 4.7960897
459 9.1036763
460 200050.7
461 184129.68
462 0
463 142007.35
464 97736.943
465 844774.49
466 949559.77
467 408850.79
468 0
469 64033.049
470 143339.2
471 351908.1
472 320487.82
473 40503.092
474 70581.156
475 2446.9864
476 782.17174
477 471.0627
478 360.25626
479 165.75993
480 222.69028
481 212.11539
482 243.67044
483 79.518846
484 92.75278
485 138.7402
486 25.151061
487 119413.99
488 125858.22
489 0
490 65147.782
491 71808.695
492 39.412943
493 569.55066
494 502.17866
495 373.09938
496 339.85902
497 254.36447
498 201.43398
499 11793.541
500 11167.473
501 12.439734
502 27.905819
503 18.868392
504 8.8084193
505 20.712436
506 38.895246
507 20.738427
508 9.2216427
509 19.586785
510 10.418917
511 33.146719
512 64056.414
513 96818.395
514 256848.03
515 235262.48
516 372002.62
517 478635.5
518 127189.93
519 152249.09
520 0
521 84094.487
522 208590.62
523 108346.76
524 0
525 5.1610584
526 210759.68
527 210139.71
528 82.508279
529 15.221503
530 87058.672
531 154915.71
532 110814.72
533 42601.465
534 199448.27
535 350597.23
536 178795.12
537 192074.67
538 243498.44
539 197331.62
540 64306.613
541 299260.94
542 291497.16
543 11.599711
544 0
545 0
546 22.29424
547 18.139313
548 18.505744
549 8.7794902
550 8.0232113
551 8.8263054
552 15.188059
553 14.736751
554 2.4091612
555 0
556 56166.333
557 108203.12
558 92245.473
559 43309.762
560 0
561 0
562 0
563 0
564 0
565 0
566 10.98265
567 24.346006
568 14.585682
569 6.5578582
570 14.114669
571 8.0850102
572 4.4731276
573 0
574 0
575 144381.27
576 131091.32
577 234271.05
578 399427.71
579 331064.08
580 350615.47
581 211264.89
582 0
583 0
584 0
585 0
586 0
587 1.636023
588 14.771559
589 21.141786
590 8.5288182
591 7.3595405
592 4.2487464
593 12.152024
594 12.507026
595 14.068259
596 5.1705136
597 0
598 0
599 48146.854
600 91515.688
601 16654.66
602 38086.418
603 0
604 0
605 0
606 184349.99
607 239467.17
608 92721.956
609 109456.59
610 83845.125
611 0
612 83845.125
613 83845.125
614 0
615 0
616 0
617 0
618 0
619 0
620 0
621 0
622 0
623 0
624 12.004891
625 25.216994
626 8.6194563
627 4.6202814
628 18.070477
629 16.312789
630 10.643633
631 4.0704687
632 4.3267497
633 2.8748935
634 0
635 0
636 0
637 0
638 0
639 0
640 71847.306
641 445537.11
642 492634.7
643 0
644 388230.77
645 328758.34
646 0
647 0
648 0
649 0
650 0
651 0
652 0
653 0
654 0
655 0
656 0
657 0
658 0
659 0
660 0
661 0
662 0
663 17.270592
664 53.734358
665 42.789717
666 14.310945
667 5.5691818
668 7.2764122
669 12.814763
670 10.272114
671 3.4944637
672 0.23340312
673 0
674 0
675 0
676 0
677 0
678 85557.56
679 398382.21
680 376940.25
681 76131.839
682 0
683 0
684 0
685 0
686 0
687 0
688 0
689 0
690 0
691 0
692 0
693 0
694 0
695 1.7683933
696 14.30949
697 12.056992
698 13.322579
699 9.6796656
700 6.1301246
701 6.1132886
702 8.2845242
703 5.3031392
704 4.2633818
705 6.5266495
706 4.4111123
707 7.1522553
708 9.1209652
709 3.0199625
710 0.25193493
711 0
712 0
713 0
714 0
715 0
716 0
717 0
718 0
719 293179.94
720 293179.94
721 0
722 0
723 0
724 220523.51
725 383365.37
726 236131.69
727 110201.55
728 649082.97
729 1359147.8
730 899680.89
731 459146.89
732 539858.63
733 413651.76
734 218304.57
735 172527.11
736 401465.42
737 323119.97
738 59636.274
739 145100.38
740 149751.93
741 164212.94
742 12701.321
743 12701.321
744 0
745 117006.22
746 660535.67
747 799177.13
748 19141.719
749 0
750 0
751 0
752 0
753 235323.44
754 561256.23
755 877975.19
756 1003682.8
757 306855.29
758 0
759 0
760 41848.363
761 129678.21
762 135865.26
763 38285.749
764 0
765 0
766 0
767 0
768 0
769 0
770 0
771 0
772 0
773 0
774 0
775 0
776 0
777 0
778 0.005
779 0.005
780 0
781 0
782 0.0084518175
783 0.38002655
784 34.831416
785 41.880619
786 11.615629
787 2077.8165
788 2143.2953
789 30.371956
790 47.278044
791 33.522857
792 19.470538
793 59.320793
794 124.44174
795 118.72865
796 109.99831
797 102.04535
798 45.338542
799 26.029509
800 11.400413
801 8.2750466
802 19.226899
803 47.233571
804 59.733291
805 8.7952887
806 0.28781358
807 0
808 0
809 0
810 0
811 0
812 0
813 0
814 0.125
815 12.324095
816 88.023005
817 177.80533
818 121.94446
819 5.2446179
820 9.3231881
821 11.597914
822 8.1297627
823 9.4928943
824 7.6990459
825 42.393935
826 30.609747
827 8.0677865
828 3.1518247
829 6.835796
830 5.2550522
831 423157.42
832 815051.23
833 375950.61
834 76585.238
835 289127.64
836 493258.74
837 280248.65
838 40527.239
839 53.351682
840 31.118874
841 21.665952
842 74730.63
843 58689.695
844 61069.455
845 78964.993
846 216.36932
847 1835.7529
848 1856.5746
849 838.44074
850 296.55006
851 181.69532
852 206.29116
853 188.90211
854 51.366919
855 255.47137
856 9064.4482
857 32774.763
858 7351.0446
859 182622.68
860 216806.45
861 0
862 60723.534
863 60333.116
864 72.188439
865 560.59192
866 300.83022
867 15014.806
868 17484.988
869 0
870 194.4892
871 1871.591
872 2787.9107
873 1900.1279
874 1267.3315
875 879.20942
876 642.17776
877 428.00537
878 19109.442
879 21675.637
880 39448.516
881 10732.03
882 70154.289
883 27637.438
884 33165.374
885 82418.324
886 173736.46
887 125876.85
888 129718.26
889 67246.306
890 55735.807
891 73716.923
892 140055.4
893 155158.45
894 54087.756
895 109273.92
896 40553.259
897 34116.251
898 31867.92
899 28090.443
900 56014.855
901 47700.818
902 82030.122
903 28049.478
904 23784.728
905 15500.043
906 17641.809
907 19735.757
908 30287.403
909 35778.354
910 42555.461
911 22421.961
912 26052.457
913 38087.277
914 95117.435
915 288521.41
916 90544.001
917 92765.802
918 105492.22
919 54173.374
920 16472.369
921 28980.922
922 40398.791
923 19909.833
924 22146.434
925 78850.485
926 137836.11
927 18190.364
928 19580.825
929 117978.32
930 76391.858
931 239871.58
932 422093.56
933 119963.1
934 455575.09
935 480410.97
936 229208.26
937 45696.859
938 351267.65
939 494107.65
940 0
941 61060.094
942 62438.69
943 29.889742
944 697.52941
945 18290.398
946 27552.791
947 1090.1037
948 34588.928
949 160438.13
950 177566.88
951 68276.579
952 191352
953 122157.7
954 84836.6
955 0
956 0
957 0
958 0
959 0
960 0
961 0
962 0
963 0
964 0
965 0
966 128893.3
967 164808.07
968 135743.34
969 66486.965
970 61386.681
971 67612.313
972 17.547446
973 664.59831
974 655.06441
975 440.14125
976 254.41715
977 155368.65
978 206175.48
979 235472.34
980 0
981 68167.701
982 76122.51
983 121.72942
984 1089.8736
985 1279.8134
986 669.12087
987 230.77862
988 250.83845
989 251.68054
990 218.97104
991 59.600238
992 505.98008
993 31178.551
994 373519.55
995 328424.72
996 0
997 473.16307
998 2493.983
999 2541.3008
1000 1815.9754
1001 15263.269
1002 53372.243
1003 27889.754
1004 5217.2986
1005 1451.609
1006 3419.1989
1007 12843.472
1008 14782.058
1009 5655.1999
1010 17936.764
1011 36862.825
1012 32317.546
1013 26383.813
1014 19915.376
1015 55672.413
1016 14013.32
1017 9166.8648
1018 12523.901
1019 28340.716
1020 18816.557
1021 13832.613
1022 10587.486
1023 11937.947
1024 15596.668
1025 14515.623
1026 6588.7232
1027 14049.336
1028 10233.174
1029 12889.161
1030 9018.4861
1031 10377.123
1032 7217.6236
1033 6800.7614
1034 5186.5929
1035 8607.0843
1036 7514.4378
1037 7681.5724
1038 24146.699
1039 36137.311
1040 51462.371
1041 70442.932
1042 10236.999
1043 22424.625
1044 15320.024
1045 15275.595
1046 11781.664
1047 15118.058
1048 22694.588
1049 6670.7072
1050 7896.0662
1051 45841.725
1052 42930.634
1053 76970.786
1054 59777.311
1055 42738.25
1056 92890.162
1057 89595.642
1058 105843.75
1059 48162.392
1060 29543.352
1061 17031.989
1062 8745.4847
1063 16736.526
1064 25680.788
1065 13923.83
1066 10662.516
1067 14464.036
1068 10754.866
1069 7255.8845
1070 22346.527
1071 33800.581
1072 21482.073
1073 10367.907
1074 7656.1184
1075 10538.93
1076 11338.289
1077 4045.6241
1078 6653.9415
1079 7780.5773
1080 16755.617
1081 13205.478
1082 8925.346
1083 11016.058
1084 17231.086
1085 9129.5408
1086 12559.282
1087 16920.339
1088 12281.341
1089 10640.747
1090 13418.165
1091 10546.268
1092 9024.1145
1093 12401.215
1094 8202.7197
1095 4507.8989
1096 4221.4591
1097 7028.7641
1098 7782.5204
1099 9811.6411
1100 6862.8946
1101 3550.3571
1102 7264.1951
1103 8900.1938
1104 12163.289
1105 14554.805
1106 27249.714
1107 15688.916
1108 8647.2666
1109 7088.9632
1110 11007.595
1111 12559.078
1112 15342.692
1113 19860.446
1114 8522.6792
1115 6767.1743
1116 14390.708
1117 19432.538
1118 19659.115
1119 20929.98
1120 19925.014
1121 32842.401
1122 60688.327
1123 156789.88
1124 259681.05
1125 569262.2
1126 542423.03
1127 0
1128 351430.33
1129 283291.57
1130 492991.57
1131 289397.5
1132 136821.4
1133 0
1134 443.27294
1135 194557.77
1136 97796.638
1137 124461.58
1138 0
1139 150.34851
1140 1810.3176
1141 3039.0412
1142 2028.5526
1143 987.46612
1144 13729.712
1145 280936.7
1146 295489.8
1147 100261.44
1148 43429.908
1149 5297.4039
1150 10643.206
1151 73935.685
1152 167863.22
1153 162866.32
1154 152697.93
1155 303585.11
1156 428911.3
1157 233307.3
1158 11432.687
1159 126522.46
1160 65818.692
1161 128642.48
1162 49732.437
1163 201936.33
1164 282880.81
1165 0
1166 100186.23
1167 144776.6
1168 31291.531
1169 218704.84
1170 209131.62
1171 209131.62
1172 654.33891
1173 13379.795
1174 118013.44
1175 106752.11
1176 0
1177 124180.9
1178 117632.11
1179 2202.4629
1180 11827.983
1181 14877.415
1182 20056.39
1183 44410.833
1184 47539.251
1185 8110.9552
1186 11914.772
1187 11470.558
1188 11129.491
1189 8730.0047
1190 11583.872
1191 15889.434
1192 15653.103
1193 19966.601
1194 19569.263
1195 10837.032
1196 31370.351
1197 16657.981
1198 9932.21
1199 5805.6731
1200 5533.3565
1201 6137.2163
1202 4949.3617
1203 5390.7096
1204 7952.7852
1205 8452.7288
1206 7473.5288
1207 6916.2747
1208 5878.7902
1209 7481.2048
1210 21464.55
1211 22928.962
1212 14821.767
1213 18114.42
1214 8124.2996
1215 8878.4786
1216 45822.545
1217 48166.973
1218 137074.37
1219 458140.45
1220 1577574.7
1221 1086504.8
1222 303574.62
1223 303574.62
1224 0
1225 80488.901
1226 117813.42
1227 8480.4782
1228 1112.9255
1229 5894.0135
1230 13018.327
1231 17482.263
1232 17481.856
1233 12492.222
1234 14758.096
1235 16195.004
1236 9635.734
1237 12541.545
1238 10132.921
1239 6506.8545
1240 4244.4623
1241 6988.1629
1242 7837.7248
1243 4928.2829
1244 9662.6455
1245 10014.446
1246 6183.3455
1247 7074.7316
1248 8004.3764
1249 4428.8844
1250 5892.4478
1251 3501.0427
1252 2811.9361
1253 4588.2769
1254 3915.6867
1255 4584.8963
1256 6412.4677
1257 7265.6195
1258 4078.9361
1259 7273.9447
1260 9119.4169
1261 7681.1056
1262 10048.968
1263 8613.5186
1264 6611.9729
1265 6942.6531
1266 14229.507
1267 10403.191
1268 13484.535
1269 12592.109
1270 7980.7947
1271 6801.4621
1272 8909.43
1273 13820.872
1274 10688.648
1275 11420.9
1276 20549.447
1277 16204.894
1278 12955.733
1279 11250.983
1280 12350.107
1281 11947.706
1282 13796.29
1283 7937.1473
1284 13453.637
1285 12859.618
1286 12361.535
1287 14695.916
1288 13585.288
1289 22680.096
1290 20596.496
1291 8860.039
1292 8895.3008
1293 9676.2105
1294 14784.062
1295 15572.181
1296 20808.567
1297 12994.132
1298 5634.1257
1299 8140.9326
1300 11600.65
1301 7282.2322
1302 5782.8963
1303 51634.311
1304 62054.67
1305 7702.8786
1306 27629.113
1307 10969.044
1308 14849.414
1309 13523.374
1310 7487.6792
1311 11543.732
1312 16730.802
1313 16890.175
1314 11663.041
1315 10788.745
1316 12402.825
1317 12274.025
1318 9798.9733
1319 12314.884
1320 14118.724
1321 11828.237
1322 12922.035
1323 14315.334
1324 13539.456
1325 8395.2492
1326 6931.7952
1327 8897.7954
1328 10369.864
1329 9202.477
1330 6200.3519
1331 13212.611
1332 15603.928
1333 6248.0752
1334 7285.1684
1335 16628.125
1336 13497.733
1337 10425.395
1338 5823.1437
1339 4519.9616
1340 8018.1973
1341 8054.858
1342 5578.3342
1343 7680.5258
1344 7819.0288
1345 8496.2847
1346 11182.296
1347 114765.87
1348 283959.27
1349 411206.12
1350 562153.27
1351 0
1352 224496.7
1353 278494.48
1354 846069.39
1355 1034432.8
1356 1167071.8
1357 598740.59
1358 235851.49
1359 960238.81
1360 691478.09
1361 49991.466
1362 96706.591
1363 408987.03
1364 296259.5
1365 168853.58
1366 168853.58
1367 89501.495
1368 109301.36
1369 2282.3505
1370 1483.9034
1371 7947.4209
1372 14272.666
1373 21178.326
1374 19606.005
1375 5531.2341
1376 5482.9457
1377 11969.573
1378 13059.874
1379 6051.4371
1380 4953.4024
1381 6350.6961
1382 6351.189
1383 7184.2797
1384 7751.6535
1385 6216.6877
1386 7892.235
1387 6154.1221
1388 7222.8803
1389 7120.249
1390 5348.571
1391 7368.5753
1392 14823.212
1393 16208.966
1394 4467.9097
1395 4421.706
1396 8355.4257
1397 8625.8565
1398 9445.0917
1399 10754.374
1400 7420.4067
1401 9094.0123
1402 6030.4221
1403 8873.4786
1404 19188.934
1405 13025.641
1406 14043.482
1407 11730.994
1408 57533.508
1409 795703.71
1410 737054.89
1411 0
1412 435.65544
1413 4761.7266
1414 101452.43
1415 43943.76
1416 7274.5141
1417 2320.6979
1418 4084.3016
1419 8474.1993
1420 40621.145
1421 13381.574
1422 221816.17
1423 243988.15
1424 145790.32
1425 0
1426 0
1427 832.8837
1428 3106.2368
1429 2225.312
1430 1677.8283
1431 88806.024
1432 66284.832
1433 121790.97
1434 127493.12
1435 10185.544
1436 126820.12
1437 128911.91
1438 121468.49
1439 117718.93
1440 267567.52
1441 90629.147
1442 121628.14
1443 6894.0824
1444 2104.1591
1445 2801.7536
1446 6314.2839
1447 23345.443
1448 16248.965
1449 11867.693
1450 7242.2615
1451 12497.251
1452 9057.1725
1453 7712.3538
1454 5981.4584
1455 6819.5836
1456 8918.8315
1457 8852.6061
1458 8310.5913
1459 11219.048
1460 5644.368
1461 7642.9045
1462 3769.9243
1463 3804.5895
1464 4228.5961
1465 5706.2334
1466 4083.0158
1467 5011.8346
1468 6635.1712
1469 13099.156
1470 11564.456
1471 4550.3839
1472 5579.4428
1473 10255.868
1474 5752.4323
1475 2168.8928
1476 3678.1102
1477 9630.4303
1478 8297.6429
1479 1326.9261
1480 6152.9377
1481 10054.901
1482 6246.1388
1483 3958.5543
1484 3577.6024
1485 6913.5268
1486 6239.7648
1487 3726.2855
1488 3686.8145
1489 7162.0471
1490 6982.719
1491 6028.0513
1492 6094.4183
1493 7330.3962
1494 16106.13
1495 8395.4808
1496 5636.9244
1497 4188.0008
1498 3855.3119
1499 7146.3158
1500 7851.5665
1501 6646.658
1502 8655.1745
1503 11676.244
1504 3243.1139
1505 3227.2144
1506 9841.205
1507 9688.7981
1508 5195.6329
1509 50391.414
1510 143786.16
1511 232622.9
1512 0
1513 61.187793
1514 1552.1946
1515 3640.6849
1516 81557.937
1517 87961.059
1518 1936.5926
1519 742488.51
1520 868926.72
1521 5112.5402
1522 122080.63
1523 86147.607
1524 2894.9021
1525 4962.1343
1526 5317.9934
1527 3361.9664
1528 8765.6409
1529 73493.509
1530 120509.77
1531 0
1532 213.11776
1533 1957.3409
1534 2872.0455
1535 1984.6709
1536 6071.0472
1537 21293.958
1538 14941.47
1539 5312.1141
1540 42939.359
1541 1382934
1542 1888581.5
1543 1035827.3
1544 481209.82
1545 277729.99
1546 85071.584
1547 83733.333
1548 3981.8498
1549 6386.689
1550 164763.67
1551 147054.92
1552 69359.666
1553 60458.595
1554 419447.14
1555 1162375.7
1556 789794.69
1557 135658.32
1558 46596.294
1559 28079.235
1560 22645.327
1561 70420.145
1562 202336.29
1563 351184.19
1564 409250.98
1565 173528.23
1566 432286.52
1567 421032.27
1568 35204.638
1569 110833.06
1570 69397.266
1571 28682.831
1572 4404.6451
1573 5629.501
1574 15836.21
1575 19519.703
1576 20886.405
1577 14332.179
1578 17509.877
1579 9233.4125
1580 5860.6856
1581 6838.0607
1582 5193.7914
1583 8220.8878
1584 13634.006
1585 15449.446
1586 12430.662
1587 7248.2051
1588 4873.6095
1589 4270.4184
1590 6959.3882
1591 7510.2173
1592 4500.5395
1593 5725.588
1594 5991.072
1595 4074.8927
1596 5259.1502
1597 5764.3195
1598 7059.5282
1599 6386.1447
1600 6238.8903
1601 7796.4062
1602 11722.803
1603 13100.88
1604 4844.2688
1605 9317.302
1606 14447.342
1607 11327.507
1608 6115.4038
1609 10923.764
1610 10723.237
1611 8392.9446
1612 3878.6132
1613 6863.3052
1614 8348.8817
1615 5877.1517
1616 6447.0771
1617 5647.3763
1618 5984.5566
1619 4406.593
1620 4203.5746
1621 3877.9787
1622 6888.4813
1623 5467.5376
1624 11182.127
1625 8316.6278
1626 6779.7619
1627 10669.018
1628 7675.8711
1629 12084.404
1630 8953.9101
1631 14106.803
1632 14590.019
1633 5404.3572
1634 4672.3613
1635 7869.2409
1636 5792.4151
1637 3494.0605
1638 5774.5906
1639 6835.0288
1640 9277.333
1641 6995.8966
1642 9544.0804
1643 5397.1888
1644 6045.5199
1645 10413.481
1646 5735.8339
1647 8195.3875
1648 6286.7649
1649 4881.0302
1650 4568.1765
1651 3159.8716
1652 4182.2348
1653 3389.501
1654 6372.6495
1655 9182.2261
1656 9114.5
1657 15869.174
1658 8283.4341
1659 13154.666
1660 7378.1848
1661 3897.4938
1662 5093.903
1663 8499.7219
1664 5854.2832
1665 8675.8532
1666 5758.3314
1667 4236.7593
1668 3890.1962
1669 10592.329
1670 15155.449
1671 7588.7681
1672 3802.8306
1673 2878.9659
1674 4645.5586
1675 4308.3878
1676 4632.3309
1677 12236.796
1678 11819.346
1679 6853.0265
1680 58544.023
1681 179966.72
1682 234337.09
1683 63830.391
1684 77946.128
1685 8563.3523
1686 17736.594
1687 30955.992
1688 20887.658
1689 6731.1739
1690 10678.751
1691 9252.6412
1692 7310.6415
1693 4735.2012
1694 2484.4317
1695 2690.8733
1696 3402.8923
1697 12932.232
1698 32544.738
1699 40948.563
1700 69645.818
1701 501989.14
1702 602380.55
1703 600906.19
1704 583758.51
1705 75503.905
1706 73393.671
1707 51190.686
1708 15688.636
1709 3616.974
1710 4916.7883
1711 8247.6961
1712 286327.68
1713 619001.13
1714 253807.83
1715 168088.71
1716 172940.44
1717 177635.81
1718 197689.29
1719 51059.272
1720 47113.118
1721 22785.779
1722 5279.8324
1723 3731.2372
1724 3694.8337
1725 4356.7325
1726 7840.7907
1727 15699.718
1728 347679.05
1729 313655.47
1730 15431.615
1731 10250.95
1732 14319.324
1733 62105.888
1734 55107.205
1735 10253.667
1736 7974.966
1737 8288.9654
1738 5099.4839
1739 2542.3909
1740 3873.4256
1741 4612.046
1742 3390.5231
1743 3379.7337
1744 5864.4154
1745 5084.9909
1746 6039.9179
1747 2948.737
1748 3720.7223
1749 6577.01
1750 2517.0947
1751 2902.1035
1752 4320.6055
1753 5188.5821
1754 2075.0846
1755 3590.7947
1756 4700.0993
1757 4871.9161
1758 5188.995
1759 6481.5813
1760 4251.0513
1761 3209.0458
1762 4433.2383
1763 5449.2023
1764 4478.3018
1765 6854.3614
1766 9725.2391
1767 8108.1749
1768 5852.2511
1769 5910.4935
1770 13503.886
1771 11250.673
1772 11250.625
1773 10067.379
1774 7171.1128
1775 10486.446
1776 13359.745
1777 10666.622
1778 25348.871
1779 20942.596
1780 13861.545
1781 14222.785
1782 7039.3028
1783 9542.1112
1784 13386.455
1785 11184.802
1786 12620.309
1787 11720.989
1788 10431.017
1789 7339.7768
1790 9584.8179
1791 9908.9307
1792 6261.2851
1793 6707.1957
1794 7523.6845
1795 4737.0144
1796 6923.0634
1797 7233.3269
1798 4022.9804
1799 3556.0423
1800 3198.7097
1801 2998.9535
1802 3950.8583
1803 5352.8411
1804 5720.8039
1805 4566.2942
1806 4158.5878
1807 2439.2456
1808 4595.2774
1809 6204.1015
1810 6902.9986
1811 8961.8181
1812 7508.7977
1813 9550.6104
1814 9486.9774
1815 11112.239
1816 111157.33
1817 486940.89
1818 317752.42
1819 108864.22
1820 86717.619
1821 829.27516
1822 3808.569
1823 244252.6
1824 321584.01
1825 199039.19
1826 11127.35
1827 15929.398
1828 91415.865
1829 267450.7
1830 596549.37
1831 397532.75
1832 59904.8
1833 2712.8861
1834 7810.8706
1835 153967.41
1836 140587.74
1837 60216.271
1838 111730.76
1839 18329.748
1840 2783.2652
1841 4852.2626
1842 8237.5396
1843 20386.728
1844 15445.127
1845 7235.1042
1846 6276.5759
1847 10039.786
1848 7850.4525
1849 3328.4688
1850 9805.2964
1851 13073.113
1852 8697.8602
1853 7477.2929
1854 7883.9512
1855 17124.916
1856 16150.451
1857 8645.9444
1858 7127.9863
1859 7401.5624
1860 7273.2988
1861 5159.8748
1862 4251.319
1863 3593.6962
1864 5017.0846
1865 7467.1007
1866 8291.1593
1867 7249.5546
1868 40007.236
1869 40918.579
1870 126425.74
1871 0
1872 0
1873 3333.924
1874 91561.037
1875 97152.671
1876 2136.1076
1877 1569.982
1878 5909.1885
1879 13666.689
1880 12116.74
1881 11735.907
1882 7987.2996
1883 7348.4951
1884 9393.5915
1885 6949.6379
1886 40769.597
1887 25464.598
1888 126887.98
1889 14910.63
1890 0
1891 734.1944
1892 8367.1407
1893 20824.791
1894 9200.209
1895 8687.3911
1896 20485.125
1897 10339.563
1898 10785.018
1899 10999.74
1900 5734.2369
1901 8367.5985
1902 7972.7578
1903 10083.969
1904 7032.4
1905 9226.2271
1906 7205.869
1907 4179.4155
1908 5137.7159
1909 8034.9668
1910 8107.0251
1911 5692.6944
1912 4167.8379
1913 6523.6864
1914 6547.7517
1915 6945.439
1916 5197.8196
1917 6057.2882
1918 9613.1758
1919 8207.5795
1920 4461.8929
1921 182905.34
1922 132814.22
1923 62240.254
1924 7588.2744
1925 9002.9939
1926 7734.7283
1927 35028.049
1928 31502.996
1929 6386.1383
1930 9024.805
1931 6967.555
1932 7541.0839
1933 8241.9921
1934 4752.1928
1935 3880.1919
1936 6839.0182
1937 6219.9871
1938 8132.9094
1939 6683.406
1940 7340.9089
1941 8687.7831
1942 7040.9999
1943 7941.618
1944 10613.29
1945 23081.56
1946 26354.286
1947 10048.873
1948 7222.477
1949 9023.5169
1950 7767.0686
1951 6439.803
1952 5300.4419
1953 6148.7663
1954 3834.7046
1955 3748.9259
1956 4741.9792
1957 5544.8838
1958 5123.066
1959 8746.8276
1960 10449.655
1961 7521.1428
1962 5927.936
1963 6919.69
1964 9674.3214
1965 8035.2712
1966 5861.6137
1967 9826.5016
1968 11561.179
1969 8612.7598
1970 5618.7466
1971 5996.2305
1972 10300.686
1973 6583.8929
1974 9084.3031
1975 7090.8582
1976 8668.2431
1977 36438.382
1978 338051.6
1979 642873.49
1980 691961.68
1981 317490.58
1982 133084.25
1983 109699.51
1984 1932.3
1985 4999.5253
1986 12923.272
1987 10073.192
1988 8946.9965
1989 14963.269
1990 6492.7734
1991 9077.4023
1992 6351.7026
1993 7296.4657
1994 37249.254
1995 40606.63
1996 10404.874
1997 4864.7642
1998 5383.5722
1999 9554.5111
2000 8675.1155
2001 4518.9334
2002 11139.629
2003 7661.3491
2004 8053.728
2005 11130.849
2006 13474.347
2007 13550.163
2008 7438.1755
2009 8485.6388
2010 7144.3239
2011 8094.7971
2012 8293.5129
2013 8852.2953
2014 8372.9155
2015 8209.3221
2016 5812.7433
2017 9861.4049
2018 13954.578
2019 6644.6476
2020 8302.652
2021 7967.16
2022 11506.149
2023 9577.1998
2024 5163.6695
2025 4563.6514
2026 5157.0203
2027 7050.4125
2028 4717.5174
2029 1685.2815
2030 2744.4633
2031 7380.9415
2032 7882.038
2033 5291.4359
2034 5936.1017
2035 5048.4433
2036 4955.0594
2037 4096.9262
2038 4297.0904
2039 4397.5581
2040 8621.4843
2041 4826.102
2042 6356.1269
2043 7312.7316
2044 6421.8057
2045 4948.3091
2046 6102.1882
2047 3716.3532
2048 5444.9864
2049 8316.2687
2050 6699.0775
2051 7990.9017
2052 8119.0983
2053 10183.384
2054 8425.3628
2055 7976.3646
2056 6322.6495
2057 7077.5476
2058 6579.9317
2059 7010.2725
2060 5982.0141
2061 9201.9686
2062 9485.7416
2063 6516.6305
2064 19350.006
2065 16081.217
2066 9203.9317
2067 6943.1634
2068 7015.1531
2069 6572.075
2070 10108.471
2071 14331.318
2072 11202.19
2073 6135.8076
2074 7009.5488
2075 9156.0185
2076 8204.4026
2077 13229.499
2078 14510.673
2079 8152.539
2080 9100.2688
2081 19071.15
2082 424969.82
2083 430429.3
2084 0
2085 30157.479
2086 68781.494
2087 46253.445
2088 162653.93
2089 145178.25
2090 21909.984
2091 83043.622
2092 40432.354
2093 10615.817
2094 9019.9221
2095 7123.9941
2096 6207.3202
2097 14084.997
2098 138772.65
2099 120927.6
2100 3774.3004
2101 46193.599
2102 41320.701
2103 17644.115
2104 12301.149
2105 6189.5555
2106 14582.91
2107 20109.432
2108 305182.51
2109 196262.65
2110 119845.82
2111 122320.01
2112 131265.72
2113 141893.72
2114 0
2115 242.98638
2116 1879.4841
2117 5922.7109
2118 29777.514
2119 21972.851
2120 7249.6745
2121 8795.9416
2122 276713.02
2123 1744370
2124 2883438.1
2125 2255997.3
2126 1014132.9
2127 75644.281
2128 12963.728
2129 11880.703
2130 10619.44
2131 11862.174
2132 5743.8926
2133 8317.9011
2134 5897.9171
2135 1935.8677
2136 3728.4441
2137 7149.7433
2138 5866.9476
2139 5413.6137
2140 6606.3439
2141 4738.5584
2142 8442.8993
2143 10727.538
2144 6903.5219
2145 8495.313
2146 8603.8578
2147 9652.6706
2148 6564.1132
2149 10166.558
2150 17661.076
2151 13006.013
2152 11292.617
2153 9512.8031
2154 8755.9534
2155 9829.7204
2156 17070.92
2157 20528.943
2158 12910.44
2159 16873.547
2160 16369.219
2161 9031.7685
2162 15280.914
2163 11998.955
2164 9271.1148
2165 10163.908
2166 7129.6716
2167 8285.1329
2168 11034.752
2169 10715.998
2170 5517.0756
2171 8324.9005
2172 8037.9411
2173 8917.5986
2174 11212.253
2175 10567.4
2176 6364.0455
2177 5010.5706
2178 3988.7511
2179 8515.4902
2180 8674.4654
2181 9136.5353
2182 10426.805
2183 6809.9589
2184 13864.435
2185 14424.325
2186 15696.791
2187 18821.465
2188 15985.725
2189 14760.319
2190 13958.537
2191 13905.691
2192 6269.8417
2193 7232.2435
2194 10436.367
2195 13659.973
2196 12892.34
2197 14895.531
2198 17006.194
2199 13504.385
2200 9343.4276
2201 18321.27
2202 19094.841
2203 15525.563
2204 15346.538
2205 11970.234
2206 11408.097
2207 10735.166
2208 9181.3754
2209 5585.8513
2210 8610.1868
2211 7870.3957
2212 4390.3495
2213 5200.7523
2214 7668.2674
2215 8351.7151
2216 5488.5342
2217 3958.4414
2218 11015.261
2219 12515.208
2220 7902.4053
2221 7355.4336
2222 6500.9265
2223 5114.3602
2224 4774.7524
2225 6470.1435
2226 13628.312
2227 14440.979
2228 7637.0824
2229 5340.7616
2230 5274.3006
2231 6720.2063
2232 7668.1387
2233 7675.5569
2234 12582.017
2235 18424.628
2236 12765.455
2237 6140.0006
2238 11904.663
2239 15402.885
2240 16176.929
2241 32431.748
2242 27842.752
2243 17405.104
2244 19557.432
2245 11368.969
2246 6110.4384
2247 7348.582
2248 6352.4528
2249 3849.045
2250 5912.7277
2251 8200.1736
2252 8242.1155
2253 8848.7823
2254 8575.2273
2255 7969.0271
2256 5274.8627
2257 7841.2001
2258 17097.679
2259 14202.66
2260 11622.885
2261 12276.171
2262 10170.19
2263 13981.652
2264 16847.834
2265 10004.723
2266 9155.2032
2267 9798.8019
2268 6898.9251
2269 13223.579
2270 19762.487
2271 8356.7433
2272 10548.797
2273 12864.89
2274 14928.698
2275 13206.715
2276 8909.5919
2277 13409.794
2278 14829.641
2279 11165.716
2280 10075.102
2281 12135.601
2282 9642.6949
2283 9731.1428
2284 10478.07
2285 9206.2679
2286 9692.6578
2287 9357.4636
2288 13497.301
2289 14092.555
2290 6206.486
2291 7307.1945
2292 9726.537
2293 5622.2596
2294 5865.394
2295 4889.4104
2296 6622.5867
2297 3544.5085
2298 9184.4705
2299 8504.4957
2300 6071.781
2301 7980.0223
2302 7874.272
2303 6177.5567
2304 6228.5804
2305 10322.284
2306 9288.2851
2307 6603.4923
2308 4867.5081
2309 8957.2766
2310 8742.8911
2311 8820.1178
2312 5370.4693
2313 7008.3594
2314 17680.198
2315 14507.351
2316 6306.7945
2317 6957.9449
2318 10150.257
2319 16300.093
2320 22931.573
2321 9792.0837
2322 2576.4882
2323 8787.7773
2324 13885.28
2325 17151.381
2326 11532.774
2327 14222.407
2328 5646.5393
2329 10115.809
2330 13455.626
2331 13828.107
2332 15539.606
2333 10077.595
2334 16690.417
2335 16374.559
2336 17499.452
2337 14579.612
2338 9413.3671
2339 15512.88
2340 16564.74
2341 17465.207
2342 17514.936
2343 11417.237
2344 12912.037
2345 14981.387
2346 12972.701
2347 13848.901
2348 9535.681
2349 12872.269
2350 12250.981
2351 7210.0505
2352 9403.0917
2353 8014.341
2354 8126.7578
2355 10119.721
2356 10696.706
2357 9008.1228
2358 11511.477
2359 10651.652
2360 13126.61
2361 13473.9
2362 8897.3767
2363 8168.9468
2364 11318.675
2365 7272.8908
2366 13173.838
2367 9660.4369
2368 9287.7098
2369 11184.59
2370 13419.611
2371 10924.392
2372 13497.813
2373 12961.755
2374 17533.714
2375 17356.097
2376 9312.8028
2377 15084.624
2378 17084.698
2379 15313.101
2380 13862.939
2381 11817.733
2382 11499.283
2383 15160.317
2384 10184.871
2385 6445.5817
2386 4667.7245
2387 4214.9351
2388 6040.4968
2389 5797.1423
2390 3804.6736
2391 6173.4884
2392 7002.1067
2393 7703.3878
2394 9087.4713
2395 12527.073
2396 19019.179
2397 12379.085
2398 6103.9478
2399 7743.9664
2400 6345.2122
2401 8204.9558
2402 6789.1724
2403 10553.557
2404 45149.065
2405 424047.33
2406 841933.09
2407 376764.58
2408 272513.16
2409 236409.4
2410 126603.81
2411 66879.393
2412 4309.3103
2413 10119.024
2414 11224.388
2415 5142.8107
2416 4654.8796
2417 3762.9924
2418 4899.0647
2419 5735.7208
2420 9221.4609
2421 7941.1635
2422 11347.432
2423 6534.9735
2424 5195.7708
2425 9932.3088
2426 14427.057
2427 10226.748
2428 11116.62
2429 11097.197
2430 9429.3527
2431 8622.685
2432 5595.7885
2433 8485.4412
2434 12821.581
2435 4575.9016
2436 13137.359
2437 14087.566
2438 13554.561
2439 15722.583
2440 14679.012
2441 17360.021
2442 15280.504
2443 13900.23
2444 18286.774
2445 14400.513
2446 9116.4871
2447 10375.422
2448 7882.521
2449 8512.1917
2450 5815.0978
2451 3102.4105
2452 6664.4636
2453 7509.3077
2454 10130.826
2455 9964.9919
2456 8778.6336
2457 12476.374
2458 14503.722
2459 19468.354
2460 15731.029
2461 12340.041
2462 15041.062
2463 8693.808
2464 6751.3254
2465 7262.5749
2466 7234.1844
2467 8429.5404
2468 7154.6317
2469 15823.222
2470 15502.803
2471 9011.545
2472 136568.69
2473 474707.62
2474 512454.84
2475 16146.458
2476 13363.652
2477 11843.612
2478 10109.1
2479 7901.6654
2480 5274.1647
2481 8389.9293
2482 11179.852
2483 3362.5324
2484 6383.9311
2485 8495.6653
2486 6211.563
2487 7121.5304
2488 3926.192
2489 19714.212
2490 13554.885
2491 14689.207
2492 10287.994
2493 11330.864
2494 9500.3499
2495 3013.5349
2496 2685.2247
2497 3903.4254
2498 4805.2557
2499 5843.9921
2500 18591.629
2501 27476.747
2502 42886.436
2503 94366.229
2504 61774.697
2505 50371.868
2506 467545.28
2507 462572.58
2508 109061.81
2509 139025.15
2510 469044.96
2511 873307.53
2512 264046.74
2513 47958.139
2514 53624.005
2515 134005.89
2516 654406.1
2517 861945.29
2518 92655.943
2519 237165.36
2520 329770.67
2521 40498.988
2522 91473.845
2523 9906.7445
2524 14808.754
2525 18746.562
2526 190014.07
2527 101335.3
2528 62167.56
2529 52869.365
2530 165883.51
2531 698931.7
2532 448715.73
2533 140671.72
2534 137177.5
2535 0
2536 145074.32
2537 145074.32
2538 924697.03
2539 940046.28
2540 549613.54
2541 785987.49
2542 370513.41
2543 520013.5
2544 507558.41
2545 1781648.2
2546 1687302.6
2547 511757.98
2548 1073252.6
2549 1008674.3
2550 102881.53
2551 15118.445
2552 7364.5376
2553 19727.727
2554 25729.406
2555 7006.8238
2556 13541.576
2557 20444.043
2558 15731.926
2559 16148.664
2560 35135.043
2561 19594.179
2562 13574.528
2563 7175.6112
2564 8091.1689
2565 110216.56
2566 106174.06
2567 7939.737
2568 4761.1322
2569 4854.5081
2570 12171.602
2571 8813.7643
2572 7288.3928
2573 7283.6198
2574 11872.444
2575 20540.032
2576 12182.345
2577 12870.481
2578 11250.312
2579 9810.6042
2580 209242.39
2581 205323.56
2582 25544.098
2583 6813.5495
2584 4475.2897
2585 7622.0508
2586 8451.1265
2587 6332.2431
2588 7091.1184
2589 10399.327
2590 9757.5177
2591 11107.858
2592 11683.433
2593 20039.808
2594 25699.838
2595 22467.238
2596 12614.132
2597 11019.208
2598 11626.66
2599 6999.1103
2600 10402.338
2601 10735.958
2602 7453.7923
2603 4993.8862
2604 4459.7542
2605 6128.3459
2606 9730.5965
2607 12444.53
2608 13471.579
2609 18329.283
2610 20441.167
2611 13999.925
2612 16567.518
2613 61700.28
2614 53075.489
2615 5519.7535
2616 11548.39
2617 10257.38
2618 16018.321
2619 16503.59
2620 4090.6224
2621 10720.495
2622 6956.2959
2623 14058.684
2624 16905.849
2625 15319.14
2626 5552.138
2627 20066.419
2628 22716.147
2629 18478.16
2630 15889.884
2631 17336.654
2632 13254.092
2633 7090.3937
2634 11890.951
2635 12734.933
2636 10204.613
2637 20766.885
2638 326975.76
2639 756523.24
2640 723018.09
2641 262276.09
2642 99734.052
2643 394445.99
2644 555369.75
2645 134580.78
2646 34847.098
2647 18618.825
2648 571329.59
2649 501961.91
2650 55998.109
2651 10021.72
2652 14075.557
2653 40814.873
2654 164046.13
2655 189006.05
2656 201799.86
2657 114558.13
2658 94089.586
2659 8336.4574
2660 8794.6606
2661 41036.247
2662 68764.295
2663 58149.947
2664 51184.899
2665 880272.26
2666 1833998.5
2667 1585545.3
2668 121962.14
2669 142841.91
2670 135700.6
2671 20348.687
2672 2856.411
2673 46184.194
2674 41094.231
2675 31910.35
2676 29891.769
2677 9968.5065
2678 4409.626
2679 4164.988
2680 8421.106
2681 10489.01
2682 7560.5034
2683 6324.8965
2684 6060.4859
2685 8234.8148
2686 16560.744
2687 17193.245
2688 25614.434
2689 391187.59
2690 1040190.9
2691 1913412.9
2692 1861437.3
2693 20676.841
2694 7452.8402
2695 6094.1114
2696 3637.8569
2697 5171.8607
2698 5249.6727
2699 8128.2514
2700 5970.7611
2701 6053.4001
2702 6369.9407
2703 10268.399
2704 8626.384
2705 13916.96
2706 21690.061
2707 22070.012
2708 18391.331
2709 8759.3906
2710 163111.05
2711 200405.44
2712 68654.127
2713 17049.021
2714 6835.2097
2715 5357.7323
2716 15853.627
2717 12264.754
2718 12651.793
2719 9030.7192
2720 9647.3569
2721 8354.8202
2722 4330.4717
2723 4008.5172
2724 3834.1434
2725 10223.643
2726 23304.792
2727 16204.061
2728 14090.444
2729 6874.753
2730 10788.195
2731 52147.561
2732 1291798.9
2733 1536532.2
2734 458419.17
2735 185681.19
2736 84763.299
2737 19637.19
2738 44671.378
2739 49190.37
2740 44851.188
2741 26257.344
2742 25078.001
2743 17099.814
2744 10529.505
2745 8972.9335
2746 11117.749
2747 9271.9855
2748 7097.146
2749 19299.713
2750 17886.025
2751 5906.7884
2752 8863.8348
2753 9782.5139
2754 9418.457
2755 9616.9062
2756 8022.945
2757 11666.873
2758 11099.497
2759 13685.135
2760 18549.99
2761 5543.5763
2762 4081.903
2763 5658.9037
2764 9995.8732
2765 9340.3716
2766 8044.7683
2767 9679.2306
2768 10404.157
2769 6059.7566
2770 5766.488
2771 10806.171
2772 7673.0989
2773 6563.2171
2774 8619.8844
2775 10881.819
2776 4818.0386
2777 4074.4698
2778 7604.8462
2779 11489.133
2780 7019.5083
2781 9913.5649
2782 11422.078
2783 7199.8974
2784 10885.643
2785 7407.7172
2786 6612.7613
2787 14541.264
2788 10156.26
2789 13126.905
2790 14824.64
2791 13190.602
2792 7939.1144
2793 5079.3734
2794 3719.8844
2795 12289.991
2796 11031.472
2797 8898.5207
2798 7149.7673
2799 8093.2309
2800 7184.8867
2801 6692.1341
2802 9726.8166
2803 10713.828
2804 9878.2925
2805 8208.0538
2806 5893.5935
2807 10421.469
2808 12528.382
2809 12107.953
2810 12940.624
2811 11318.265
2812 5662.0619
2813 5336.0437
2814 3847.9139
2815 6070.3946
2816 8428.3802
2817 2399.4933
2818 4472.4087
2819 7210.2532
2820 8302.7619
2821 7908.5065
2822 5465.7039
2823 7179.2868
2824 11260.1
2825 12986.383
2826 20543.122
2827 16532.727
2828 10973.565
2829 7718.2383
2830 6032.143
2831 8518.3136
2832 7472.2826
2833 9907.5712
2834 12774.981
2835 12170.632
2836 6189.1772
2837 12206.686
2838 12077.18
2839 3192.0071
2840 5381.0603
2841 6283.6542
2842 7332.89
2843 11310.015
2844 8806.3592
2845 9353.128
2846 819788.86
2847 864949.51
2848 582760.45
2849 537981.98
2850 344309.2
2851 358462.66
2852 106130.18
2853 94142.233
2854 59415.004
2855 91465.846
2856 88478.246
2857 29588.947
2858 84300.521
2859 105702.38
2860 160148.56
2861 225057.91
2862 485298.2
2863 434929.05
2864 896708.95
2865 741185.37
2866 793156.6
2867 246865.13
2868 461630.44
2869 469284.35
2870 77793.301
2871 185473.13
2872 412788.87
2873 1100214.7
2874 2385903.2
2875 3133523.9
2876 1288665.1
2877 65282.959
2878 20783.1
2879 40736.344
2880 46497.11
2881 56888.415
2882 52405.478
2883 53227.573
2884 74283.201
2885 55579.634
2886 50583.967
2887 151632.23
2888 131112.28
2889 111471.01
2890 85285.395
2891 492703.27
2892 413406.76
2893 116550.68
2894 101464.45
2895 101516.16
2896 1272.1764
2897 1421.565
2898 8763.2953
2899 13101.192
2900 11178.154
2901 12074.616
2902 10688.347
2903 7995.6808
2904 8369.0739
2905 14246.909
2906 22953.88
2907 26372.214
2908 24783.553
2909 16358.452
2910 17437.408
2911 200939.16
2912 1279934.4
2913 989253.58
2914 85764.184
2915 585100.42
2916 776879.11
2917 446740.87
2918 139331.62
2919 226530.87
2920 318032.84
2921 615479.25
2922 860861.83
2923 937293.19
2924 669208.82
2925 967556.02
2926 881074.03
2927 91610.061
2928 16014.357
2929 3883.3161
2930 134389.87
2931 141247.09
2932 222.82411
2933 6481.5565
2934 9631.0437
2935 16707.366
2936 29953.084
2937 24874.656
2938 15646.704
2939 17202.538
2940 11567.798
2941 15712.444
2942 11634.659
2943 42422.041
2944 25537.606
2945 109651.59
2946 175018.49
2947 245718.09
2948 122537.28
2949 0
2950 3783.1533
2951 64269.558
2952 99161.722
2953 120534.27
2954 77707.386
2955 74827.63
2956 80576.895
2957 6671.1629
2958 2830.8347
2959 2233.3528
2960 4364.1875
2961 13991.066
2962 5956.6253
2963 14915.366
2964 20573.512
2965 12499.348
2966 20476.447
2967 15962.624
2968 13170.727
2969 16320.193
2970 29711.706
2971 24435.657
2972 14629.631
2973 6942.1978
2974 11885.093
2975 7904.9864
2976 7908.2703
2977 13026.055
2978 12918.233
2979 5996.8513
2980 15876.882
2981 18774.28
2982 15252.697
2983 10687.625
2984 9720.5428
2985 11025.62
2986 10216.915
2987 10847.524
2988 9303.8615
2989 10876.366
2990 12179.062
2991 9489.4581
2992 9760.8091
2993 9886.7371
2994 14806.799
2995 16306.673
2996 11820.033
2997 6201.2771
2998 6937.5687
2999 12035.968
3000 12601.033
3001 13779.39
3002 9202.7397
3003 7622.9049
3004 11469.149
3005 11038.211
3006 9693.4388
3007 11229.999
3008 11645.282
3009 8655.3949
3010 8503.777
3011 5200.1298
3012 6926.6558
3013 6144.9691
3014 7443.3915
3015 9898.3163
3016 9510.972
3017 10610.131
3018 10157.591
3019 5296.3964
3020 11192.246
3021 13684.737
3022 11957.67
3023 14094.251
3024 19345.172
3025 12944.578
3026 12011.663
3027 11456.411
3028 8685.0007
3029 21791.879
3030 23291.531
3031 16787.854
3032 81849.633
3033 40865.452
3034 113062.44
3035 137647.95
3036 0
3037 255555.88
3038 255555.88
3039 63297.215
3040 397336.11
3041 293129
3042 325191.21
3043 401790.93
3044 126348.94
3045 130361.38
3046 0
3047 9762.4167
3048 14656.512
3049 20110.42
3050 9454.2952
3051 5795.6923
3052 7383.8735
3053 5586.497
3054 7685.8702
3055 16129.083
3056 9122.9235
3057 12307.158
3058 5052.1619
3059 18847.188
3060 22274.49
3061 14315.995
3062 20310.443
3063 20804.151
3064 23120.815
3065 17315.637
3066 18860.166
3067 8440.5844
3068 6167.4134
3069 6376.1573
3070 136472.42
3071 645939.26
3072 535899.58
3073 54946.703
3074 21209.573
3075 14297.55
3076 10129.751
3077 8441.9091
3078 6133.5214
3079 3340.1658
3080 4244.2851
3081 5701.5766
3082 3490.1375
3083 3141.8003
3084 14344.295
3085 12926.011
3086 7174.679
3087 9425.8373
3088 15067.918
3089 8643.0936
3090 3378.4138
3091 9354.9822
3092 8564.2092
3093 10817.061
3094 6332.405
3095 3421.4486
3096 5742.1364
3097 9661.3686
3098 6934.2075
3099 9700.8775
3100 12850.636
3101 6192.6711
3102 18817.48
3103 139031.77
3104 178034
3105 152405.44
3106 414423.18
3107 333071.5
3108 126472.99
3109 244562.17
3110 137748.44
3111 73501.91
3112 54507.768
3113 268158.59
3114 189095.54
3115 354078.3
3116 241873.89
3117 132183.48
3118 381759.66
3119 328072.93
3120 78179.55
3121 39127.352
3122 28919.983
3123 5262.7925
3124 7286.5947
3125 14746.855
3126 13009.834
3127 6154.9936
3128 6722.9482
3129 6614.0636
3130 8406.9656
3131 8528.2704
3132 143208.68
3133 532295.62
3134 475577.62
3135 147684.79
3136 603808.93
3137 598481.6
3138 158464.83
3139 217562.24
3140 1111661.9
3141 1516392.2
3142 451140.48
3143 425831.74
3144 328687.07
3145 103348.54
3146 83079.545
3147 19647.414
3148 20266.288
3149 14649.785
3150 15470.573
3151 11034.201
3152 11995.346
3153 13877.324
3154 5510.1026
3155 9039.6998
3156 17947.542
3157 30109.916
3158 16332.697
3159 160188.85
3160 156523.04
3161 59367.162
3162 24064.956
3163 8199.6549
3164 21521.645
3165 14152.48
3166 8181.6887
3167 13391.452
3168 24385.212
3169 21641.104
3170 9912.6038
3171 9744.032
3172 14449.532
3173 315438.31
3174 599112.7
3175 168607.65
3176 61516.187
3177 12734.405
3178 17836.829
3179 236118.13
3180 547933.37
3181 411152.03
3182 34589.3
3183 7386.7524
3184 10607.759
3185 9877.6717
3186 14277.895
3187 26367.171
3188 13756.257
3189 15255.197
3190 14930.586
3191 14610.857
3192 10299.973
3193 9857.7066
3194 13817.327
3195 39887.47
3196 36714.731
3197 178035.12
3198 180533.08
3199 180047.13
3200 167083.45
3201 70754.081
3202 18921.023
3203 14977.316
3204 9119.3455
3205 10495.872
3206 16504.484
3207 10751.234
3208 20615.415
3209 80441.208
3210 65666.848
3211 12222.665
3212 415021.75
3213 1092635.6
3214 511182.82
3215 104802.51
3216 124362.21
3217 1385.3888
3218 456.64017
3219 13462.737
3220 8937.6419
3221 84179.368
3222 528725.31
3223 494474.86
3224 102169.95
3225 0
3226 74891.105
3227 129902.72
3228 14775.554
3229 1990.9413
3230 15833.033
3231 26415.606
3232 130779.5
3233 121092.38
3234 47657.371
3235 89336.915
3236 33168.327
3237 30640.647
3238 23071.345
3239 18336.532
3240 12519.835
3241 20267.131
3242 37008.97
3243 40553.802
3244 29846.499
3245 15261.187
3246 18789.09
3247 12791.199
3248 14544.308
3249 13929.588
3250 9149.3569
3251 20378.544
3252 27047.169
3253 12168.779
3254 16410.337
3255 15082.274
3256 19842.572
3257 24688.657
3258 22326.588
3259 12017.783
3260 13971.169
3261 14396.58
3262 22906.893
3263 13912.347
3264 11150.864
3265 14052.167
3266 16955.88
3267 11873.982
3268 3500.0247
3269 9634.1214
3270 10923.054
3271 7491.6798
3272 12385.119
3273 11801.074
3274 8400.4878
3275 11360.802
3276 18274.425
3277 19513.555
3278 18891.561
3279 293352.43
3280 922403.18
3281 737440.17
3282 120830.24
3283 27924.42
3284 0
3285 799.16338
3286 3236.4105
3287 1845.56
3288 11409.783
3289 22965.389
3290 16959.353
3291 14828.858
3292 21855.296
3293 14417.235
3294 7266.4946
3295 12667.413
3296 8396.2917
3297 14349.175
3298 12532.909
3299 12646.047
3300 14560.856
3301 10741.611
3302 16363.23
3303 18323.277
3304 14355.147
3305 12026.843
3306 150792.86
3307 220219.86
3308 97099.753
3309 6171.4668
3310 8217.8603
3311 12547.052
3312 12214.456
3313 7670.5074
3314 71380.914
3315 64939.047
3316 142645.06
3317 119934.53
3318 19.130524
3319 3718.5546
3320 11672.319
3321 245499.55
3322 257882
3323 11739.264
3324 129559.77
3325 138283.6
3326 266011.95
3327 15653.419
3328 125784.18
3329 12711.115
3330 187656.83
3331 269876.05
3332 392636.76
3333 125547.2
3334 143278.79
3335 127777.89
3336 167500.46
3337 254052.9
3338 263815
3339 139343.58
3340 624126.99
3341 834470.39
3342 45570.676
3343 145414.81
3344 32721.624
3345 4622.2227
3346 13911.689
3347 25215.806
3348 475337.24
3349 425162.89
3350 3115.6743
3351 24202.422
3352 173637.23
3353 121403.16
3354 78695.428
3355 310810.42
3356 379125.06
3357 391976.66
3358 845208.82
3359 120715.65
3360 105340.29
3361 1074298.2
3362 2683952.8
3363 1616572.3
3364 68511.929
3365 5693.4066
3366 12554.709
3367 39471.45
3368 51274.492
3369 11716.58
3370 8270.4837
3371 200468.83
3372 180251.34
3373 7184.7718
3374 622098.35
3375 1023015.6
3376 397127.84
3377 568955.15
3378 642328.58
3379 171309.59
3380 495955.28
3381 387988.7
3382 130109.79
3383 198195.97
3384 167967.76
3385 98666.85
3386 82050.078
3387 106461.48
3388 34953.566
3389 94146.979
3390 114296.12
3391 5085.917
3392 3396.4013
3393 16162.669
3394 23211.111
3395 10045.727
3396 21311.171
3397 18398.841
3398 9758.0865
3399 7836.4056
3400 11440.955
3401 16903.919
3402 10725.914
3403 9866.1797
3404 17269.061
3405 19242.226
3406 21293.738
3407 12356.022
3408 17030.652
3409 19775.156
3410 6577.0709
3411 13835.377
3412 18527.807
3413 15492.092
3414 6042.0028
3415 9125.7853
3416 13570.314
3417 10303.029
3418 10972.409
3419 8378.0494
3420 13166.37
3421 14632.209
3422 10747.52
3423 12396.756
3424 8443.7266
3425 13350.645
3426 15307.802
3427 12968.09
3428 10156.229
3429 10573.527
3430 10715.776
3431 5848.1541
3432 10801.896
3433 13224.947
3434 15519.084
3435 18787.674
3436 20345.949
3437 18523.539
3438 21045.932
3439 19975.327
3440 13136.656
3441 15595.119
3442 17599.138
3443 15281.47
3444 20384.491
3445 17864.669
3446 13955.639
3447 18213.586
3448 14716.161
3449 6503.8954
3450 7991.5246
3451 13896.324
3452 14285.041
3453 9675.4682
3454 15738.836
3455 23265.729
3456 18582.58
3457 13804.408
3458 12377.611
3459 4929.5351
3460 15301.478
3461 18799.231
3462 14379.602
3463 15406.573
3464 9290.7603
3465 7766.9331
3466 9712.5933
3467 11426.543
3468 44650.025
3469 43577.991
3470 8812.7585
3471 5180.1663
3472 13970.158
3473 15258.023
3474 18397.391
3475 14734.226
3476 9504.0952
3477 14091.055
3478 12885.198
3479 14663.419
3480 23528.159
3481 21610.478
3482 19775.844
3483 47404.149
3484 319543.56
3485 889226.45
3486 617509.18
3487 6123.0099
3488 77514.804
3489 61066.733
3490 10248.992
3491 11031.199
3492 41949.264
3493 41190.256
3494 39282.816
3495 115032.33
3496 150263.11
3497 382431.66
3498 242797.11
3499 126410.61
3500 126410.61
3501 39058.856
3502 134609.96
3503 50908.937
3504 3666.8299
3505 10872.071
3506 14736.04
3507 18291.911
3508 15990.231
3509 11375.487
3510 19987.913
3511 26118.02
3512 15585.442
3513 18414.454
3514 16748.246
3515 23877.03
3516 18983.705
3517 17720.293
3518 14008.837
3519 10973.793
3520 15317.376
3521 19142.765
3522 18993.045
3523 20397.919
3524 14417.802
3525 8451.0215
3526 15543.137
3527 13752.089
3528 13773.717
3529 19092.752
3530 17579.085
3531 33831.955
3532 34127.518
3533 27755.149
3534 21172.337
3535 11823.201
3536 15135.754
3537 17986.526
3538 11754.955
3539 20459.371
3540 21035.192
3541 17655.612
3542 19636.321
3543 19625.356
3544 12672.381
3545 18106.219
3546 15297.645
3547 14373.969
3548 14430.868
3549 18380.048
3550 19046.96
3551 23661.368
3552 22051.838
3553 20761.674
3554 27347.602
3555 15312.861
3556 69310.298
3557 91104.508
3558 51192.99
3559 88042.135
3560 68238.014
3561 54337.427
3562 21485.813
3563 60601.821
3564 157244.9
3565 213120.18
3566 126874.19
3567 0
3568 136.04681
3569 216757.87
3570 914215.99
3571 971043.77
3572 33380.246
3573 155618.26
3574 176933.41
3575 810507.4
3576 790976.62
3577 135338.24
3578 0
3579 23.194875
3580 5562.1006
3581 124500.34
3582 80345.609
3583 4772.9153
3584 5282.704
3585 5741.9301
3586 23211.45
3587 163906.67
3588 997334.3
3589 691915.18
3590 123967.92
3591 0
3592 258.15201
3593 2031.6604
3594 23821.996
3595 31041
3596 12045.243
3597 8382.9661
3598 9290.6784
3599 9030.996
3600 26745.456
3601 196171.22
3602 273571.41
3603 2762.2213
3604 69264.495
3605 43791.226
3606 232.71597
3607 667.4639
3608 721.84908
3609 493.05157
3610 279.45572
3611 141.67953
3612 83.410351
3613 41435.281
3614 46458.958
3615 0
3616 770.98828
3617 3049.0487
3618 2375.9061
3619 1600.1982
3620 1055.6233
3621 753.10698
3622 523.75609
3623 311.63567
3624 230.40982
3625 114.1831
3626 1413.7485
3627 9911.7213
3628 16042.263
3629 7236.0881
3630 5252.529
3631 3863.3786
3632 5363.3349
3633 3076.8775
3634 3781.8573
3635 4662.5267
3636 10360.84
3637 6306.896
3638 5499.664
3639 9314.0639
3640 6736.7136
3641 6542.2657
3642 4687.4748
3643 4649.5255
3644 4164.414
3645 4737.4208
3646 8480.0816
3647 7273.8516
3648 6274.8773
3649 116862.79
3650 124084.27
3651 122896.11
3652 97319.055
3653 74708.77
3654 42912.697
3655 4704.4093
3656 18887.839
3657 21051.334
3658 7341.1088
3659 33809.134
3660 45624.902
3661 17234.726
3662 12850.699
3663 23401.309
3664 12123.121
3665 47858.12
3666 64870.62
3667 85510.884
3668 246215.62
3669 193194.28
3670 22776.733
3671 70043.942
3672 11795.001
3673 508.48332
3674 653.44993
3675 668.53047
3676 530.19376
3677 329.50399
3678 172.01638
3679 61.566717
3680 34578.003
3681 41798.645
3682 0
3683 145.06965
3684 1761.0754
3685 2955.4209
3686 2026.536
3687 1278.9153
3688 876.62335
3689 642629.22
3690 1069070.8
3691 787176.61
3692 893586.46
3693 332123.68
3694 530462.92
3695 1498707
3696 746381.22
3697 722101.23
3698 478814.1
3699 22306.315
3700 102757.1
3701 127354.72
3702 1406.6041
3703 5975.7206
3704 20194.071
3705 11835.597
3706 83049.978
3707 137156.89
3708 48754.16
3709 43440.468
3710 26125.509
3711 33417.047
3712 34898.323
3713 104475.34
3714 187618.13
3715 202025.92
3716 142368.24
3717 166169.16
3718 252655.63
3719 252655.63
3720 7425.5194
3721 117549.49
3722 128296.35
3723 7392.1482
3724 6362.6504
3725 59430.439
3726 51568.526
3727 37534.458
3728 33561.77
3729 17726.722
3730 24492.56
3731 64596.206
3732 10538.701
3733 129028.56
3734 30280.09
3735 15725.765
3736 194431.68
3737 558436.88
3738 486850.83
3739 123590.42
3740 0
3741 674.8768
3742 19990.903
3743 29439.938
3744 7588.4604
3745 6758.9258
3746 16307.035
3747 598459.17
3748 532084.96
3749 196012.08
3750 118021.84
3751 123507.64
3752 1628.5944
3753 383.16343
3754 3199.9597
3755 14638.03
3756 17844.091
3757 23772.737
3758 51325.784
3759 44424.419
3760 71400.333
3761 39599.829
3762 11737.109
3763 12892.336
3764 30247.254
3765 21222.938
3766 9944.7382
3767 7666.1243
3768 9831.6382
3769 9152.1626
3770 5337.6675
3771 7025.3344
3772 14218.809
3773 16900.238
3774 26622.994
3775 75572.95
3776 69412.196
3777 14486.884
3778 16367.106
3779 15105.304
3780 9230.8759
3781 19665.338
3782 14406.851
3783 16795.604
3784 34042.645
3785 19493.979
3786 13203.099
3787 10438.159
3788 24970.755
3789 31169.5
3790 12016.207
3791 9837.8083
3792 17660.082
3793 19321.154
3794 6057.4518
3795 10154.253
3796 21284.945
3797 15810.962
3798 16250.984
3799 14639.976
3800 16910.919
3801 12595.355
3802 57271.659
3803 98667.712
3804 97313.401
3805 139662.4
3806 17733.266
3807 140817.36
3808 172606.1
3809 52201.696
3810 55423.615
3811 49727.709
3812 69071.412
3813 122900.93
3814 97800.219
3815 46433.473
3816 1649602.7
3817 2314184.1
3818 911693.51
3819 1837466.8
3820 1272443
3821 424201.51
3822 424095.89
3823 121996.17
3824 12607.917
3825 5727.4909
3826 80071.33
3827 114036.85
3828 1668.8647
3829 2255.4294
3830 2040.1515
3831 10872.085
3832 16037.479
3833 10613.346
3834 5712.9043
3835 55250.057
3836 45009.397
3837 119746.87
3838 98769.908
3839 545250.25
3840 633677.56
3841 175588.84
3842 3633.0416
3843 33796.157
3844 104823.77
3845 50206.461
3846 1071.0206
3847 256993.42
3848 176155.86
3849 124024.66
3850 117023.36
3851 211971.69
3852 211971.69
3853 9838.2998
3854 121467.25
3855 310344.34
3856 399362.86
3857 118045.15
3858 25.92
3859 842680.73
3860 1616323
3861 1867043.1
3862 1296070.2
3863 297660.14
3864 74279.979
3865 504500.7
3866 827806.4
3867 433852.45
3868 249624.32
3869 10294.532
3870 9638.3068
3871 241852.17
3872 157765.06
3873 59272.621
3874 8881.2453
3875 11130.385
3876 10228.385
3877 62661.831
3878 36734.765
3879 172962.41
3880 375585.29
3881 307475.53
3882 129060.23
3883 53687.883
3884 8875.8103
3885 10310.095
3886 203540.98
3887 351849.78
3888 99303.08
3889 37650.174
3890 7386.4307
3891 10117.028
3892 21021.561
3893 15245.19
3894 6282.8624
3895 9190.8438
3896 9023.1096
3897 7434.4498
3898 6301.8827
3899 52367.972
3900 247723.77
3901 623895.98
3902 719756.71
3903 267558.15
3904 161949
3905 142076.63
3906 25165.936
3907 128098.11
3908 454873.12
3909 117272.28
3910 182400.51
3911 327807.16
3912 520331.64
3913 722945.03
3914 365049.52
3915 50775.045
3916 12376.306
3917 14266.506
3918 100100.17
3919 103289.3
3920 80465.142
3921 18084.133
3922 580796.03
3923 499591.74
3924 127301.02
3925 117176.28
3926 485948.13
3927 297850.58
3928 134468.36
3929 43682.149
3930 135778.86
3931 32845.523
3932 49855.828
3933 99911.431
3934 296583.78
3935 406755.46
3936 126389.68
3937 94406.196
3938 634.1957
3939 6574.0527
3940 47687.977
3941 22506.545
3942 205465.83
3943 621129.03
3944 514025.59
3945 279190.4
3946 32512.149
3947 13516.763
3948 19898.548
3949 5857.4625
3950 33684.389
3951 179582.51
3952 170585.02
3953 186624.32
3954 107692.13
3955 106302.06
3956 19390.301
3957 29448.474
3958 23080.035
3959 117337.34
3960 88999.424
3961 5520.0939
3962 3337.6783
3963 23552.45
3964 12460.908
3965 11711.888
3966 55525.881
3967 69257.152
3968 188640.25
3969 120797.21
3970 129193.57
3971 0
3972 2243.1902
3973 20031.3
3974 29232.666
3975 10221.072
3976 11094.045
3977 5595.261
3978 3195.9121
3979 7976.7668
3980 95254.861
3981 80402.883
3982 126566.42
3983 93278.766
3984 30.4444
3985 2027.283
3986 5172.8363
3987 16454.074
3988 23619.292
3989 14310.39
3990 10839.256
3991 8498.5304
3992 10735.373
3993 6223.8034
3994 5286.2935
3995 7249.9458
3996 7844.3858
3997 8982.8268
3998 5497.4369
3999 7565.8918
4000 65690.95
4001 238787.79
4002 569171.85
4003 115909.26
4004 0
4005 210.03202
4006 2202.4985
4007 10697.328
4008 25539.913
4009 20588.308
4010 18312.082
4011 21507.797
4012 12394.726
4013 7961.9884
4014 9400.0203
4015 5663.3382
4016 6705.5123
4017 9865.6711
4018 5895.195
4019 8289.6272
4020 6712.1579
4021 12558.434
4022 10237.913
4023 7899.6687
4024 5902.6091
4025 8760.6094
4026 9440.4071
4027 7083.485
4028 9627.6329
4029 9022.8392
4030 6020.5838
4031 10735.211
4032 14450.286
4033 12866.572
4034 11411.257
4035 15016.587
4036 10756.647
4037 9691.4865
4038 6348.9552
4039 7811.8234
4040 8676.1121
4041 8197.2016
4042 7365.213
4043 6089.7963
4044 87171.931
4045 141692.81
4046 108789.53
4047 67448.511
4048 24631.117
4049 6910.7367
4050 6983.5707
4051 8140.6688
4052 4553.846
4053 10085.004
4054 14406.538
4055 8258.8722
4056 13794.448
4057 21725.802
4058 7466.1609
4059 7823.2576
4060 9747.5046
4061 15153.205
4062 3769.9948
4063 11332.818
4064 9606.9443
4065 7288.5825
4066 17223.234
4067 17036.564
4068 7902.0028
4069 5910.5417
4070 5550.9378
4071 5365.6067
4072 3644.8794
4073 2238.6212
4074 6354.9015
4075 400900.76
4076 596632.45
4077 470209.52
4078 30301.817
4079 7966.5708
4080 11016.88
4081 12068.83
4082 9810.1231
4083 5448.1046
4084 7447.3287
4085 16855.438
4086 15921.902
4087 12697.911
4088 8849.6959
4089 12173.785
4090 24641.558
4091 8549.2352
4092 4822.5606
4093 13167.295
4094 11670.307
4095 12442.906
4096 7518.0738
4097 8129.0136
4098 8114.6232
4099 4906.6245
4100 6615.5989
4101 6816.3974
4102 3906.2245
4103 2537.1782
4104 3786.2274
4105 9001.0336
4106 350491.97
4107 263215.61
4108 258905.54
4109 142366.57
4110 106950.91
4111 68088.077
4112 1174101.3
4113 1475316.8
4114 270548.94
4115 133502.31
4116 14756.29
4117 25070.968
4118 20162.255
4119 26641.107
4120 23563.006
4121 9901.3043
4122 7292.8584
4123 6502.1861
4124 5643.7554
4125 3012.5413
4126 4279.894
4127 6788.4135
4128 8514.7196
4129 5607.9901
4130 4380.4993
4131 5724.7921
4132 11412.437
4133 8438.6959
4134 4060.5589
4135 5606.7686
4136 1805.0695
4137 3887.5148
4138 6537.8598
4139 11553
4140 6138.584
4141 8607.99
4142 6749.2863
4143 3979.8501
4144 5001.6257
4145 5220.1851
4146 6737.1133
4147 4810.2153
4148 9041.134
4149 12699.605
4150 8143.1728
4151 5011.1491
4152 11971.515
4153 21180.933
4154 10743.863
4155 3287.2758
4156 5251.7193
4157 9271.4208
4158 9751.9905
4159 9013.2301
4160 7527.512
4161 9800.2559
4162 9953.2257
4163 7593.735
4164 2258.2092
4165 5361.0903
4166 99096.567
4167 184100.14
4168 231010.61
4169 65023.162
4170 12587.279
4171 86131.242
4172 78429.975
4173 8540.5084
4174 7284.1711
4175 9691.3872
4176 3858.1309
4177 10129.745
4178 10520.946
4179 5050.1857
4180 7374.9145
4181 12214.459
4182 11817.931
4183 10432.375
4184 14029.857
4185 9833.0542
4186 18055.579
4187 10543.492
4188 4613.2623
4189 5027.1284
4190 6992.6474
4191 14302.089
4192 13582.275
4193 6571.8276
4194 12905.391
4195 12088.564
4196 5404.3219
4197 3367.3379
4198 10230.278
4199 6102.4009
4200 3892.6344
4201 6437.4526
4202 7298.8752
4203 3484.2675
4204 4618.7846
4205 6006.4651
4206 5358.0093
4207 4959.0135
4208 5746.7638
4209 8862.1513
4210 11894.676
4211 11796.767
4212 7949.5247
4213 4022.4371
4214 7582.4934
4215 11245.111
4216 9098.7134
4217 6646.0517
4218 11866.989
4219 5040.2087
4220 5747.2621
4221 6552.497
4222 6890.4172
4223 5433.2131
4224 2388.5777
4225 5902.3037
4226 9205.7388
4227 13045.603
4228 12883.673
4229 162543.19
4230 429423.43
4231 900878.04
4232 945609.01
4233 435417.95
4234 119454.02
4235 97760.328
4236 15807.671
4237 2726.7631
4238 3265.9672
4239 6018.3025
4240 24567.999
4241 33684.027
4242 45726.857
4243 124608.16
4244 120076.92
4245 120182.07
4246 10281.761
4247 8329.8063
4248 26649.816
4249 23852.325
4250 13055.187
4251 14981.928
4252 6296.2067
4253 15630.964
4254 8712.5605
4255 8151.6641
4256 13671.465
4257 16104.478
4258 12442.314
4259 13177.598
4260 8899.9169
4261 4766.4769
4262 7119.0562
4263 5313.6835
4264 9845.2477
4265 368736.18
4266 353043.57
4267 68268.149
4268 13492.045
4269 6017.059
4270 11468.129
4271 6838.9981
4272 6050.4271
4273 9972.8539
4274 16548.251
4275 9535.6156
4276 278273.35
4277 192606.08
4278 388767.78
4279 601187.05
4280 392062.24
4281 361943.6
4282 224308.37
4283 232702.51
4284 125166.89
4285 37484.136
4286 29475.579
4287 9658.1009
4288 10907.553
4289 15481.961
4290 22481.383
4291 91286.27
4292 131606.79
4293 698350.26
4294 973115.2
4295 290667.84
4296 25575.976
4297 85436.921
4298 50413.834
4299 28096.031
4300 94388.72
4301 11103.555
4302 8159.2778
4303 8951.6348
4304 14206.671
4305 9814.2386
4306 9714.7157
4307 14328.976
4308 10458.846
4309 11260.356
4310 7580.3294
4311 7518.5614
4312 10624.678
4313 11173.898
4314 6892.7257
4315 3861.2241
4316 8311.7665
4317 4150.4825
4318 10245.617
4319 4524.3148
4320 3498.82
4321 2429.2411
4322 4709.2877
4323 3446.3582
4324 3863.8597
4325 6209.0802
4326 14292.957
4327 170464.02
4328 154246.48
4329 70323.744
4330 133564.4
4331 7017.7686
4332 1671.3729
4333 8589.6399
4334 25324.213
4335 14062.784
4336 8120.5406
4337 117557.03
4338 132909.35
4339 8511.8973
4340 9936.4027
4341 8240.6065
4342 4789.191
4343 8985.9331
4344 9594.8495
4345 17093.231
4346 8867.2666
4347 8987.4655
4348 16760.099
4349 14205.888
4350 6250.8346
4351 2579.701
4352 4713.2395
4353 6560.1081
4354 5610.5517
4355 5697.6173
4356 5797.53
4357 9093.4291
4358 6152.5292
4359 5105.5927
4360 4635.4061
4361 5744.5582
4362 8792.8403
4363 8237.8688
4364 4921.2355
4365 3399.5851
4366 9202.5563
4367 9814.5782
4368 6585.7323
4369 4653.9846
4370 9199.1731
4371 5601.555
4372 5976.2238
4373 7617.8594
4374 6882.0218
4375 9597.4791
4376 7535.2485
4377 10548.694
4378 10602.198
4379 7991.4535
4380 8543.7983
4381 5602.491
4382 5882.3643
4383 4749.4799
4384 3858.7497
4385 6828.604
4386 6337.541
4387 3339.7455
4388 6212.1025
4389 6281.5891
4390 7420.8821
4391 7111.2965
4392 4810.983
4393 2600.5375
4394 3756.5234
4395 4008.4157
4396 5277.1626
4397 7306.4593
4398 6230.4724
4399 8543.7652
4400 7161.7389
4401 7732.3687
4402 4710.6827
4403 4445.7326
4404 7478.2418
4405 8930.5709
4406 13267.907
4407 12994.965
4408 13639.37
4409 6181.2257
4410 3881.2124
4411 4600.332
4412 6162.6082
4413 4726.7796
4414 4038.826
4415 7676.1543
4416 9341.3462
4417 5571.7472
4418 6763.1172
4419 8348.5391
4420 11016.923
4421 8367.7636
4422 6859.6995
4423 8498.6722
4424 6649.1194
4425 7055.1048
4426 10413.152
4427 13217.719
4428 8085.3714
4429 12431.624
4430 12003.843
4431 5214.3306
4432 14179.929
4433 15339.539
4434 12071.526
4435 7528.5974
4436 4091.4083
4437 7221.6789
4438 8773.9312
4439 20588.68
4440 15861.364
4441 9216.0363
4442 9727.6102
4443 6484.0669
4444 6407.8797
4445 4120.4979
4446 9290.7625
4447 17374.709
4448 7317.9293
4449 5391.865
4450 5827.4971
4451 12059.233
4452 12156.426
4453 10524.815
4454 8060.9102
4455 5057.0757
4456 11146.178
4457 9024.3125
4458 12298.552
4459 9070.2312
4460 6250.5717
4461 6708.4393
4462 8863.2715
4463 13052.281
4464 7303.1039
4465 9366.638
4466 8466.0481
4467 8780.7183
4468 6878.8463
4469 6790.0879
4470 7781.3862
4471 7382.4265
4472 4871.9919
4473 8034.6109
4474 6341.8346
4475 5822.5128
4476 4239.3652
4477 2944.1114
4478 4752.7354
4479 6707.6978
4480 6304.3913
4481 9430.1609
4482 13355.482
4483 10648.733
4484 10433.749
4485 9415.7641
4486 5737.9046
4487 10654.392
4488 8743.7767
4489 12529.092
4490 9464.2355
4491 7432.567
4492 9778.6247
4493 8457.4175
4494 7042.2114
4495 5468.0498
4496 11228.313
4497 12075.202
4498 8308.6241
4499 7538.6844
4500 9376.6551
4501 7961.4833
4502 10495.338
4503 6092.5236
4504 4929.7506
4505 3010.9788
4506 5945.8562
4507 6033.3624
4508 6153.0689
4509 6823.8751
4510 5666.201
4511 14404.856
4512 14065.877
4513 11352.206
4514 6844.3904
4515 5777.9729
4516 5797.9993
4517 6933.375
4518 5757.4231
4519 3852.3038
4520 6116.023
4521 5161.6476
4522 6633.2271
4523 4718.842
4524 4259.9863
4525 5796.3765
4526 7123.5032
4527 7550.4502
4528 8106.1044
4529 5856.7908
4530 3527.2199
4531 5711.6371
4532 6688.5958
4533 4188.6099
4534 8807.4984
4535 8510.7667
4536 4998.2638
4537 10410.85
4538 12858.35
4539 10545.747
4540 9449.5773
4541 5456.5485
4542 4473.8536
4543 4532.9606
4544 6257.0447
4545 13759.7
4546 8579.2293
4547 2606.3808
4548 10141.853
4549 11006.157
4550 4465.7439
4551 7794.2201
4552 4662.3555
4553 5171.4328
4554 6018.6943
4555 5275.6709
4556 3296.2174
4557 1643.8531
4558 5356.8347
4559 6382.8527
4560 3719.0735
4561 5342.1271
4562 8272.9431
4563 4507.6396
4564 6806.1133
4565 5452.1482
4566 2473.4351
4567 3976.8755
4568 7599.5443
4569 8977.0628
4570 8616.1478
4571 6851.138
4572 4819.3096
4573 5574.4692
4574 6240.4025
4575 14013.156
4576 15057.329
4577 10767.726
4578 5252.4558
4579 5516.8299
4580 4885.8715
4581 4722.7645
4582 7008.6281
4583 4498.223
4584 2249.4926
4585 4197.2094
4586 4792.6883
4587 3332.0791
4588 5529.8819
4589 4458.9303
4590 5456.8999
4591 8110.9147
4592 7667.6691
4593 6530.7921
4594 7725.0073
4595 5401.3526
4596 5546.6904
4597 8921.2644
4598 10903.049
4599 4156.6395
4600 9594.0797
4601 15171.762
4602 5945.9452
4603 6716.0574
4604 6922.3774
4605 7780.7119
4606 218427.21
4607 259392.7
4608 30013.757
4609 101853.34
4610 73291.639
4611 18053.914
4612 41472.004
4613 15264.146
4614 5001.8766
4615 8498.5963
4616 5820.6064
4617 10804.757
4618 10804.866
4619 180984.13
4620 562369.23
4621 380442.72
4622 78279.675
4623 153164.15
4624 53503.996
4625 19922.762
4626 23067.283
4627 10788.131
4628 18494.73
4629 8103.8884
4630 5828.1922
4631 5180.8052
4632 3299.5916
4633 5520.0248
4634 5598.2984
4635 8399.7721
4636 8112.855
4637 35828.996
4638 28583.455
4639 14253.51
4640 226781.2
4641 215084.08
4642 25096.607
4643 7961.5751
4644 6521.3585
4645 12693.82
4646 14300.658
4647 25628.898
4648 27781.429
4649 10835.278
4650 14120.686
4651 13857.199
4652 13446.975
4653 19796.916
4654 19559.117
4655 9874.3079
4656 7142.7119
4657 3924.6813
4658 6317.0508
4659 19856.977
4660 24879.449
4661 13416.215
4662 11636.776
4663 3804.7479
4664 3741.1884
4665 5621.4937
4666 8087.0118
4667 7320.0097
4668 8217.5121
4669 6240.4245
4670 8962.2694
4671 10972.792
4672 9184.7674
4673 5771.7515
4674 6432.5586
4675 4093.3947
4676 3270.442
4677 4324.5979
4678 8426.8218
4679 10856.473
4680 8167.7898
4681 8403.1342
4682 11777.743
4683 13634.643
4684 7696.7097
4685 4381.5611
4686 5484.3358
4687 16009.722
4688 11977.627
4689 10818.782
4690 10757.931
4691 86469.639
4692 32539.271
4693 60169.532
4694 135395.58
4695 20786.231
4696 39642.512
4697 73475.859
4698 3050.2628
4699 952.6708
4700 738.78666
4701 479.6377
4702 294.45203
4703 251.67927
4704 290.4655
4705 188.81186
4706 50.680019
4707 184.76376
4708 61250.268
4709 56649.499
4710 0
4711 226.46081
4712 1954.849
4713 2748.008
4714 491127.42
4715 1207848.5
4716 953950.18
4717 131041.13
4718 5692.7893
4719 6742.3559
4720 1503.3648
4721 3527.1233
4722 5726.4525
4723 7132.6506
4724 4031.6683
4725 4403.8224
4726 5682.8762
4727 5700.925
4728 9851.5633
4729 156393.98
4730 236569.82
4731 206711.28
4732 130290.09
4733 137422.54
4734 69409.312
4735 80200.265
4736 3114.3032
4737 13962.633
4738 18411
4739 7435.7575
4740 3693.5337
4741 190719.54
4742 159475.86
4743 329045.99
4744 675647.4
4745 635453.87
4746 168431.32
4747 263940.01
4748 179413.21
4749 228796.5
4750 261336
4751 285281.08
4752 352513.31
4753 216782.81
4754 603088.55
4755 661276.69
4756 3551.6943
4757 102880.84
4758 101533.75
4759 1834.8888
4760 2139.0002
4761 6470.1422
4762 21921.994
4763 27226.609
4764 9104.8945
4765 14776.116
4766 18083.645
4767 18535.526
4768 8468.3893
4769 6440.4113
4770 25489.899
4771 18732.962
4772 19660.706
4773 7467.0186
4774 8823.82
4775 7035.4767
4776 8285.8323
4777 321012.46
4778 211094.35
4779 0
4780 18246.869
4781 97569.486
4782 34302.342
4783 6594.3048
4784 7055.672
4785 6576.4934
4786 4565.6497
4787 9225.6666
4788 7314.6101
4789 6871.3653
4790 3891.7728
4791 7555.6491
4792 20108.779
4793 21961.892
4794 8529.2575
4795 10528.274
4796 21689.308
4797 13785.631
4798 6688.7697
4799 11246.547
4800 31577.872
4801 26240.17
4802 5006.9954
4803 6406.3832
4804 7358.4053
4805 6641.7096
4806 6332.5173
4807 10944.392
4808 17091.264
4809 17180.525
4810 30612.643
4811 14838.973
4812 10966.231
4813 5784.4696
4814 10300.37
4815 3735.0677
4816 2795.9742
4817 5169.0695
4818 10114.87
4819 23152.036
4820 208634.24
4821 126433.87
4822 610751.99
4823 544773.92
4824 576670.97
4825 559917.49
4826 134014.97
4827 6521.6611
4828 119558.64
4829 93436.484
4830 2554.7582
4831 2012.0079
4832 121394.44
4833 326130
4834 370380.24
4835 4838.1187
4836 933353.84
4837 890498.44
4838 107103.15
4839 212293.77
4840 179299.29
4841 6537.826
4842 13223.478
4843 8056.2042
4844 11193.432
4845 6023.4176
4846 6983.4694
4847 7596.2147
4848 14736.381
4849 242123.99
4850 239396.31
4851 172152.28
4852 217067.82
4853 266007.64
4854 317125.09
4855 2176714.6
4856 2406633.8
4857 871306.47
4858 323615.28
4859 135840.26
4860 149255.41
4861 17666.099
4862 8155.7103
4863 88505.873
4864 96659.009
4865 13797.923
4866 11567.781
4867 8492.3023
4868 3839.0292
4869 3265.7971
4870 4861.0756
4871 6295.8036
4872 3150.3291
4873 3079.2823
4874 3647.5417
4875 6355.5161
4876 5865.9803
4877 7087.4723
4878 5974.5413
4879 12717.973
4880 24754.961
4881 6080.9826
4882 198281.23
4883 1360301.7
4884 1073595.1
4885 17982.58
4886 25051.44
4887 7883.9848
4888 207084.7
4889 163820.89
4890 369013.39
4891 1268384.4
4892 1683339.8
4893 1363854.2
4894 1155623.1
4895 404185.12
4896 212152.39
4897 101363.85
4898 126901.49
4899 69593.073
4900 1044707.3
4901 902774.98
4902 117508.08
4903 263829.41
4904 377545.52
4905 213237.4
4906 60806.215
4907 7501.8741
4908 21503.952
4909 13338.468
4910 6778.2889
4911 247967.42
4912 150811.52
4913 202671.12
4914 425155.92
4915 1216757.6
4916 962255.61
4917 63824.077
4918 67517.971
4919 10017.146
4920 13998.32
4921 3476.6875
4922 9356.446
4923 101506.81
4924 130877.78
4925 0
4926 284434.61
4927 841454.19
4928 727344.32
4929 874.73502
4930 114979.55
4931 405837.82
4932 560520.84
4933 916340.56
4934 646942.01
4935 19099.205
4936 104302.72
4937 36327.727
4938 452017.16
4939 420252.9
4940 669844.87
4941 1224713
4942 1000507.1
4943 314125.97
4944 298632.74
4945 115896.72
4946 178882.87
4947 89598.014
4948 4114.7793
4949 1824.9479
4950 6637.4831
4951 8912.864
4952 10014.854
4953 8267.2339
4954 6907.1314
4955 19995.213
4956 14904.658
4957 9034.6343
4958 12480.867
4959 9335.6556
4960 3659.7684
4961 4442.6609
4962 6351.3308
4963 6731.7221
4964 74091.286
4965 159140.97
4966 735744.04
4967 1845402.4
4968 1218211.9
4969 0
4970 49019.263
4971 104517.68
4972 101389.66
4973 269695.04
4974 207042.14
4975 112258.69
4976 454381.99
4977 355205.58
4978 499649.98
4979 134447.09
4980 10475.9
4981 84143.815
4982 56579.657
4983 185894.77
4984 671292.22
4985 724728.47
4986 418610.68
4987 30753.666
4988 101039.71
4989 13600.705
4990 1715.7807
4991 10034.502
4992 12080.827
4993 28226.963
4994 453594.01
4995 1069356.7
4996 1114499
4997 461626.03
4998 390921.28
4999 354004.95
5000 632749.46
5001 458382.84
5002 88416.611
5003 261925.57
5004 1123480
5005 2239262.2
5006 1317226.7
5007 380361.85
5008 128308.68
5009 0
5010 68855.301
5011 124784.77
5012 7301.8619
5013 70901.429
5014 249541.41
5015 260137.64
5016 3229.881
5017 1666.0002
5018 13784.901
5019 12355.679
5020 141739.2
5021 99154.709
5022 185473.61
5023 147164.09
5024 15266.554
5025 11308.908
5026 10010.901
5027 6469.3727
5028 5211.0078
5029 6179.4896
5030 7283.2697
5031 4384.4232
5032 4138.635
5033 6802.7956
5034 7222.5613
5035 7084.0858
5036 2931.7685
5037 7779.279
5038 90351.923
5039 55553.999
5040 26154.614
5041 4247.7574
5042 3697.0372
5043 47233.951
5044 654850.48
5045 688165.94
5046 48876.552
5047 46447.913
5048 3736.4291
5049 3709.4804
5050 7223.9862
5051 3810.5773
5052 4023.6349
5053 1973.6514
5054 2895.719
5055 4571.7362
5056 2556.6873
5057 6325.7797
5058 34190.815
5059 24734.47
5060 124170.74
5061 91327.914
5062 117.67403
5063 4324.3065
5064 8248.5362
5065 9016.4702
5066 11912.785
5067 9871.7375
5068 11753.431
5069 10891.053
5070 9272.1142
5071 10330.325
5072 9905.7266
5073 3491.7922
5074 5512.3537
5075 4147.435
5076 6546.3763
5077 5891.0796
5078 7738.1857
5079 13849.178
5080 7924.372
5081 7471.2563
5082 11046.799
5083 6797.968
5084 9771.857
5085 8407.9621
5086 3143.4462
5087 4711.9907
5088 5098.657
5089 6336.3063
5090 6723.898
5091 11766.62
5092 13102.298
5093 9684.2806
5094 9912.0176
5095 7428.9192
5096 6041.1563
5097 6794.8556
5098 7903.1485
5099 11709.683
5100 4112.2555
5101 5325.9666
5102 8314.8099
5103 7045.893
5104 6145.4643
5105 5836.2888
5106 6652.8826
5107 11947.299
5108 18544.599
5109 13697.926
5110 16087.549
5111 7758.3626
5112 8986.324
5113 11098.365
5114 6243.7177
5115 12719.249
5116 8736.3526
5117 1988.6085
5118 10143.447
5119 11157.776
5120 5791.7429
5121 5678.7725
5122 6212.896
5123 9129.7818
5124 7785.7638
5125 5199.8191
5126 5807.4199
5127 4501.8538
5128 5557.2001
5129 5991.6846
5130 18232.236
5131 25474.169
5132 15628.205
5133 6858.6502
5134 12401.258
5135 11152.092
5136 4001.6278
5137 6290.626
5138 7782.1554
5139 5403.4739
5140 5733.6948
5141 7278.5286
5142 10390.191
5143 11478.186
5144 7432.996
5145 6632.3669
5146 7592.0754
5147 7941.8645
5148 7704.2963
5149 8729.7838
5150 10625.393
5151 7589.8563
5152 8172.7989
5153 9307.3481
5154 19000.188
5155 18940.703
5156 14246.368
5157 12550.343
5158 7702.1497
5159 10052.191
5160 9820.538
5161 8950.2769
5162 8595.505
5163 9620.8649
5164 14761.131
5165 11031.34
5166 14260.695
5167 11161.724
5168 8271.9887
5169 12373.851
5170 9011.1121
5171 14540.976
5172 11572.53
5173 11300.691
5174 9244.1248
5175 5973.7291
5176 8618.3218
5177 6922.4562
5178 7771.0753
5179 7893.4831
5180 4660.8184
5181 6113.9568
5182 4939.7438
5183 5126.4857
5184 5806.95
5185 5271.6466
5186 7626.9317
5187 8586.1167
5188 6512.0759
5189 7355.9742
5190 10035.681
5191 9700.386
5192 7339.8237
5193 3146.7014
5194 5647.2636
5195 12581.942
5196 8464.3975
5197 8632.624
5198 8612.4658
5199 9377.0685
5200 5789.1465
5201 6560.0516
5202 241311.56
5203 242917.92
5204 195716.19
5205 416433.33
5206 518476.15
5207 271250.76
5208 0
5209 48123.642
5210 121310.28
5211 48472.494
5212 35374.407
5213 27166.845
5214 92974.263
5215 122964.61
5216 229522.84
5217 267908.84
5218 461076.51
5219 217324.89
5220 30146.876
5221 76240.659
5222 17479.49
5223 11040.723
5224 6161.6619
5225 35658.771
5226 107182.17
5227 221772.61
5228 262634.37
5229 0
5230 154631.05
5231 811310.64
5232 901111.29
5233 418994.58
5234 139790.79
5235 124606.19
5236 243.0553
5237 6419.7767
5238 19173.429
5239 7124.9255
5240 7772.0055
5241 18163.989
5242 10404.166
5243 3997.4154
5244 5092.3129
5245 75823.166
5246 155792.59
5247 167773.71
5248 63899.719
5249 8926.1413
5250 9407.732
5251 13803.812
5252 12554.967
5253 17305.665
5254 9610.2384
5255 6678.4127
5256 12099.237
5257 16254.155
5258 12456.72
5259 5822.4503
5260 13798.649
5261 14011.205
5262 6134.1947
5263 8321.6872
5264 11177.23
5265 11144.816
5266 9051.3209
5267 6806.8151
5268 7926.5134
5269 10814.349
5270 4625.4367
5271 2428.1666
5272 1858.073
5273 4215.5666
5274 7443.9801
5275 4203.5418
5276 5230.048
5277 7628.4135
5278 7256.7656
5279 4109.1632
5280 2117.9249
5281 1639.9551
5282 3393.1875
5283 4956.5135
5284 4883.6685
5285 7271.6767
5286 6681.5555
5287 3643.7152
5288 5082.2433
5289 5914.8821
5290 7161.2843
5291 5716.2878
5292 11613.348
5293 9522.6018
5294 4432.1268
5295 6214.1831
5296 8584.8743
5297 3543.9655
5298 2594.3898
5299 4549.3401
5300 6916.0186
5301 9273.3465
5302 3129.895
5303 2601.4632
5304 3080.5918
5305 2840.9117
5306 6291.8277
5307 4744.8042
5308 4091.2957
5309 1566.3387
5310 1755.0917
5311 2500.3843
5312 4145.8122
5313 7919.9524
5314 3939.7328
5315 1298.4816
5316 1399.3984
5317 3570.9972
5318 2092.3204
5319 3574.6751
5320 2955.1669
5321 3031.6519
5322 2906.3623
5323 3376.0808
5324 4847.6689
5325 5041.7224
5326 4614.1649
5327 6290.5102
5328 1046.9969
5329 1798.4912
5330 15708.302
5331 17458.368
5332 3385.9071
5333 1876.9943
5334 1695.7499
5335 3491.4258
5336 4559.5969
5337 3375.4592
5338 3653.0919
5339 4343.614
5340 3919.1709
5341 3384.4446
5342 4933.5281
5343 11773.229
5344 6853.4098
5345 4005.1972
5346 5659.7654
5347 5518.4643
5348 7582.6892
5349 8334.3383
5350 5003.9815
5351 2431.3816
5352 3348.7484
5353 6635.8169
5354 7478.8882
5355 5674.5735
5356 10772.275
5357 1718.1236
5358 5365.685
5359 321733
5360 347083.92
5361 67755.598
5362 14936.901
5363 21751.42
5364 15223.998
5365 9807.947
5366 4233.5852
5367 1773.0512
5368 1861.2473
5369 4061.7517
5370 6859.8757
5371 8635.8693
5372 4251.5012
5373 4153.9745
5374 4467.4187
5375 4100.1623
5376 5149.9136
5377 6080.0976
5378 4734.6601
5379 5352.9113
5380 5325.9157
5381 6107.4102
5382 2730.9905
5383 1867.5106
5384 5309.6905
5385 5276.7901
5386 2395.3506
5387 4134.7517
5388 7395.5986
5389 3726.8279
5390 9697.005
5391 6009.4828
5392 4544.153
5393 4254.3046
5394 2124.8296
5395 6083.7527
5396 6547.5506
5397 3962.3651
5398 1609.5348
5399 4120.694
5400 5081.5408
5401 2722.9916
5402 2160.8698
5403 5736.4475
5404 8149.0098
5405 5906.3591
5406 4632.0565
5407 8682.7207
5408 8354.2269
5409 13924.59
5410 70134.106
5411 20783.276
5412 120281.11
5413 123785.41
5414 252524.8
5415 136743.37
5416 106299.66
5417 5521.6811
5418 6586.7805
5419 49945.253
5420 503670.57
5421 308877.35
5422 193768.54
5423 120847.84
5424 8495.3088
5425 12507.444
5426 629770.75
5427 508045.92
5428 132824.57
5429 20421.408
5430 13699.299
5431 8908.6617
5432 9089.0515
5433 63012.12
5434 245034.13
5435 213117.98
5436 131442.39
5437 145032.79
5438 450.66123
5439 221525.58
5440 198534.41
5441 122266.78
5442 125520.66
5443 0
5444 4668.1979
5445 25127.285
5446 19172.764
5447 10414.52
5448 11349.086
5449 5384.308
5450 4668.8906
5451 5850.8054
5452 5664.1669
5453 7285.7349
5454 4403.8849
5455 4029.8316
5456 168774.31
5457 233804.69
5458 138298.51
5459 117520.8
5460 17959.499
5461 253743.78
5462 388641.27
5463 100688.05
5464 3986.3875
5465 12698.98
5466 9499.593
5467 4486.7011
5468 7626.4304
5469 7326.3661
5470 1756.923
5471 1397.5264
5472 2671.9557
5473 3886.2227
5474 7188.0371
5475 3535.8715
5476 1402.2145
5477 5014.7968
5478 6415.1288
5479 4766.0054
5480 3156.9571
5481 3954.2231
5482 3763.6264
5483 4019.163
5484 7430.1992
5485 3410.0449
5486 2162.7902
5487 3271.8273
5488 6179.9496
5489 52442.795
5490 47811.706
5491 5790.0762
5492 5742.8102
5493 4472.6956
5494 3908.3316
5495 3043.5264
5496 6016.052
5497 5587.0443
5498 5755.6643
5499 2083.3515
5500 1823.1116
5501 5064.692
5502 6109.5664
5503 56162.248
5504 37041.623
5505 13781.444
5506 127124.51
5507 479523.47
5508 400292.9
5509 42831.989
5510 5043.0167
5511 3702.1216
5512 8799.9876
5513 88455.739
5514 82817.063
5515 5917.0871
5516 8104.9889
5517 8711.1092
5518 5020.5598
5519 4389.0614
5520 6341.76
5521 11630.129
5522 10386.47
5523 2981.0259
5524 3834.6419
5525 3895.8442
5526 5156.6754
5527 5217.0837
5528 4972.1787
5529 4791.6833
5530 6192.6881
5531 4032.4515
5532 4834.171
5533 4877.1042
5534 5250.1003
5535 6489.0706
5536 8158.4705
5537 2718.1621
5538 2953.3188
5539 3964.2374
5540 5165.3899
5541 3815.2337
5542 1806.5171
5543 4848.8041
5544 4876.6889
5545 1945.2064
5546 4220.295
5547 9754.0136
5548 12995.508
5549 8128.9604
5550 3914.856
5551 3988.3194
5552 4846.2371
5553 6350.4828
5554 4483.3317
5555 12098.391
5556 16687.614
5557 7575.2858
5558 6985.6298
5559 9825.7633
5560 13204.755
5561 5241.0414
5562 4440.9353
5563 4782.6231
5564 6465.9276
5565 5597.4625
5566 9023.3898
5567 8285.4868
5568 4464.9603
5569 7061.9933
5570 9441.7564
5571 6617.8453
5572 8520.2093
5573 8767.0873
5574 19604.639
5575 19595.321
5576 5266.5518
5577 10396.662
5578 12072.014
5579 6051.7092
5580 11961.081
5581 13621.783
5582 6103.5337
5583 6059.0902
5584 13714.251
5585 12859.592
5586 8570.5097
5587 19672.591
5588 15315.527
5589 7165.0062
5590 8097.1499
5591 16485.835
5592 7939.0379
5593 17985.276
5594 26470.791
5595 19136.774
5596 17411.515
5597 20009.422
5598 18040.874
5599 12174.256
5600 21256.705
5601 14767.77
5602 8946.7901
5603 13755.065
5604 14485.652
5605 7352.1131
5606 10536.479
5607 16191.993
5608 12206.491
5609 10939.043
5610 13472.435
5611 13017.492
5612 10447.054
5613 18325.146
5614 20907.795
5615 9646.1696
5616 11030.423
5617 11420.433
5618 10180.524
5619 15206.952
5620 18180.294
5621 11330.611
5622 10029.962
5623 15499.471
5624 15370.39
5625 18254.695
5626 25378.208
5627 12015.609
5628 7354.3141
5629 7901.9226
5630 12558.446
5631 17929.441
5632 7429.061
5633 17167.979
5634 18625
5635 11754.86
5636 15031.926
5637 17372.284
5638 7782.6674
5639 20971.458
5640 22827.827
5641 23076.963
5642 16466.566
5643 16585.485
5644 15377.711
5645 7976.4441
5646 20287.442
5647 18830.384
5648 6460.4464
5649 6200.56
5650 20961.692
5651 17838.378
5652 12536.173
5653 14647.448
5654 8431.118
5655 7604.1937
5656 11348.446
5657 7138.1675
5658 6725.5613
5659 7468.626
5660 6755.949
5661 3255.6175
5662 5549.3027
5663 11381.905
5664 8492.0538
5665 9478.9595
5666 14843.205
5667 7728.9211
5668 11969.97
5669 11473.452
5670 7743.9712
5671 3415.9286
5672 9677.0362
5673 7703.7823
5674 4799.5618
5675 10679.846
5676 16896.414
5677 17487.962
5678 18042.213
5679 14518.415
5680 13583.292
5681 6771.762
5682 19593.258
5683 16589.146
5684 9874.7197
5685 9511.1025
5686 11293.914
5687 24261.337
5688 17978.885
5689 5996.2666
5690 13005.35
5691 17213.998
5692 17116.01
5693 38893.876
5694 70852.898
5695 227872.61
5696 482216.98
5697 132392.07
5698 97338.458
5699 25219.438
5700 25940.206
5701 14499.843
5702 13984.356
5703 19018.008
5704 18268.936
5705 7852.7809
5706 4133.2135
5707 13591.832
5708 8567.7901
5709 9244.1452
5710 15718.216
5711 6266.0131
5712 4225.459
5713 12930.32
5714 14385.526
5715 10693.645
5716 18113.159
5717 12707.259
5718 6297.9339
5719 9807.8068
5720 14939.349
5721 13614.773
5722 9081.4901
5723 12372.257
5724 10271.819
5725 6253.9133
5726 16175.366
5727 11919.232
5728 6846.9042
5729 9574.8676
5730 16027.839
5731 5803.516
5732 8213.4218
5733 8288.7976
5734 9771.0711
5735 12905.07
5736 17510.283
5737 15448.264
5738 6546.9718
5739 5924.0258
5740 11716.868
5741 14349.937
5742 6763.5926
5743 7854.4316
5744 5698.5621
5745 4851.0822
5746 7472.9067
5747 9164.0033
5748 6293.6057
5749 5289.2359
5750 6298.3569
5751 4837.0857
5752 4794.3975
5753 9507.248
5754 8539.6039
5755 6631.6667
5756 4900.0549
5757 6180.6175
5758 3616.3355
5759 2482.2576
5760 6076.225
5761 6198.8417
5762 4182.5458
5763 6820.2266
5764 7238.2299
5765 4210.3599
5766 6726.6293
5767 8359.8183
5768 5986.2296
5769 7681.6944
5770 9146.6344
5771 6349.6596
5772 3567.3088
5773 3773.6649
5774 5081.4148
5775 5291.1101
5776 4564.3134
5777 9656.2208
5778 8979.1567
5779 6967.3427
5780 8693.2433
5781 7403.2506
5782 6635.3198
5783 3198.4792
5784 8954.914
5785 8175.9032
5786 2209.873
5787 6728.4331
5788 5118.0724
5789 1696.8971
5790 2144.3603
5791 4040.6693
5792 7426.724
5793 5170.7074
5794 3260.1473
5795 3712.6542
5796 7337.8381
5797 6261.8656
5798 4410.2676
5799 3317.0039
5800 6141.0458
5801 5158.7781
5802 5197.4524
5803 9385.0991
5804 9635.74
5805 6909.274
5806 4346.5313
5807 8987.2959
5808 13325.457
5809 8905.1594
5810 12768.15
5811 8891.5194
5812 6294.2498
5813 6374.581
5814 6758.3232
5815 8420.5626
5816 5944.1276
5817 4863.6435
5818 11851.763
5819 8088.9106
5820 3513.1342
5821 3050.2358
5822 4323.3653
5823 3340.2236
5824 1290.0591
5825 2702.5859
5826 1759.3403
5827 1160.5807
5828 3222.6608
5829 3791.0001
5830 756.24336
5831 678.58377
5832 3312.425
5833 5921.4125
5834 2435.1798
5835 2832.9466
5836 7165.814
5837 4487.1484
5838 2599.4306
5839 3768.9537
5840 4723.5217
5841 4551.7719
5842 2454.8216
5843 3718.8192
5844 4134.2854
5845 4240.6917
5846 5599.0969
5847 4682.1783
5848 4782.6702
5849 3071.5132
5850 6089.2302
5851 8980.8094
5852 7412.0902
5853 7878.4763
5854 8103.3591
5855 3929.194
5856 5228.1514
5857 7082.3881
5858 7210.2271
5859 7609.9054
5860 10841.055
5861 10081.201
5862 8672.1294
5863 12145.079
5864 9450.2771
5865 5757.6047
5866 10346.575
5867 8017.0731
5868 6965.7759
5869 10398.612
5870 7253.9892
5871 6311.1049
5872 7998.5079
5873 9773.1421
5874 8752.0679
5875 6382.7549
5876 7085.2375
5877 4675.0901
5878 5299.7308
5879 4613.1001
5880 7125.2868
5881 5941.7956
5882 22339.094
5883 7873.4274
5884 30297.526
5885 192044.29
5886 178692.71
5887 193665.35
5888 27676.68
5889 18057.124
5890 11949.224
5891 9244.5629
5892 40465.118
5893 53779.561
5894 28897.75
5895 25568.02
5896 7702.6137
5897 14252.53
5898 13771.511
5899 8187.4194
5900 9677.5065
5901 19022.614
5902 19435.728
5903 11060.136
5904 11676.486
5905 14635.751
5906 10745.222
5907 14546.414
5908 9466.5187
5909 13590.489
5910 10963.279
5911 6843.8735
5912 10999.681
5913 12273.912
5914 7553.3353
5915 8965.508
5916 8951.2214
5917 5107.2235
5918 5376.6471
5919 9692.4072
5920 14021.176
5921 10812.093
5922 9224.272
5923 9583.1947
5924 5051.589
5925 2224.3079
5926 7208.5166
5927 5526.4217
5928 3822.6673
5929 7374.9726
5930 8316.2667
5931 5411.62
5932 6613.037
5933 8524.43
5934 5591.6863
5935 2126.3092
5936 3619.861
5937 2889.4131
5938 3459.3567
5939 5611.6603
5940 6724.8581
5941 3486.8848
5942 10432.79
5943 17083.419
5944 7188.1888
5945 5524.4632
5946 2868.4783
5947 8285.5429
5948 5818.1892
5949 3559.7166
5950 7327.8032
5951 4078.7414
5952 6556.5072
5953 10028.384
5954 5718.8892
5955 11199.913
5956 12116.878
5957 6521.876
5958 11297.417
5959 14477.695
5960 11700.564
5961 10076.877
5962 5250.9909
5963 8026.0201
5964 6268.6251
5965 12283.545
5966 13434.148
5967 11654.127
5968 9359.6058
5969 9769.9363
5970 7855.0509
5971 3169.6865
5972 9416.4765
5973 8488.914
5974 7039.2652
5975 8523.1042
5976 10250.681
5977 10250.726
5978 7081.7529
5979 7796.5999
5980 12559.725
5981 15690.564
5982 15391.927
5983 20773.223
5984 17320.177
5985 14552.247
5986 10017.235
5987 9203.3453
5988 30098.423
5989 21898.559
5990 44211.365
5991 72476.909
5992 39177.228
5993 16325.829
5994 16290.177
5995 18849.907
5996 13753.64
5997 5185.7744
5998 5788.0362
5999 7147.6254
6000 4381.6943
6001 3767.5584
6002 2602.5848
6003 4355.4528
6004 4836.2222
6005 2676.6536
6006 2827.9152
6007 1899.2299
6008 1707.3013
6009 1616.5296
6010 1363.3163
6011 2550.7695
6012 1693.212
6013 1677.4363
6014 2753.0178
6015 1209.1365
6016 945.16176
6017 1536.1948
6018 993.27719
6019 1011.9575
6020 3318.6184
6021 3731.0952
6022 3184.9182
6023 4311.521
6024 3420.3935
6025 7674.3513
6026 7978.4761
6027 6227.432
6028 5586.5926
6029 4535.2162
6030 10962.4
6031 9863.37
6032 7093.5059
6033 13239.441
6034 10792.642
6035 6792.7239
6036 6206.5644
6037 1871.6814
6038 4388.9692
6039 8402.9499
6040 8596.0104
6041 7293.7917
6042 3489.4172
6043 5456.3928
6044 8091.5397
6045 3050.5975
6046 4269.986
6047 5336.7322
6048 6099.3684
6049 10391.994
6050 12349.094
6051 7563.5048
6052 15578.057
6053 12672.256
6054 12527.28
6055 10058.978
6056 6050.1118
6057 7210.1786
6058 11371.089
6059 8413.1579
6060 4039.0322
6061 8368.0393
6062 12424.587
6063 5843.9841
6064 11833.099
6065 7754.5846
6066 6065.5901
6067 11323.597
6068 27729.223
6069 18491.924
6070 8133.2807
6071 5944.7219
6072 8900.6258
6073 8640.0807
6074 9031.2495
6075 9963.3687
6076 9169.9303
6077 5704.9544
6078 5189.1125
6079 6459.9715
6080 9414.2149
6081 13523.196
6082 11707.18
6083 11942.912
6084 12706.252
6085 16895.059
6086 14998.392
6087 11531.138
6088 12764.274
6089 7439.604
6090 10607.013
6091 5111.3089
6092 6085.8495
6093 6676.4364
6094 5238.0634
6095 1981.727
6096 3854.143
6097 9971.4688
6098 9089.6906
6099 3186.7555
6100 3796.6234
6101 8309.3892
6102 6845.3217
6103 3086.8397
6104 3274.6036
6105 5332.7281
6106 6089.4937
6107 3315.6624
6108 5672.3944
6109 5759.9357
6110 1626.2995
6111 1982.2658
6112 2610.1503
6113 1005.3105
6114 709.78252
6115 844.45045
6116 850.71667
6117 884.34589
6118 1270.875
6119 1019.2507
6120 192.4204
6121 56.606666
6122 26.44582
6123 587.43857
6124 645.65269
6125 657.64506
6126 1039.4408
6127 648.25068
6128 1509.6989
6129 2934.5285
6130 2050.5263
6131 74.90105
6132 88.674095
6133 295.57253
6134 246.71208
6135 81.970017
6136 88.008013
6137 140.22142
6138 817.5114
6139 889.72299
6140 374.2628
6141 44.18
6142 123.90013
6143 948.10994
6144 937.19815
6145 604.42288
6146 252.97435
6147 299.00629
6148 660.29201
6149 423.60668
6150 258.83234
6151 494.93453
6152 2667.42
6153 2484.4237
6154 889.94096
6155 4560.4921
6156 4254.3911
6157 2544.3733
6158 1646.7613
6159 2220.1692
6160 2329.8972
6161 549.12526
6162 782.1721
6163 517.95621
6164 522.65461
6165 1064.7325
6166 518.33925
6167 41.82964
6168 852.7744
6169 2862.2768
6170 3100.7747
6171 1020.2047
6172 45.001763
6173 107.02651
6174 152.17024
6175 156.17362
6176 391.26891
6177 492.77091
6178 1032.7908
6179 2468.8889
6180 2680.7011
6181 2303.7811
6182 2501.4998
6183 1993.1936
6184 2711.8353
6185 1684.8153
6186 2519.278
6187 3678.4095
6188 5316.4741
6189 3483.2292
6190 3170.86
6191 7774.4332
6192 8579.0075
6193 12140.107
6194 15260.341
6195 4888.6035
6196 4080.2837
6197 3459.1137
6198 4196.7468
6199 2496.9546
6200 2822.6489
6201 4084.2664
6202 3125.605
6203 3628.6753
6204 4049.1817
6205 4462.5155
6206 5316.5429
6207 5317.0172
6208 7533.9888
6209 12159.229
6210 14306.63
6211 9347.0382
6212 31150.548
6213 33081.874
6214 17636.509
6215 38281.927
6216 31229.804
6217 15676.275
6218 28104.453
6219 25925.573
6220 15103.789
6221 16805.354
6222 23243.399
6223 24563.929
6224 10623.196
6225 15285.675
6226 11881.366
6227 6629.6453
6228 15203.185
6229 28555.728
6230 11702.251
6231 12355.404
6232 20201.288
6233 27372.882
6234 21798.595
6235 18454.699
6236 14247.459
6237 22881.021
6238 35475.561
6239 22501.388
6240 16173.178
6241 19513.611
6242 14441.055
6243 11406.143
6244 14790.439
6245 54215.527
6246 322636.48
6247 261434.37
6248 78799.826
6249 72921.68
6250 136920.24
6251 197654.82
6252 66831.121
6253 24662.971
6254 11748.052
6255 32901.538
6256 29364.352
6257 9022.6167
6258 2196.4233
6259 2518.5648
6260 5713.5878
6261 4555.6386
6262 2837.4025
6263 1797.7243
6264 15049.607
6265 10864.389
6266 4930.8969
6267 3056.3825
6268 89704.443
6269 107956.65
6270 13294.606
6271 3071.975
6272 3530.1205
6273 115338.18
6274 106601.53
6275 40108.162
6276 5227.0693
6277 8046.4742
6278 7265.0193
6279 7580.4663
6280 6125.9624
6281 7436.3182
6282 3556.4051
6283 2049.5849
6284 3251.1608
6285 2360.9592
6286 1613.5959
6287 1481.0269
6288 1836.0622
6289 2738.5254
6290 576.01829
6291 1997.0011
6292 2313.2153
6293 1125.5427
6294 2790.2434
6295 2487.815
6296 511.40871
6297 1327.2599
6298 69928.51
6299 44757.658
6300 121330.86
6301 508440.08
6302 714922.48
6303 371197.75
6304 433699.81
6305 133528.32
6306 248305.84
6307 28427.897
6308 115845.88
6309 105178.17
6310 46709.932
6311 5383.2292
6312 6155.0723
6313 5035.5305
6314 32117.923
6315 28966.616
6316 132919.33
6317 20023.52
6318 143604.51
6319 54175.193
6320 121838.31
6321 5549.579
6322 111455.93
6323 55204.825
6324 7769.8761
6325 6470.5279
6326 5502.5155
6327 3512.2919
6328 1746.4023
6329 466.52476
6330 1207.9709
6331 3296.4697
6332 3415.1865
6333 2653.9585
6334 2883.5815
6335 3637.4112
6336 4450.9879
6337 2858.9271
6338 1418.9971
6339 5060.3599
6340 5913.8484
6341 3132.1884
6342 74604.004
6343 81556.586
6344 163097.66
6345 186412.18
6346 53117.084
6347 12681.319
6348 7926.9208
6349 19877.885
6350 14273.648
6351 4612.563
6352 7059.4996
6353 12241.368
6354 10044.731
6355 4949.8186
6356 6172.4887
6357 13304.041
6358 10111.579
6359 94462.493
6360 91519.589
6361 16575.849
6362 4134.0985
6363 7204.3887
6364 14012.831
6365 13399.073
6366 5083.4176
6367 8432.2077
6368 7852.9557
6369 2954.1349
6370 7510.5584
6371 11618.388
6372 11237.912
6373 4642.2026
6374 8979.7356
6375 8286.0572
6376 3206.2484
6377 2737.8114
6378 6914.3059
6379 11600.525
6380 7196.101
6381 10210.809
6382 10518.55
6383 9074.44
6384 10675.588
6385 11182.789
6386 14149.962
6387 6922.3532
6388 4333.1694
6389 3378.1018
6390 6763.8106
6391 7162.7437
6392 6390.6897
6393 11965.269
6394 8866.7581
6395 4437.8858
6396 2908.0797
6397 5010.6427
6398 3234.6834
6399 3692.9669
6400 5333.4261
6401 4335.7263
6402 3144.7209
6403 2555.1373
6404 1323.6024
6405 4612.6558
6406 3715.0004
6407 342.33694
6408 1315.3458
6409 1323.8764
6410 2817.0752
6411 3617.8813
6412 1548.6688
6413 2014.096
6414 2851.0506
6415 2769.9947
6416 5203.2614
6417 6837.3427
6418 3688.2927
6419 2256.4376
6420 6539.4401
6421 9849.4358
6422 6372.2136
6423 4066.8021
6424 3740.4791
6425 7793.3866
6426 6270.0596
6427 2078.614
6428 6876.0935
6429 15220.413
6430 17668.882
6431 9979.4837
6432 8209.5375
6433 7822.3714
6434 4192.9188
6435 1479.6535
6436 5999.3548
6437 13421.038
6438 9494.6787
6439 6416.7576
6440 8218.2133
6441 6636.045
6442 6681.937
6443 6573.1232
6444 8496.571
6445 5651.0674
6446 5400.063
6447 10593.246
6448 8549.2026
6449 5200.7793
6450 4739.4692
6451 4732.0353
6452 2525.316
6453 1837.3766
6454 3579.7009
6455 5177.7459
6456 1969.993
6457 735.54584
6458 1561.2963
6459 3311.3469
6460 1633.5149
6461 871.34555
6462 1436.3955
6463 1573.8839
6464 836.06729
6465 736.95153
6466 622.4085
6467 818.22913
6468 852.00477
6469 940.02914
6470 947.71779
6471 468.63667
6472 477.41506
6473 3795.6549
6474 4349.3755
6475 1953.4024
6476 1078.3829
6477 2292.8157
6478 2047.5129
6479 480.73852
6480 1917.5582
6481 1518.6675
6482 612.73897
6483 1389.0056
6484 2945.7009
6485 2951.1761
6486 1522.5319
6487 2118.0028
6488 2940.482
6489 1258.0958
6490 867.66196
6491 1389.8786
6492 679.64958
6493 895.15298
6494 1069.6359
6495 527.3316
6496 3761.3274
6497 3458.7232
6498 578.58672
6499 462.51573
6500 411.76114
6501 1349.3474
6502 1553.2463
6503 853.72977
6504 728.44174
6505 729.44223
6506 1636.9476
6507 1958.6895
6508 1130.3972
6509 908.73934
6510 1363.8479
6511 5214.5221
6512 7568.5225
6513 4675.133
6514 6143.8557
6515 3474.3111
6516 3920.5244
6517 11207.743
6518 10781.582
6519 4454.4582
6520 3969.544
6521 4560.9122
6522 5943.5772
6523 6624.4733
6524 5135.998
6525 6831.2913
6526 9169.6503
6527 7716.8576
6528 4201.8418
6529 11084.856
6530 10666.359
6531 6495.8014
6532 13215.846
6533 12382.97
6534 12897.252
6535 32645.051
6536 32245.645
6537 12382.097
6538 32044.477
6539 32435.794
6540 11382.615
6541 13720.22
6542 11132.776
6543 7072.1645
6544 4448.2181
6545 3056.6332
6546 2384.2443
6547 1466.4831
6548 1556.0915
6549 759.4257
6550 644.97017
6551 156.15857
6552 11.045
6553 5.445
6554 48.757641
6555 4887.1857
6556 6353.2984
6557 8246.7687
6558 13559.812
6559 10256.7
6560 6963.6312
6561 13114.847
6562 21029.055
6563 9894.1806
6564 10073.687
6565 16983.279
6566 12569.957
6567 8403.0166
6568 4013.9089
6569 5324.7277
6570 2275.0614
6571 664.85715
6572 1484.4675
6573 1702.8163
6574 1217.2222
6575 246.75587
6576 101.61371
6577 99.588126
6578 0
6579 0
6580 0
6581 0
6582 2385.7635
6583 6380.2908
6584 12889.751
6585 22655.915
6586 27991.015
6587 11786.358
6588 25679.267
6589 24978.021
6590 24808.415
6591 22062.652
6592 30434.951
6593 30119.266
6594 13977.675
6595 21610.861
6596 11497.241
6597 1401.9571
6598 1154.3203
6599 800.8102
6600 133.52
6601 115.52
6602 0
6603 425.95538
6604 1439.9408
6605 26729.899
6606 27578.907
6607 8115.7108
6608 6477.78
6609 25720.991
6610 36022.637
6611 22679.545
6612 197360.85
6613 160757.78
6614 315071.6
6615 457001.39
6616 231104.76
6617 84849.307
6618 121675.42
6619 3447.8331
6620 1766.4137
6621 4288.6915
6622 9222.3565
6623 20247.523
6624 7258.7325
6625 6850.938
6626 6765.9485
6627 9182.4895
6628 7361.8569
6629 10027.461
6630 7365.0841
6631 4662.4452
6632 4736.9027
6633 2541.7822
6634 4191.6417
6635 7194.1527
6636 169715.4
6637 183548.71
6638 152.42663
6639 146267.01
6640 63178.485
6641 165375.41
6642 224150.42
6643 115291.98
6644 156796.06
6645 216561.49
6646 197001.21
6647 124994.08
6648 20762.978
6649 90472.762
6650 126321.88
6651 1518.3154
6652 7616.2259
6653 13171.19
6654 5067.1531
6655 6820.2754
6656 3112.7611
6657 4244.9818
6658 4173.9627
6659 14663.117
6660 11339.47
6661 19963.098
6662 21018.011
6663 15527.348
6664 12837.14
6665 5988.2523
6666 8024.2523
6667 7883.8183
6668 7291.4245
6669 9774.5888
6670 12569.852
6671 11089.723
6672 137167.47
6673 243418.03
6674 256410.68
6675 119906.61
6676 92548.738
6677 0
6678 1028.6354
6679 5688.8861
6680 9393.9527
6681 25486.099
6682 57946.028
6683 43104.511
6684 15625.997
6685 1755.5261
6686 920.02216
6687 1894.4935
6688 986.53468
6689 0
6690 210.91264
6691 3156.9334
6692 8288.8574
6693 4061.827
6694 16283.918
6695 24792.122
6696 12229.008
6697 8480.421
6698 625.43667
6699 156.89917
6700 112.07863
6701 176.4486
6702 2206.5601
6703 3866.069
6704 6061.9275
6705 15303.747
6706 22915.554
6707 13134.608
6708 18789.969
6709 15084.755
6710 7668.805
6711 91.191005
6712 0
6713 0
6714 956.56759
6715 3708.9966
6716 25383.245
6717 16316.474
6718 10851.942
6719 12105.805
6720 7268.3744
6721 781.04314
6722 11.261807
6723 0
6724 346.20856
6725 2717.3119
6726 19233.408
6727 23392.552
6728 12176.951
6729 24732.549
6730 394348.69
6731 303484.93
6732 83495.89
6733 67905.556
6734 65647.27
6735 105686.46
6736 3942.3719
6737 2086.9539
6738 14691.197
6739 26780.439
6740 19690.124
6741 64227.76
6742 53499.266
6743 110127.17
6744 1582.1617
6745 334.14258
6746 3118.7266
6747 5708.846
6748 17707.932
6749 21683.678
6750 7280.1782
6751 5508.2622
6752 3699.661
6753 1840.9277
6754 888.79796
6755 100.23049
6756 0
6757 1366.548
6758 17583.121
6759 23143.273
6760 10366.981
6761 88782.412
6762 96355.251
6763 170643.63
6764 270471.17
6765 125525.55
6766 63625.159
6767 2223.3001
6768 5833.4101
6769 17140.33
6770 25669.571
6771 28453.949
6772 32006.577
6773 28321.432
6774 9391.5396
6775 628.63788
6776 105.4362
6777 0
6778 55.125
6779 1604.9581
6780 7194.9931
6781 14237.586
6782 27481.08
6783 20144.454
6784 20654.555
6785 26507.327
6786 17328.586
6787 2646.8361
6788 561.93948
6789 388.59816
6790 45.125
6791 57.36812
6792 15.68
6793 32
6794 5707.8188
6795 11643.164
6796 8191.3213
6797 17497.344
6798 36462.533
6799 28886.101
6800 11789.826
6801 20167.677
6802 7853.1478
6803 3784.6263
6804 846.50704
6805 308.9442
6806 0
6807 0
6808 702.13818
6809 6092.3422
6810 12243.714
6811 36311.077
6812 38028.995
6813 27538.001
6814 36937.846
6815 17985.59
6816 9578.7341
6817 1107.1037
6818 11.967745
6819 2.42
6820 0
6821 23.805
6822 913.87455
6823 7496.5094
6824 12832.131
6825 21963.333
6826 26579.521
6827 20021.066
6828 16153.39
6829 31807.984
6830 32885.553
6831 13777.797
6832 897.2552
6833 213.6979
6834 215.46124
6835 0
6836 0
6837 86.62826
6838 3807.502
6839 8502.4309
6840 7752.6235
6841 27647.48
6842 32996.901
6843 25029.43
6844 28410.729
6845 13162.457
6846 5464.008
6847 3272.3681
6848 371.25784
6849 34.235249
6850 0.32
6851 0
6852 16.113058
6853 966.51235
6854 6836.1545
6855 11435.083
6856 17155.36
6857 14742.493
6858 18552.15
6859 21904.85
6860 9321.6661
6861 5848.0812
6862 7034.8258
6863 1977.8936
6864 1296.3276
6865 413.20135
6866 440.47117
6867 38.72
6868 0
6869 272.18036
6870 4337.8947
6871 8905.4364
6872 10170.99
6873 17963.326
6874 12861.217
6875 14440.964
6876 19425.435
6877 20097.494
6878 24525.211
6879 7877.4066
6880 6490.4369
6881 3702.3138
6882 616.98241
6883 62.244031
6884 45.125
6885 0
6886 0
6887 77.333811
6888 246.86053
6889 3404.133
6890 7763.5687
6891 6398.0416
6892 14160.694
6893 14729.731
6894 18259.169
6895 11033.447
6896 29884.948
6897 19806.16
6898 11459.12
6899 12293.035
6900 3793.4243
6901 903.26149
6902 95.615858
6903 0
6904 0
6905 0
6906 18.009899
6907 4293.6095
6908 8184.782
6909 227516
6910 308836.55
6911 136812.14
6912 123526.62
6913 5385.9365
6914 9036.1811
6915 8848.151
6916 20482.919
6917 351773.12
6918 401257.54
6919 212505.7
6920 138093.81
6921 56134.451
6922 31119.059
6923 10412.598
6924 29077.164
6925 27574.401
6926 28673.634
6927 21473.812
6928 28625.556
6929 17135.611
6930 9712.7704
6931 4648.2626
6932 7029.8054
6933 11850.786
6934 6056.1073
6935 2353.5886
6936 3450.7054
6937 5181.9461
6938 9792.8012
6939 4555.3067
6940 1396.6801
6941 7810.885
6942 10240.613
6943 5119.8832
6944 3077.9142
6945 2883.6275
6946 2186.3526
6947 2115.9247
6948 7517.4112
6949 6445.2173
6950 2119.7018
6951 3357.3836
6952 11341.78
6953 5576.6692
6954 3901.4578
6955 7296.2961
6956 6385.1336
6957 3093.7961
6958 3168.2629
6959 3328.4916
6960 2079.7465
6961 8107.1017
6962 9021.8959
6963 6304.2791
6964 1747.0504
6965 11139.442
6966 9658.849
6967 4763.742
6968 5590.274
6969 3917.0062
6970 6274.1318
6971 7625.4241
6972 4338.0798
6973 13408.814
6974 15282.457
6975 14864.212
6976 7039.5333
6977 12675.227
6978 12482.288
6979 3792.6319
6980 16721.173
6981 34274.809
6982 20217.994
6983 9233.1931
6984 23043.444
6985 40258.529
6986 25658.423
6987 11563.471
6988 8925.7849
6989 3853.7963
6990 9775.9679
6991 19531.394
6992 8690.3585
6993 6638.935
6994 20450.33
6995 40823.195
6996 20649.966
6997 8117.0005
6998 17022.365
6999 10275.055
7000 5582.1058
7001 11244.561
7002 4490.4822
7003 12098.226
7004 11574.799
7005 9264.5656
7006 39739.957
7007 33034.957
7008 17402.228
7009 24551.101
7010 20914.449
7011 11720.583
7012 28779.202
7013 21795.136
7014 8342.0468
7015 24763.617
7016 44932.329
7017 18876.302
7018 10959.116
7019 9321.5893
7020 13890.534
7021 8079.1364
7022 3740.5196
7023 10715.088
7024 16888.26
7025 7592.1028
7026 9950.756
7027 8459.6427
7028 7333.9594
7029 7692.467
7030 25968.217
7031 13344.953
7032 4967.2372
7033 5592.0442
7034 4164.7185
7035 4152.4819
7036 4406.2716
7037 3962.8747
7038 7395.6569
7039 5327.0379
7040 9644.8717
7041 22100.196
7042 13647.293
7043 4575.9231
7044 6971.0428
7045 11002.977
7046 7016.6742
7047 2477.3462
7048 7288.2696
7049 9357.4562
7050 5961.9606
7051 6431.7538
7052 10295.146
7053 12379.182
7054 14506.243
7055 7890.143
7056 11944.965
7057 6842.5902
7058 3458.0565
7059 4647.2499
7060 1709.4023
7061 4917.3171
7062 8312.1993
7063 16802.674
7064 12357.674
7065 16091.254
7066 16022.734
7067 17895.418
7068 17056.283
7069 16764.811
7070 8902.9387
7071 4552.3434
7072 4783.6492
7073 7688.1995
7074 5763.6
7075 13353.654
7076 15143.83
7077 19553.202
7078 11965.999
7079 20038.25
7080 12306.566
7081 4267.4947
7082 13457.489
7083 17970.626
7084 10753.376
7085 4185.5174
7086 3219.5725
7087 2573.6524
7088 3364.3004
7089 3685.6895
7090 13923.173
7091 11876.92
7092 17080.521
7093 20975.972
7094 18688.803
7095 30062.201
7096 38907.863
7097 35043.781
7098 7813.2237
7099 17720.642
7100 15686.17
7101 5565.7253
7102 2781.2695
7103 4589.4277
7104 1854.1979
7105 3246.7991
7106 9631.0668
7107 16555.445
7108 15713.55
7109 6090.3741
7110 9955.8755
7111 19696.945
7112 22704.206
7113 18515.027
7114 5943.1852
7115 20774.54
7116 18649.211
7117 7367.0656
7118 4876.351
7119 6903.8939
7120 5414.3399
7121 1933.6454
7122 11678.496
7123 20514.799
7124 9550.4017
7125 6197.8826
7126 23755.659
7127 27841.864
7128 32157.72
7129 38428.311
7130 27112.152
7131 19983.987
7132 19173.768
7133 12335.201
7134 2801.4334
7135 3434.6256
7136 3963.818
7137 5447.149
7138 7164.0468
7139 14520.917
7140 14509.108
7141 10252.131
7142 12594.839
7143 33250.44
7144 22312.072
7145 11872.492
7146 10311.291
7147 7046.0332
7148 2683.926
7149 4380.0063
7150 3600.8854
7151 3706.8103
7152 6603.6416
7153 14504.074
7154 10102.121
7155 16743.393
7156 23950.625
7157 19115.557
7158 9215.7093
7159 10456.93
7160 36768.949
7161 25238.687
7162 3311.0109
7163 4944.2539
7164 6614.1935
7165 1810.5642
7166 2513.2563
7167 12397.631
7168 11641.045
7169 28258.112
7170 27369
7171 14689.957
7172 37963.998
7173 65226.967
7174 32879.461
7175 10451.114
7176 6937.9476
7177 7918.5665
7178 4526.6666
7179 3076.4125
7180 6089.9135
7181 5056.4294
7182 14568.746
7183 21221.728
7184 16876.693
7185 15714.355
7186 22155.584
7187 21534.106
7188 15722.231
7189 4265.7754
7190 8432.0598
7191 9933.0953
7192 11957.287
7193 2739.0454
7194 454.49658
7195 1638.9473
7196 3222.3835
7197 5570.1855
7198 9132.3299
7199 15390.173
7200 21420.741
7201 29211.469
7202 22384.027
7203 6582.9585
7204 4447.7865
7205 3057.0764
7206 883.73812
7207 679.65269
7208 1603.1272
7209 5313.3748
7210 9182.6849
7211 29731.904
7212 14146.704
7213 15564.423
7214 23993.424
7215 13826.291
7216 16497.879
7217 8464.3305
7218 4946.5534
7219 817.33219
7220 381.40699
7221 368.20882
7222 607.23507
7223 2155.8935
7224 6604.908
7225 15817.379
7226 22294.779
7227 8280.3459
7228 8726.1914
7229 25614.949
7230 15087.131
7231 12278.477
7232 22741.607
7233 14418.2
7234 5051.4502
7235 6947.6613
7236 3687.9472
7237 2400.9601
7238 68.831976
7239 2739.8491
7240 3165.1523
7241 2955.8063
7242 12190.603
7243 11963.901
7244 11132.066
7245 10241.84
7246 24971.388
7247 14831.834
7248 28842.937
7249 31245.03
7250 22976.03
7251 15270.117
7252 23060.819
7253 21606.595
7254 2033.0726
7255 3754.786
7256 3546.2278
7257 1112.7198
7258 265.7431
7259 1237.1073
7260 905.15589
7261 422.73738
7262 1848.696
7263 7227.2522
7264 7615.0896
7265 10047.417
7266 15948.363
7267 20162.942
7268 19609.633
7269 21838.008
7270 13007.178
7271 29322.23
7272 29664.091
7273 17611.543
7274 24786.33
7275 19505.799
7276 8773.375
7277 5254.5029
7278 5095.229
7279 2293.0905
7280 1836.4101
7281 781.32798
7282 628.40633
7283 130.80092
7284 717.75056
7285 4563.8685
7286 59468.084
7287 182806.54
7288 167614.71
7289 44794.806
7290 47352.449
7291 13982.594
7292 12686.729
7293 38829.345
7294 14202.004
7295 7055.8484
7296 10801.435
7297 5859.6177
7298 3129.1063
7299 2099.225
7300 2250.1536
7301 1741.7834
7302 1370.3958
7303 9973.6228
7304 17872.305
7305 14828.007
7306 6314.0405
7307 20188.026
7308 22731.112
7309 4223.907
7310 8771.1097
7311 11575.849
7312 860.94977
7313 1072.3209
7314 1370.2479
7315 398.50246
7316 461.67136
7317 4239.7994
7318 20067.916
7319 17237.406
7320 19822.628
7321 14076.63
7322 15034.036
7323 17834.909
7324 35200.433
7325 29051.263
7326 8068.2686
7327 9760.4013
7328 6906.5257
7329 2536.783
7330 1670.5153
7331 1689.2582
7332 1490.746
7333 3507.1194
7334 5365.6754
7335 13722.734
7336 7905.7183
7337 9575.0797
7338 27188.644
7339 17958.973
7340 13664.854
7341 45225.659
7342 39920.867
7343 14416.494
7344 20165.423
7345 45065.972
7346 29019.172
7347 8028.0135
7348 5805.0719
7349 2716.2086
7350 2211.8889
7351 1778.1512
7352 668.7757
7353 508.95529
7354 364.92481
7355 4020.6044
7356 7413.8061
7357 14449.645
7358 16970.633
7359 19328.903
7360 15634.77
7361 12366.59
7362 15081.075
7363 5621.2183
7364 25613.002
7365 34676.143
7366 19840.821
7367 3727.2443
7368 4279.9607
7369 4295.9852
7370 1854.4996
7371 847.61286
7372 1709.5179
7373 1460.6609
7374 271.88084
7375 4158.9123
7376 4066.6595
7377 5625.3569
7378 20828.814
7379 25515.855
7380 5314.6499
7381 6970.5465
7382 14468.351
7383 16871.948
7384 16458.023
7385 40046.782
7386 53967.831
7387 18799.832
7388 11338.182
7389 9501.589
7390 2345.3942
7391 1083.0353
7392 623.23409
7393 486.66604
7394 102.13313
7395 312.50264
7396 831.15189
7397 1060.2095
7398 2153.633
7399 5593.1352
7400 3202.7809
7401 11048.912
7402 19083.001
7403 10529.416
7404 16852.455
7405 24368.326
7406 25737.038
7407 14721.162
7408 23342.539
7409 27852.971
7410 9989.607
7411 12172.76
7412 7856.15
7413 3200.8706
7414 2140.5598
7415 3084.2229
7416 1624.7482
7417 1952.1974
7418 1744.0366
7419 550.91514
7420 314.0006
7421 537.19456
7422 748.63074
7423 540.41023
7424 88.921582
7425 267.10414
7426 168.70783
7427 18.000355
7428 3995.1343
7429 3927.8069
7430 13.005
7431 432.91858
7432 4261.943
7433 2541.1056
7434 6516.5904
7435 11543.954
7436 9156.6535
7437 20432.091
7438 26582.144
7439 22090.83
7440 10652.295
7441 13335.334
7442 12726.64
7443 6304.1599
7444 14606.249
7445 21508.006
7446 14526.229
7447 9337.298
7448 22459.493
7449 25123.199
7450 15592.675
7451 17991.159
7452 7373.0725
7453 3018.9644
7454 4755.4988
7455 5402.274
7456 279.76909
7457 392.93972
7458 161.49632
7459 0
7460 1055.249
7461 2967.8975
7462 7030.8366
7463 20557.257
7464 23737.702
7465 12215.809
7466 10938.504
7467 35097.647
7468 58889.094
7469 31070.405
7470 34888.784
7471 24525.33
7472 5479.7216
7473 3665.9982
7474 7555.6996
7475 6777.0888
7476 1.3546158
7477 391.00985
7478 2970.3689
7479 5505.1236
7480 14046.91
7481 17590.43
7482 11764.484
7483 14671.177
7484 13471.619
7485 9854.856
7486 1488.9301
7487 793.07987
7488 3771.1425
7489 3395.026
7490 271.20317
7491 1284.2845
7492 2769.8729
7493 4321.81
7494 7282.783
7495 16576.569
7496 18060.541
7497 11683.836
7498 28560.297
7499 21237.235
7500 575.00468
7501 1060.9904
7502 766.66487
7503 0
7504 0
7505 926.53216
7506 13868.381
7507 16856.497
7508 18350.117
7509 35036.159
7510 34495.318
7511 13260.841
7512 13088.361
7513 15791.519
7514 6109.3033
7515 291.87686
7516 1033.3565
7517 174166.13
7518 132016.82
7519 39886.067
7520 73918.234
7521 335136.64
7522 265483.17
7523 1298797.3
7524 1504544.3
7525 672658
7526 140882.84
7527 113915.71
7528 41284.558
7529 9150.6813
7530 4798.4851
7531 87.528066
7532 11.870311
7533 524.91398
7534 876.45045
7535 13332.071
7536 39352.979
7537 7191.8912
7538 125258.94
7539 138032.84
7540 169534.77
7541 125493.41
7542 51224.795
7543 163240.04
7544 155043.97
7545 95030.716
7546 41321.895
7547 16778.755
7548 153309.66
7549 111733.34
7550 134050.96
7551 47393.967
7552 122487.1
7553 178656.96
7554 92657.135
7555 132502.1
7556 584067.82
7557 425851.92
7558 152382.35
7559 28185.761
7560 124302.08
7561 209038.36
7562 554159.78
7563 1497136.3
7564 1378108.1
7565 536051.23
7566 13458.545
7567 81463.17
7568 57340.885
7569 9795.3325
7570 5005.855
7571 3122.1064
7572 2137.9516
7573 592.24167
7574 0
7575 1648.3549
7576 11787.856
7577 16148.973
7578 8126.2371
7579 25274.658
7580 20263.171
7581 12414.306
7582 22804.375
7583 93851.114
7584 678613.43
7585 375401.76
7586 173135.86
7587 305570.73
7588 273728.71
7589 129943.69
7590 115057.56
7591 857668.15
7592 708387.24
7593 81227.291
7594 22503.046
7595 5513.8432
7596 43639.094
7597 27678.675
7598 16509.255
7599 16718.7
7600 41347.153
7601 22326.367
7602 3500.0599
7603 1988.5962
7604 188.124
7605 323.79244
7606 526.18258
7607 238.6328
7608 2
7609 490.72027
7610 3884.589
7611 7676.842
7612 4963.3797
7613 27488.654
7614 25453.547
7615 10682.508
7616 9941.821
7617 34948.105
7618 32644.793
7619 16077.991
7620 12198.291
7621 6801.7183
7622 2238.1294
7623 304.72556
7624 319.31844
7625 0
7626 0
7627 326.72123
7628 326.72123
7629 3.6143607
7630 2399.6537
7631 11226.773
7632 17597.043
7633 15035.783
7634 21905.134
7635 22609.143
7636 8128.0018
7637 33016.898
7638 32826.037
7639 16337.636
7640 22759.31
7641 12314.121
7642 972.44105
7643 330.2447
7644 828.08454
7645 937.31731
7646 344.10433
7647 94.275358
7648 103.55072
7649 232.25877
7650 684.26109
7651 9765.7398
7652 25537.399
7653 12277.459
7654 23501.469
7655 33499.434
7656 25528.965
7657 4824.6108
7658 17803.26
7659 14191.498
7660 6204.5488
7661 2332.5102
7662 5647.1354
7663 4533.7445
7664 815.71385
7665 768.32
7666 492.29421
7667 539.74814
7668 78.425574
7669 2144.4051
7670 6291.9436
7671 9368.202
7672 7334.5697
7673 26089.462
7674 21181.944
7675 6208.7673
7676 16981.945
7677 36791.314
7678 33647.096
7679 12226.3
7680 40087.081
7681 149352.87
7682 100242.37
7683 4002.0145
7684 85.257187
7685 62.769102
7686 18.29978
7687 18.29978
7688 0
7689 3.785727
7690 1140.1135
7691 1695.4787
7692 6091.9034
7693 14476.85
7694 8667.6177
7695 5231.9543
7696 24324.092
7697 22383.381
7698 14747.602
7699 36990.025
7700 32376.705
7701 44632.481
7702 22490.992
7703 19562.647
7704 7458.3995
7705 3137.1421
7706 3608.7869
7707 2245.1556
7708 6.4438687
7709 15.68
7710 15.68
7711 0
7712 746.73054
7713 797.14285
7714 1370.5961
7715 4993.8483
7716 10553.683
7717 9488.3767
7718 20848.522
7719 22798.752
7720 7910.4535
7721 20059.781
7722 34177.435
7723 16013.667
7724 4566.4267
7725 2471.7382
7726 1153.6411
7727 185.11383
7728 951.31958
7729 1036.4509
7730 92.48
7731 702.4122
7732 5962.6171
7733 7462.1984
7734 3779.3211
7735 10486.724
7736 13984.932
7737 10554.059
7738 6598.686
7739 30445.806
7740 37308.789
7741 10744.162
7742 1617.0615
7743 610.82926
7744 330.38705
7745 35.196025
7746 198.30605
7747 324.28971
7748 147.92
7749 224.34087
7750 5485.4432
7751 12116.692
7752 11829.837
7753 19258.154
7754 17935.557
7755 11367.441
7756 20895.805
7757 29929.575
7758 13674.035
7759 17464.775
7760 29263.977
7761 14909.87
7762 2537.4166
7763 216.53271
7764 50.470171
7765 20.48
7766 683.27559
7767 691.8949
7768 0
7769 122.88102
7770 4468.6756
7771 6879.4545
7772 10382.359
7773 21213.493
7774 13973.124
7775 9063.8429
7776 27511.726
7777 20308.094
7778 10338.583
7779 22135.051
7780 24268.778
7781 3212.7564
7782 1194.9314
7783 905.1984
7784 661.42771
7785 0
7786 0
7787 0
7788 0
7789 141.12
7790 488.89044
7791 6896.7133
7792 13798.94
7793 10640.655
7794 17203.48
7795 33583.504
7796 27721.341
7797 15714.732
7798 20266.47
7799 7848.7763
7800 2100.4512
7801 784.67474
7802 448.44289
7803 197.85608
7804 0
7805 133.92566
7806 1846.4462
7807 12042.265
7808 26225.599
7809 18173.807
7810 27637.315
7811 26241.54
7812 23697.181
7813 14364.891
7814 7625.4714
7815 5606.2441
7816 2858.798
7817 0.16848174
7818 0
7819 0
7820 326.3803
7821 3907.954
7822 13901.134
7823 26049.418
7824 22455.983
7825 30633.298
7826 26207.819
7827 20813.66
7828 14238.196
7829 4910.7747
7830 70.867319
7831 0
7832 0
7833 0
7834 224.76325
7835 5487.5174
7836 13361.822
7837 12840.674
7838 31149.704
7839 32616.567
7840 16793.778
7841 19058.299
7842 25525.9
7843 17196.262
7844 2057.0853
7845 1650.9481
7846 31.419636
7847 0
7848 0
7849 0
7850 22.764562
7851 3465.9336
7852 8729.5972
7853 8913.601
7854 20584.159
7855 31366.713
7856 30458.941
7857 18755.853
7858 23370.205
7859 39534.112
7860 22220.364
7861 2890.2995
7862 1641.0535
7863 915.00369
7864 209.13687
7865 391.13867
7866 391.13867
7867 0
7868 113.58084
7869 3236.4614
7870 4931.6637
7871 3409.4792
7872 4224.5871
7873 53914.86
7874 25170.353
7875 5583.6305
7876 19851.733
7877 12094.469
7878 836.22171
7879 1370.9989
7880 334.7844
7881 60.680145
7882 0
7883 0
7884 0
7885 0
7886 0
7887 0
7888 129.64478
7889 2185.7488
7890 4895.061
7891 6556.598
7892 21099.832
7893 14576.659
7894 8520.5511
7895 34871.219
7896 44067.094
7897 27869.111
7898 51697.413
7899 43411.97
7900 32573.288
7901 23727.102
7902 12547.938
7903 965.71124
7904 1826.702
7905 1726.8687
7906 0
7907 0
7908 0
7909 0
7910 6516.9194
7911 7737.1306
7912 2637.0901
7913 12108.72
7914 23112.838
7915 13976.144
7916 10502.053
7917 36129.545
7918 28562.857
7919 13456.269
7920 21623.929
7921 21824.175
7922 687.83388
7923 268.1155
7924 561.04031
7925 547.80001
7926 0
7927 803.27044
7928 803.27044
7929 7.605
7930 939.3126
7931 2513.136
7932 2775.5003
7933 7331.1219
7934 16109.223
7935 11712.327
7936 9688.7374
7937 36573.898
7938 29857.541
7939 14986.493
7940 13699.268
7941 12509.859
7942 4143.5975
7943 1416.2916
7944 425.60349
7945 268.11248
7946 409.40211
7947 380.55064
7948 0
7949 0
7950 25.92
7951 25.92
7952 284.19065
7953 3011.9851
7954 2828.841
7955 9608.38
7956 18512.204
7957 16552.438
7958 4770.8983
7959 21733.515
7960 18455.7
7961 8998.5126
7962 73432.516
7963 62008.773
7964 21449.097
7965 7477.9462
7966 9092.9767
7967 5162.3952
7968 432.18187
7969 242.58994
7970 243.52677
7971 0
7972 0
7973 0
7974 0
7975 0
7976 16.063824
7977 25.825156
7978 12.005
7979 1169.2758
7980 5374.9781
7981 4030.4
7982 8149.6434
7983 13897.321
7984 10552.34
7985 12924.617
7986 25615.7
7987 30786.172
7988 19414.515
7989 24703.435
7990 39187.395
7991 20553.759
7992 16823.637
7993 19400.565
7994 6306.3653
7995 1135.9741
7996 477.57782
7997 373.4455
7998 55.04449
7999 0.72
8000 0
8001 0
8002 0
8003 68.904211
8004 70.981758
8005 515.64399
8006 6088.815
8007 7473.0604
8008 11828.752
8009 18635.007
8010 15742.546
8011 19076.324
8012 31085.958
8013 26317.447
8014 11135.549
8015 37942.033
8016 48516.56
8017 23561.016
8018 3357.8433
8019 2561.9537
8020 3668.8232
8021 3136.8969
8022 234.53219
8023 0
8024 1038.844
8025 1038.844
8026 0
8027 1261.3991
8028 1337.9558
8029 1209.7645
8030 7947.2703
8031 7288.1535
8032 4066.2189
8033 27985.254
8034 25366.858
8035 10411.049
8036 26852.83
8037 27252.517
8038 14608.192
8039 33472.486
8040 42750.35
8041 17216.572
8042 11786.058
8043 21554.66
8044 16736.105
8045 20381.351
8046 23373.858
8047 4534.397
8048 1774.1587
8049 889.46266
8050 291.52775
8051 69.150836
8052 66.795091
8053 31.768953
8054 0.125
8055 0
8056 0
8057 0
8058 0
8059 0
8060 0
8061 0
8062 16.634102
8063 1029.4878
8064 3244.2536
8065 16315.805
8066 18058.266
8067 6789.3285
8068 15417.03
8069 32864.794
8070 26751.834
8071 7803.0068
8072 30345.313
8073 26985.448
8074 10565.885
8075 31711.894
8076 31341.372
8077 7998.8268
8078 28283.353
8079 37595.596
8080 10237.263
8081 2459.5856
8082 285.81776
8083 271.04841
8084 228.37582
8085 74.889038
8086 356.33727
8087 369.02425
8088 0
8089 0
8090 0
8091 0
8092 0
8093 0
8094 0
8095 92.48
8096 1082.6464
8097 4878.131
8098 9117.4364
8099 12515.389
8100 27995.503
8101 18123.41
8102 17553.907
8103 43285.025
8104 47429.915
8105 25520.134
8106 15235.238
8107 19542.032
8108 13868.52
8109 1767.4408
8110 1448.3522
8111 950.41692
8112 10.630623
8113 2.42
8114 0
8115 0
8116 0
8117 0
8118 0
8119 452.39476
8120 2010.3538
8121 5933.7972
8122 12259.136
8123 25804.98
8124 22706.269
8125 13418.683
8126 42897.341
8127 48491.447
8128 36857.268
8129 24926.103
8130 14341.969
8131 3985.4493
8132 1426.1666
8133 4867.0924
8134 3765.2998
8135 373.48452
8136 332.3667
8137 15.298477
8138 0
8139 0
8140 0
8141 0
8142 0
8143 0
8144 108.49597
8145 3601.0679
8146 8586.4807
8147 9949.8487
8148 19491.498
8149 19010.137
8150 18236.249
8151 5692.2764
8152 39066.193
8153 41058.969
8154 15315.038
8155 11048.51
8156 38247.533
8157 34602.147
8158 5010.4145
8159 4740.9924
8160 7185.6394
8161 4870.3036
8162 168.1217
8163 62.715445
8164 1331.8426
8165 1412.6141
8166 0
8167 0
8168 78372.415
8169 50919.533
8170 146631.77
8171 27650.934
8172 2281.9441
8173 2669.6917
8174 126645.67
8175 116865.19
8176 21291.79
8177 27892.514
8178 11872.027
8179 26298.769
8180 23756.802
8181 11314.433
8182 2296.6311
8183 8230.4989
8184 10721.815
8185 14134.925
8186 7316.9972
8187 11875.134
8188 11626.361
8189 5604.7749
8190 5421.8314
8191 5330.1199
8192 12943.114
8193 12347.536
8194 14986.236
8195 19119.407
8196 9635.876
8197 10598.377
8198 8944.8582
8199 9287.4475
8200 11001.051
8201 8079.1034
8202 10036.904
8203 5333.2009
8204 2711.3531
8205 11111.374
8206 9469.6087
8207 1638.5659
8208 1815.1216
8209 3692.8418
8210 4228.6536
8211 2559.767
8212 7668.9839
8213 4572.4101
8214 3400.2182
8215 4127.819
8216 5593.6503
8217 4345.3775
8218 2346.4772
8219 3088.819
8220 5305.7757
8221 2979.9951
8222 1188.0688
8223 5720.3774
8224 6716.9167
8225 1595.2715
8226 3023.0045
8227 4723.8545
8228 4750.0262
8229 1879.3617
8230 3775.028
8231 5496.3996
8232 3698.4601
8233 12730.348
8234 15984.689
8235 6910.353
8236 3087.9686
8237 4677.7356
8238 6094.7261
8239 5289.3925
8240 6570.549
8241 12208.783
8242 6198.8834
8243 2642.4675
8244 8125.6371
8245 7171.5424
8246 3070.4158
8247 2007.4698
8248 4034.8193
8249 4520.0398
8250 2179.3723
8251 6396.5651
8252 7061.3316
8253 4584.4993
8254 4673.3742
8255 22736.199
8256 22863.177
8257 3383.1661
8258 8151.7871
8259 7383.0758
8260 6374.1449
8261 14657.487
8262 16480.246
8263 7195.6016
8264 3795.5132
8265 10356.368
8266 13161.442
8267 8556.6087
8268 10136.205
8269 18151.481
8270 19407.068
8271 12144.68
8272 22661.191
8273 18308.654
8274 3841.7935
8275 6586.2879
8276 6795.0439
8277 3878.5502
8278 12054.476
8279 11592.88
8280 3287.1158
8281 6815.0922
8282 8258.0791
8283 11820.414
8284 10016.483
8285 7427.9071
8286 11067.542
8287 7928.3044
8288 12408.003
8289 8950.7296
8290 3151.2935
8291 6680.6572
8292 7181.6041
8293 6360.1962
8294 9301.0528
8295 6558.3426
8296 2380.7101
8297 4604.6206
8298 6889.1821
8299 3079.2079
8300 1931.0003
8301 4481.8326
8302 5066.8537
8303 2300.0064
8304 7079.4044
8305 9386.6746
8306 7011.6621
8307 5091.7519
8308 8671.5315
8309 7045.2673
8310 3333.4833
8311 6240.1631
8312 8100.0804
8313 1348.3779
8314 1011.5978
8315 8327.0324
8316 9363.3672
8317 2212.1832
8318 3576.6178
8319 8753.7832
8320 6961.4068
8321 6423.9308
8322 4780.8311
8323 11458.398
8324 8797.5855
8325 5931.7293
8326 6876.7924
8327 18626.167
8328 16852.735
8329 16440.533
8330 13527.272
8331 13339.52
8332 14993.393
8333 39590.64
8334 44925.724
8335 7431.8857
8336 9457.3469
8337 28672.445
8338 20231.79
8339 4303.8696
8340 11871.156
8341 15119.828
8342 7500.1012
8343 1360.1184
8344 5832.7371
8345 9664.7311
8346 12048.709
8347 11028.403
8348 10631.941
8349 10338.476
8350 6490.4096
8351 4264.5975
8352 3813.7945
8353 7857.9702
8354 2970.6387
8355 6420.5131
8356 6407.9387
8357 4798.7045
8358 4327.3478
8359 7920.571
8360 6644.7134
8361 1591.7842
8362 4128.4065
8363 7346.8665
8364 8526.5961
8365 9315.2052
8366 9652.1389
8367 7783.3291
8368 8091.1536
8369 10947.982
8370 6284.1535
8371 5064.8893
8372 5570.3913
8373 10424.959
8374 12575.421
8375 5246.563
8376 6520.4274
8377 5291.5496
8378 3478.7271
8379 6819.7536
8380 7503.09
8381 3278.478
8382 7849.0175
8383 5145.8639
8384 9294.0394
8385 13157.211
8386 8182.2775
8387 17288.637
8388 29652.436
8389 19405.367
8390 17060.25
8391 15444.73
8392 22237.638
8393 12269.759
8394 5110.868
8395 17661.834
8396 26984.301
8397 18869.401
8398 9141.3721
8399 18757.098
8400 9995.1096
8401 9911.8678
8402 23315.196
8403 16291.837
8404 7721.6464
8405 17179.915
8406 10680.422
8407 6188.1106
8408 22476.858
8409 23663.003
8410 24256.547
8411 24773.307
8412 18775.837
8413 12448.105
8414 2424.5207
8415 9166.4196
8416 13434.381
8417 11899.542
8418 11661.104
8419 9430.867
8420 10903.691
8421 8206.1337
8422 11064.777
8423 12502.217
8424 14803.165
8425 16465.689
8426 13933.581
8427 6743.7346
8428 10580.826
8429 17364.856
8430 9957.2571
8431 3513.0721
8432 10922.382
8433 8627.118
8434 3157.7818
8435 6008.8478
8436 13041.512
8437 7909.4284
8438 7566.9388
8439 12287.992
8440 8642.9419
8441 7243.4702
8442 4560.0665
8443 7523.4093
8444 4650.8458
8445 6257.1263
8446 21537.921
8447 16917.639
8448 4964.573
8449 15346.073
8450 20156.21
8451 10665.915
8452 10541.085
8453 22656.705
8454 16884.844
8455 5905.6766
8456 13449.503
8457 12298.616
8458 3728.5824
8459 12370.129
8460 18674.968
8461 8959.659
8462 7829.0512
8463 11401.402
8464 7004.9296
8465 11732.08
8466 14088.308
8467 9070.1387
8468 3353.4069
8469 4002.2971
8470 10279.078
8471 5619.3233
8472 4912.1824
8473 13853.979
8474 7325.0628
8475 4344.5636
8476 9480.6979
8477 11042.5
8478 7628.8266
8479 9175.2893
8480 8345.8343
8481 3198.5462
8482 14708.892
8483 14349.3
8484 8604.0259
8485 18363.545
8486 19797.275
8487 7325.5194
8488 6065.243
8489 27159.939
8490 19349.391
8491 2836.2482
8492 5190.7546
8493 6364.2174
8494 8264.161
8495 6010.5026
8496 5720.3054
8497 4651.8695
8498 933.33939
8499 7458.6907
8500 6012.1527
8501 3925.7854
8502 5457.4899
8503 4827.3583
8504 1644.9536
8505 1782.002
8506 4059.5291
8507 2972.5227
8508 1475.9394
8509 6409.2228
8510 8593.037
8511 1408.8868
8512 7173.3694
8513 9271.6587
8514 3913.287
8515 5029.1486
8516 9090.5399
8517 8850.5083
8518 5043.2617
8519 10158.662
8520 12803.79
8521 14082.99
8522 12454.921
8523 17860.885
8524 17201.458
8525 4985.105
8526 14042.626
8527 11909.851
8528 6120.1839
8529 17629.985
8530 24881.373
8531 11690.193
8532 8771.9189
8533 42340.96
8534 40378.214
8535 12864.789
8536 9903.8464
8537 22241.321
8538 9148.9279
8539 5474.301
8540 9670.4406
8541 8333.3216
8542 3010.1143
8543 17942.444
8544 22800.196
8545 7113.2681
8546 6866.3075
8547 6966.5254
8548 7200.5451
8549 4498.4513
8550 7184.9235
8551 6397.4097
8552 10668.884
8553 13466.017
8554 12271.216
8555 10074.068
8556 8921.1876
8557 8049.9903
8558 14741.171
8559 15202.792
8560 5313.0272
8561 6907.0131
8562 21645.82
8563 23376.506
8564 5742.8975
8565 9857.1556
8566 17624.692
8567 8081.093
8568 10459.726
8569 16601.009
8570 11697.885
8571 16236.525
8572 17072.828
8573 17292.031
8574 17609.835
8575 18065.832
8576 17421.384
8577 8587.735
8578 2143.0647
8579 18763.623
8580 22327.081
8581 12464.718
8582 7430.1943
8583 10179.378
8584 2490.2038
8585 8371.1442
8586 8448.7389
8587 4061.5519
8588 3545.2183
8589 8743.2238
8590 8305.7682
8591 4822.2014
8592 8855.3967
8593 5194.6117
8594 1954.8492
8595 4636.215
8596 10025.481
8597 8024.797
8598 6761.2212
8599 7222.2991
8600 8965.4296
8601 9188.7568
8602 9297.5163
8603 7136.0991
8604 7541.947
8605 11041.536
8606 9097.2956
8607 4534.5363
8608 6193.2289
8609 11802.281
8610 6848.5624
8611 1508.7119
8612 8318.8494
8613 18003.602
8614 9683.5827
8615 11262.09
8616 12581.452
8617 2917.9052
8618 10349.611
8619 9640.3443
8620 4946.4458
8621 8054.3164
8622 23139.914
8623 5470.7573
8624 9987.748
8625 15196.601
8626 8937.2554
8627 12011.874
8628 22724.374
8629 18004.903
8630 20602.568
8631 19575.884
8632 15047.401
8633 9506.4434
8634 6179.3197
8635 14055.753
8636 29257.132
8637 23743.472
8638 7708.8853
8639 18839.811
8640 12096.839
8641 3704.3948
8642 13972.813
8643 25483.414
8644 10859.955
8645 4699.6066
8646 11059.178
8647 6779.212
8648 8139.9853
8649 9420.1781
8650 6692.0014
8651 8635.6187
8652 18010.086
8653 10104.124
8654 3870.2664
8655 11625.031
8656 9357.0751
8657 6038.2427
8658 14978.604
8659 11846.346
8660 7299.3536
8661 11830.523
8662 13357.52
8663 8887.2757
8664 10929.762
8665 17207.684
8666 14054.122
8667 25045.962
8668 28189.009
8669 10511.347
8670 3110.1792
8671 10672.842
8672 29588.487
8673 13524.799
8674 7587.1007
8675 10392.875
8676 8598.0026
8677 6985.9283
8678 17881.033
8679 15696.335
8680 2648.1688
8681 5865.6907
8682 21045.794
8683 14958.239
8684 8375.889
8685 14037.738
8686 7486.8419
8687 9150.885
8688 20439.817
8689 15769.614
8690 20833.879
8691 23044.409
8692 12591.417
8693 5991.9599
8694 22593.458
8695 19432.163
8696 8661.5724
8697 14431.025
8698 12439.143
8699 9680.858
8700 8247.7038
8701 15540.62
8702 10647.59
8703 4728.1717
8704 8272.1433
8705 11145.338
8706 8318.1447
8707 1582.4301
8708 2988.4486
8709 9000.7543
8710 5240.1111
8711 6343.1403
8712 8962.0785
8713 6791.9176
8714 7137.9498
8715 13575.267
8716 6797.1798
8717 2240.4001
8718 8745.1726
8719 7984.443
8720 1329.0489
8721 8070.3498
8722 17492.393
8723 8925.893
8724 3685.4031
8725 14205.459
8726 10304.474
8727 4332.269
8728 6931.4457
8729 6386.0892
8730 11842.322
8731 20913.95
8732 9207.4035
8733 4583.1306
8734 20794.571
8735 28482.586
8736 6394.2814
8737 7849.45
8738 11505.676
8739 13395.75
8740 26803.184
8741 20596.512
8742 10368.507
8743 6162.341
8744 8512.9402
8745 8794.4847
8746 5700.8206
8747 5646.3302
8748 6840.7796
8749 4021.881
8750 7792.0502
8751 13303.929
8752 9450.3727
8753 11619.928
8754 13913.886
8755 3373.5291
8756 11518.214
8757 10256.367
8758 2875.1376
8759 10408.98
8760 8660.0626
8761 8613.5588
8762 24963.309
8763 15929.728
8764 20947.353
8765 9586.4029
8766 16368.939
8767 6951.9038
8768 8124.8347
8769 6371.4624
8770 10488.148
8771 6658.9754
8772 6607.0451
8773 8238.0656
8774 1679.1874
8775 3965.4968
8776 7557.5424
8777 4772.5912
8778 3722.1346
8779 9809.9531
8780 9683.4932
8781 1572.8568
8782 4124.3497
8783 8365.467
8784 4817.9242
8785 7524.1093
8786 13732.783
8787 11676.464
8788 6167.3141
8789 11570.947
8790 22858.331
8791 12818.294
8792 19209.001
8793 29234.798
8794 7112.4107
8795 10087.614
8796 27019.335
8797 15858.114
8798 8252.1152
8799 19064.549
8800 14591.487
8801 8130.5769
8802 5389.8007
8803 12382.721
8804 9443.0683
8805 5430.1486
8806 6298.9344
8807 6212.3328
8808 10860.448
8809 8376.719
8810 6399.8765
8811 7754.7598
8812 11565.552
8813 9117.4527
8814 13545.707
8815 21681.423
8816 27018.791
8817 11145.622
8818 17393.978
8819 6451.867
8820 8269.9547
8821 15025.39
8822 9085.0136
8823 5177.4741
8824 5343.3415
8825 6348.3258
8826 5450.1251
8827 5838.6855
8828 9501.7623
8829 10377.268
8830 6540.6654
8831 8758.1266
8832 8584.2694
8833 10027.832
8834 14807.042
8835 9412.1889
8836 9097.1179
8837 14574.648
8838 9038.429
8839 8490.6082
8840 15609.751
8841 25271.14
8842 5203.2619
8843 8293.1512
8844 9815.1369
8845 10158.969
8846 2717.7199
8847 7461.1625
8848 13173.512
8849 7641.9087
8850 10318.067
8851 15370.387
8852 6753.6373
8853 5176.9662
8854 14945.462
8855 11782.493
8856 1359.5877
8857 8796.3793
8858 20378.747
8859 4947.8547
8860 8680.6428
8861 13438.073
8862 9840.6101
8863 3722.5367
8864 6088.736
8865 5254.5113
8866 7207.6663
8867 5079.8883
8868 4789.5612
8869 1909.9061
8870 12704.911
8871 10954.775
8872 2596.5194
8873 5496.8743
8874 17954.465
8875 7317.0773
8876 13010.808
8877 17333.314
8878 9208.8938
8879 4541.0161
8880 20036.423
8881 18721.734
8882 5642.0367
8883 12040.835
8884 12818.387
8885 7172.2383
8886 6845.2025
8887 9680.5974
8888 9930.6777
8889 6246.2726
8890 15244.926
8891 20078.885
8892 2795.044
8893 15202.153
8894 17924.961
8895 10685.116
8896 9209.3175
8897 12463.26
8898 6182.7446
8899 10256.872
8900 9097.1675
8901 17637.293
8902 4761.1116
8903 5252.0138
8904 8790.3266
8905 8698.4301
8906 3247.1792
8907 3872.6386
8908 2886.0833
8909 1727.2129
8910 3411.8759
8911 5806.8524
8912 4453.2637
8913 3055.5439
8914 5355.3851
8915 2937.1829
8916 16787.177
8917 9334.9949
8918 4867.0937
8919 4997.6366
8920 11888.109
8921 12513.954
8922 5974.4708
8923 16028.265
8924 19294.403
8925 10208.148
8926 19184.12
8927 16545.003
8928 4086.7536
8929 5053.7187
8930 21209.733
8931 18432.474
8932 3933.0777
8933 14417.603
8934 16186.437
8935 8267.0596
8936 11273.104
8937 9522.5979
8938 4590.4113
8939 6044.3032
8940 15355.389
8941 11510.583
8942 7479.6646
8943 8479.3152
8944 7417.3748
8945 4362.0196
8946 11701.618
8947 9398.9992
8948 11947.994
8949 15169.46
8950 12208.781
8951 14532.108
8952 20652.301
8953 12948.378
8954 10482.097
8955 15252.573
8956 11953.577
8957 12544.884
8958 9757.8473
8959 16238.072
8960 14086.414
8961 15764.299
8962 11596.661
8963 8793.4341
8964 12086.605
8965 6666.2412
8966 5204.0002
8967 12234.51
8968 11822.919
8969 3651.8997
8970 7319.8976
8971 6445.261
8972 3075.1561
8973 9836.2673
8974 13276.829
8975 4045.4699
8976 13439.97
8977 11696.854
8978 5278.1284
8979 5029.9863
8980 19344.32
8981 17557.433
8982 8619.5187
8983 8111.2985
8984 9750.2358
8985 8868.0686
8986 13659.964
8987 14550.948
8988 4191.7558
8989 5519.5094
8990 10011.013
8991 5569.4852
8992 2468.6583
8993 9556.6904
8994 9341.6684
8995 2494.0765
8996 4708.2298
8997 13282.897
8998 7518.6714
8999 4274.6156
9000 6874.9012
9001 7879.9143
9002 2797.5231
9003 7807.4218
9004 11017.98
9005 6016.2779
9006 11516.342
9007 14290.826
9008 9048.3688
9009 6337.2887
9010 20871.29
9011 15319.147
9012 4709.1759
9013 14891.713
9014 15519.867
9015 3172.6507
9016 3406.9613
9017 8431.7279
9018 7006.066
9019 3646.5707
9020 15082.819
9021 15297.278
9022 2340.0107
9023 7837.9641
9024 8859.7614
9025 6738.1894
9026 3922.7522
9027 11907.571
9028 12298.274
9029 13372.188
9030 13882.525
9031 18960.161
9032 14058.68
9033 15439.711
9034 15627.494
9035 10442.956
9036 9830.0079
9037 7291.3504
9038 6596.1919
9039 3416.4878
9040 6571.4261
9041 11425.459
9042 7966.3203
9043 2404.1695
9044 6151.4739
9045 8476.7715
9046 7311.0057
9047 7163.963
9048 7337.5704
9049 9956.5346
9050 10004.423
9051 8467.446
9052 5024.5098
9053 14203.037
9054 14405.759
9055 11386.898
9056 15741.555
9057 31923.511
9058 27160.943
9059 5048.2311
9060 7390.7
9061 21845.268
9062 18188.862
9063 9062.7507
9064 9875.5263
9065 2809.155
9066 3194.4427
9067 18797.125
9068 18557.784
9069 2285.7687
9070 3114.8455
9071 14789.894
9072 17409.361
9073 3860.1209
9074 13347.701
9075 10243.155
9076 7587.9844
9077 16687.606
9078 14760.397
9079 8497.7792
9080 8705.6732
9081 17748.473
9082 17885.625
9083 12694.704
9084 17162.384
9085 23257.036
9086 19966.67
9087 12828.742
9088 12920.831
9089 4458.0024
9090 3755.7852
9091 9114.192
9092 5174.5389
9093 8750.1872
9094 12756.576
9095 13954.805
9096 3123.2103
9097 12409.069
9098 18088.622
9099 4484.0869
9100 5497.6766
9101 13815.485
9102 13564.558
9103 5430.6214
9104 13442.101
9105 13746.404
9106 6354.7996
9107 9665.2753
9108 27099.053
9109 19573.914
9110 15123.125
9111 28590.305
9112 13223.86
9113 21744.594
9114 11328.438
9115 15637.781
9116 2205.2868
9117 2574.5627
9118 6750.1985
9119 7227.3924
9120 2237.5385
9121 4217.0492
9122 9798.8518
9123 6329.9562
9124 999.2963
9125 3457.7487
9126 4363.8681
9127 1508.129
9128 1613.009
9129 2965.4852
9130 4184.2562
9131 5103.2014
9132 3947.5652
9133 6957.1103
9134 1983.1293
9135 6989.4277
9136 8337.2648
9137 2485.0979
9138 6572.7291
9139 14423.28
9140 10438.558
9141 6615.2785
9142 18752.753
9143 24785.671
9144 7497.3042
9145 11315.433
9146 13361.492
9147 5408.1705
9148 16087.199
9149 20759.632
9150 16451.48
9151 10349.304
9152 8947.0578
9153 9853.8603
9154 13212.006
9155 13138.872
9156 11309.682
9157 10224.844
9158 11485.364
9159 7391.4363
9160 10310.743
9161 11019.125
9162 6353.3294
9163 9330.4428
9164 6022.5211
9165 3244.5229
9166 8097.2166
9167 13053.74
9168 7844.6834
9169 3776.5412
9170 10146.142
9171 10985.414
9172 14554.258
9173 8375.5926
9174 9536.6603
9175 9207.1068
9176 13298.953
9177 9794.4386
9178 2156.6914
9179 11849.412
9180 15149.502
9181 3691.9837
9182 8143.1086
9183 15707.508
9184 15940.073
9185 9142.0061
9186 14674.5
9187 8270.6592
9188 4951.9678
9189 6397.5283
9190 26165.815
9191 33266.993
9192 27600.261
9193 17152.33
9194 17598.339
9195 23246.796
9196 25397.506
9197 32589.337
9198 7076.9033
9199 15786.684
9200 23022.264
9201 15047.626
9202 13789.142
9203 24878.981
9204 18563.586
9205 6837.6133
9206 8684.4366
9207 8553.1291
9208 3912.1285
9209 5447.286
9210 6090.8908
9211 1884.2366
9212 14198.473
9213 8138.8848
9214 2776.4274
9215 5036.6304
9216 6639.8866
9217 2073.0021
9218 7266.1325
9219 7975.384
9220 6519.4428
9221 4901.9223
9222 7140.1231
9223 8319.1371
9224 4028.8142
9225 6232.1869
9226 11971.98
9227 4638.1117
9228 4635.6441
9229 9302.586
9230 6167.0932
9231 5327.6755
9232 6332.1202
9233 8583.3223
9234 7480.2645
9235 6925.183
9236 7595.6037
9237 3601.7614
9238 7808.047
9239 11875.959
9240 7422.3963
9241 6194.1004
9242 9050.0498
9243 13885.769
9244 12136.671
9245 11876.557
9246 23610.814
9247 11271.46
9248 6368.6093
9249 14587.021
9250 16246.306
9251 4972.2157
9252 9730.5104
9253 14327.913
9254 15792.17
9255 14149.781
9256 3760.1412
9257 13843.188
9258 4407.0385
9259 7664.6088
9260 15369.526
9261 12824.242
9262 11900.239
9263 18914.689
9264 8846.9918
9265 16393.073
9266 24309.999
9267 12920.911
9268 10926.806
9269 17089.156
9270 12733.689
9271 9066.3096
9272 10798.568
9273 8146.8061
9274 8731.462
9275 7297.7229
9276 18564.383
9277 7283.4816
9278 9830.1668
9279 13995.13
9280 4818.5703
9281 3506.3966
9282 9917.2228
9283 9110.0596
9284 4001.8093
9285 5097.4798
9286 7009.0697
9287 6099.0259
9288 11306.886
9289 11717.757
9290 9196.9691
9291 13906.349
9292 20862.964
9293 23175.645
9294 4765.7691
9295 10882.311
9296 11048.016
9297 11024.058
9298 19164.784
9299 14821.929
9300 3712.3758
9301 4841.8671
9302 17058.607
9303 12399.941
9304 5278.7093
9305 12700.131
9306 9835.1419
9307 5236.4514
9308 7617.3363
9309 8923.128
9310 2448.7248
9311 4763.3327
9312 13867.922
9313 13003.195
9314 7854.1305
9315 6269.1554
9316 6967.4328
9317 6462.7126
9318 9271.3094
9319 16736.167
9320 10891.78
9321 9045.0378
9322 14518.605
9323 8016.122
9324 13250.297
9325 27138.909
9326 22935.79
9327 3163.002
9328 10612.068
9329 25931.772
9330 8673.3168
9331 3587.1413
9332 1447.9338
9333 3879.2117
9334 4232.4905
9335 5226.1838
9336 6852.6133
9337 5523.7594
9338 2068.9595
9339 6973.388
9340 10837.185
9341 6393.929
9342 3646.021
9343 5391.2503
9344 3964.27
9345 8008.2795
9346 14098.348
9347 10483.028
9348 2314.6918
9349 8177.9595
9350 20906.817
9351 10482.073
9352 2419.0765
9353 18087.918
9354 16193.707
9355 12821.425
9356 17156.58
9357 21423.227
9358 5836.5957
9359 8824.1518
9360 37299.498
9361 21739.982
9362 14436.921
9363 6625.6538
9364 5187.7606
9365 6146.8907
9366 14519.932
9367 12568.298
9368 8479.5082
9369 13988.871
9370 13094.331
9371 8693.4906
9372 9436.9715
9373 9580.6021
9374 9946.0736
9375 10145.731
9376 8630.0755
9377 3517.7452
9378 3458.162
9379 10388.131
9380 8664.8534
9381 8119.6922
9382 6396.258
9383 8718.3387
9384 4555.7124
9385 6627.9162
9386 8127.6831
9387 2760.6535
9388 6240.0351
9389 12107.452
9390 5048.3067
9391 5360.01
9392 9573.4026
9393 31600.21
9394 4162.6211
9395 27994.237
9396 7884.8406
9397 24746.462
9398 10377.259
9399 10917.087
9400 27861.519
9401 26723.763
9402 3313.8598
9403 16644.244
9404 43770.954
9405 26354.486
9406 15493.189
9407 10559.258
9408 16813.654
9409 4893.2218
9410 8038.3203
9411 13927.906
9412 7955.6606
9413 10122.01
9414 6024.5854
9415 6055.0641
9416 3625.0391
9417 5416.2696
9418 8113.4082
9419 6960.5182
9420 4556.4253
9421 12523.025
9422 11080.501
9423 8911.8508
9424 7685.3403
9425 3787.93
9426 3955.0941
9427 9819.6957
9428 9342.8197
9429 7477.1436
9430 2281.0512
9431 7721.2949
9432 11010.862
9433 10373.983
9434 6851.2678
9435 7022.5269
9436 4681.3419
9437 2739.2784
9438 4869.7193
9439 3974.3851
9440 4630.9985
9441 6132.3051
9442 10304.482
9443 2152.0756
9444 4207.0867
9445 9317.2119
9446 4841.1458
9447 2836.7617
9448 4359.1315
9449 4351.5288
9450 3694.1627
9451 10940.357
9452 18625.691
9453 2834.5184
9454 11172.202
9455 21240.712
9456 12508.242
9457 10803.333
9458 13160.375
9459 7709.4244
9460 7804.6378
9461 16538.863
9462 10025.473
9463 12979.446
9464 17703.031
9465 16538.45
9466 8255.1895
9467 15048.476
9468 17171.769
9469 10530.921
9470 24321.751
9471 20520.953
9472 10774.228
9473 4318.3171
9474 12998.324
9475 14872.428
9476 9873.6233
9477 6319.2048
9478 17428.415
9479 11391.253
9480 5997.2278
9481 13263.955
9482 11580.987
9483 7555.5371
9484 10900.244
9485 7489.5884
9486 5254.7663
9487 20752.365
9488 11899.084
9489 4874.0395
9490 2261.5047
9491 11687.073
9492 9256.7677
9493 5156.237
9494 9910.7065
9495 5249.7547
9496 9443.2295
9497 9819.0364
9498 13000.526
9499 7619.1076
9500 7346.2207
9501 11258.218
9502 13033.287
9503 14061.613
9504 8911.7671
9505 12425.475
9506 10482.102
9507 6262.7116
9508 24648.281
9509 67025.138
9510 164084.88
9511 229323.06
9512 34621.579
9513 2671.9508
9514 171823
9515 162192.79
9516 55725.782
9517 12389.468
9518 15947.793
9519 3290.268
9520 6066.555
9521 8807.0107
9522 31225.346
9523 25565.039
9524 16577.041
9525 16667.568
9526 17092.679
9527 8671.714
9528 18278.853
9529 22350.111
9530 15035.62
9531 11412.3
9532 24233.61
9533 17460.201
9534 16062.954
9535 10349.867
9536 6584.3151
9537 1596.4961
9538 1413.3995
9539 999.15257
9540 56.493966
9541 30.038857
9542 93.259035
9543 114.50539
9544 30.200569
9545 9.68
9546 1144.6993
9547 2418.3847
9548 3935.6809
9549 11182.039
9550 10728.956
9551 4981.2742
9552 10073.055
9553 17420.555
9554 6314.7573
9555 12632.003
9556 12399.46
9557 11077.489
9558 14101.414
9559 18954.128
9560 5562.2117
9561 1541.0551
9562 639.98731
9563 112629.26
9564 102231.74
9565 4696.927
9566 7.605
9567 0
9568 168.34264
9569 1539.6938
9570 4336.1075
9571 6394.8719
9572 12696.981
9573 6817.8492
9574 7333.0887
9575 31659.399
9576 23466.569
9577 13575.192
9578 26687.762
9579 35752.047
9580 12608.53
9581 4546.6923
9582 2724.4771
9583 2181.4936
9584 64.826791
9585 0
9586 0
9587 0
9588 0
9589 1.62
9590 1.62
9591 65.025069
9592 538.58129
9593 4572.4976
9594 9349.0649
9595 12656.472
9596 9657.3744
9597 14922.355
9598 8927.6474
9599 9946.2191
9600 19068.189
9601 14624.303
9602 32886.664
9603 18880.837
9604 17989.592
9605 7059.0402
9606 4995.5912
9607 2793.8479
9608 239.34953
9609 54.682133
9610 2076.1715
9611 2067.3045
9612 0
9613 0
9614 1.445
9615 1.445
9616 187.83105
9617 3101.5803
9618 4894.4686
9619 14500.615
9620 24878.09
9621 23172.796
9622 39796.887
9623 34466.975
9624 32701.292
9625 27177.597
9626 12279.592
9627 6463.029
9628 4896.1249
9629 488.25972
9630 632.41813
9631 271.48289
9632 8.7176201
9633 0
9634 0
9635 22.445
9636 316.76865
9637 2566.2859
9638 9806.4448
9639 19049.416
9640 24643.524
9641 24855.206
9642 26137.504
9643 39708.213
9644 24937.362
9645 14098.792
9646 31482.753
9647 30641.32
9648 16882.89
9649 9907.1074
9650 4476.9631
9651 2241.9355
9652 1543.5295
9653 502.97242
9654 481.55791
9655 0
9656 0
9657 0
9658 0
9659 41.405
9660 170.80391
9661 4327.642
9662 8416.6914
9663 14365.457
9664 13553.693
9665 7791.1581
9666 11048.937
9667 20450.824
9668 32519.689
9669 24397.538
9670 26624.855
9671 35508.256
9672 9034.7505
9673 5722.0873
9674 2530.2787
9675 76499.655
9676 899024.25
9677 904794.9
9678 132257.69
9679 6604.7816
9680 245411.57
9681 276833.46
9682 67044.247
9683 171805.8
9684 167287.28
9685 65810.901
9686 106793.66
9687 6642.8137
9688 12761.092
9689 9230.696
9690 11940.936
9691 14090.347
9692 48087.578
9693 58244.791
9694 123902.7
9695 4650.9009
9696 16879.678
9697 17519.329
9698 26068.042
9699 12974.001
9700 10733.491
9701 11498.336
9702 4308.3003
9703 1792.5631
9704 1234.5977
9705 1127.2053
9706 17.307249
9707 332.10171
9708 332.10171
9709 0
9710 0
9711 114.82034
9712 2584.5296
9713 4420.4718
9714 5999.2528
9715 7862.7355
9716 7308.206
9717 10511.944
9718 17061.076
9719 21917.387
9720 34149.763
9721 34007.723
9722 29336.083
9723 20967.121
9724 16087.456
9725 15063.452
9726 7532.6936
9727 3239.7016
9728 1660.0131
9729 2076.1321
9730 1439.5487
9731 1096.9008
9732 155.60485
9733 75.117166
9734 15.962462
9735 0
9736 0
9737 0
9738 0
9739 0
9740 0
9741 0.245
9742 81.553932
9743 2767.0355
9744 5773.42
9745 6625.1703
9746 12124.382
9747 17566.235
9748 15440.677
9749 30601.578
9750 22570.23
9751 18477.031
9752 28672.73
9753 24200.695
9754 16237.052
9755 27144.66
9756 11350.797
9757 4973.709
9758 2623.7561
9759 3590.8313
9760 1343.3109
9761 482.52229
9762 278.55823
9763 23.313206
9764 2.7902074
9765 0
9766 0
9767 0
9768 424.38885
9769 2853.0367
9770 9909.5344
9771 25921.499
9772 10976.829
9773 17017.983
9774 20728.831
9775 33562.934
9776 23247.891
9777 26947.693
9778 22503.354
9779 13486.497
9780 1069.701
9781 518.26271
9782 775.8
9783 499.03288
9784 0
9785 0
9786 0
9787 0
9788 0
9789 32.428722
9790 69.27102
9791 3195.9661
9792 7594.3455
9793 9635.3533
9794 33003.632
9795 41119.953
9796 24249.112
9797 12667.24
9798 37106.139
9799 24097.919
9800 9228.2962
9801 13857.107
9802 10971.766
9803 3445.9598
9804 693.68937
9805 476.01786
9806 324.81396
9807 51.771123
9808 0
9809 0
9810 0
9811 0
9812 4898.6246
9813 5240.8618
9814 4355.5955
9815 18309.572
9816 16574.37
9817 9844.6891
9818 26680.133
9819 17046.929
9820 30372.022
9821 56352.079
9822 21073.476
9823 10297.66
9824 5088.801
9825 800.66085
9826 1230.0028
9827 707.02096
9828 53.883839
9829 29.327559
9830 27.933465
9831 0
9832 109.52
9833 109.52
9834 0
9835 0
9836 949.62133
9837 2129.3285
9838 3762.5061
9839 4924.9298
9840 13439.323
9841 9360.0744
9842 10723.025
9843 7627.7229
9844 14179.57
9845 18372.268
9846 11899.733
9847 19878.062
9848 13894.618
9849 1745.8013
9850 495.28768
9851 106.89244
9852 91.526285
9853 23.33273
9854 0.72
9855 0
9856 2.88
9857 2.88
9858 0
9859 0
9860 435.15671
9861 788.39013
9862 2950.8036
9863 7712.8135
9864 11812.587
9865 12463.013
9866 12236.416
9867 10210.328
9868 20618.601
9869 26360.484
9870 31859.318
9871 23764.766
9872 16430.174
9873 13700.99
9874 13105.145
9875 9069.9405
9876 6550.9999
9877 1421.3367
9878 173.50958
9879 208.9519
9880 160.5869
9881 0
9882 3.92
9883 3.92
9884 0
9885 0
9886 38.72
9887 108.73019
9888 934.03499
9889 3789.9573
9890 15574.733
9891 31526.814
9892 19773.195
9893 14838.048
9894 13213.442
9895 17049.263
9896 13528.776
9897 26070.865
9898 23509.085
9899 20384.047
9900 22834.868
9901 8731.4027
9902 6775.4759
9903 7398.1722
9904 2080.2335
9905 1074.7605
9906 671.13527
9907 80.885859
9908 50.959448
9909 257.59088
9910 253.31407
9911 0
9912 0
9913 0
9914 0
9915 0
9916 348.48
9917 348.50546
9918 987.42908
9919 1326.4535
9920 10472.672
9921 19335.364
9922 17200.672
9923 15449.101
9924 19779.91
9925 19434.807
9926 9803.2656
9927 5473.0726
9928 10446.925
9929 23622.968
9930 21222.228
9931 22498.129
9932 30505.583
9933 27263.853
9934 30914.3
9935 18136.825
9936 5181.2089
9937 1634.2368
9938 727.92746
9939 717.77111
9940 23.696384
9941 0
9942 0
9943 0
9944 0
9945 0
9946 0
9947 9.68
9948 10566.706
9949 9652.469
9950 2882.5798
9951 11013.941
9952 19822.471
9953 24029.895
9954 19130.022
9955 13232.119
9956 29442.103
9957 16631.186
9958 9224.7559
9959 2948.17
9960 1097.3911
9961 360.40425
9962 274.20141
9963 31.690009
9964 26.117044
9965 25.150267
9966 0
9967 0
9968 0
9969 0
9970 133.42951
9971 2895.7215
9972 6093.6389
9973 12383.396
9974 14787.776
9975 18046.402
9976 31340.58
9977 19934.078
9978 10666.903
9979 8182.7038
9980 18245.173
9981 11874.564
9982 27384.544
9983 28551.124
9984 32004.499
9985 10529.565
9986 9492.831
9987 2543.345
9988 1679.5363
9989 444.99796
9990 314.84014
9991 1258.0702
9992 1217.6147
9993 173.44098
9994 39.449064
9995 25.298438
9996 0
9997 0
9998 0
9999 2.88
10000 3.7959969
10001 1349.0684
10002 1826.291
10003 3188.5945
10004 8943.929
10005 10547.759
10006 10826.749
10007 10876.611
10008 11207.421
10009 17512.79
10010 16291.172
10011 22043.815
10012 20758.235
10013 26907.046
10014 18097.185
10015 13535.516
10016 16965.839
10017 11308.559
10018 9692.8631
10019 9549.4517
10020 4198.3674
10021 1007.9955
10022 2924.8387
10023 2609.4889
10024 727.11107
10025 72.381797
10026 2.8105953
10027 1.125
10028 0
10029 0
10030 0
10031 0
10032 386.58788
10033 426.30825
10034 331.13704
10035 3032.2684
10036 7999.2755
10037 39847.678
10038 30724.772
10039 26804.284
10040 19935.477
10041 34586.326
10042 27467.67
10043 21730.327
10044 17593.719
10045 12197.939
10046 56099.55
10047 32364.517
10048 139090.81
10049 140264.2
10050 173439.66
10051 157185.9
10052 74676.862
10053 160721.21
10054 160253.3
10055 83961.34
10056 174346.68
10057 235396.86
10058 135013.78
10059 145655.77
10060 250182.67
10061 121805.15
10062 169508.18
10063 238979
10064 142456.4
10065 138296.57
10066 254789.92
10067 119464.4
10068 119645.44
10069 238724.4
10070 148009.03
10071 230985.04
10072 364137.55
10073 175332.89
10074 448897.45
10075 656335.28
10076 157155.64
10077 573702.74
10078 535223.54
10079 182419.34
10080 500594.18
10081 669911.82
10082 214799.17
10083 130703.51
10084 113637.61
10085 235472.34
10086 413229.22
10087 331235.92
10088 234202.26
10089 483449.16
10090 500720.3
10091 213537.32
10092 124105.21
10093 215245.68
10094 154037.4
10095 571004.94
10096 396726.72
10097 187875.1
10098 182160.48
10099 346187.48
10100 424955.17
10101 138473.46
10102 484996.41
10103 956527.88
10104 779737.06
10105 349693.84
10106 926231.2
10107 607804.18
10108 140736.45
10109 132063.87
10110 155501.32
10111 155221.96
10112 304839.98
10113 335596.33
10114 164659.59
10115 65569.582
10116 102480.34
10117 125094.79
10118 193717.79
10119 347572.82
10120 356673.01
10121 161150.28
10122 164871.62
10123 269082.79
10124 173353.72
10125 291345.65
10126 642487.33
10127 392270.04
10128 185744.3
10129 281420.73
10130 372382.03
10131 153306.16
10132 114281.37
10133 127104.85
10134 234320.89
10135 88972.601
10136 1441516
10137 1334865.1
10138 126981.19
10139 614275.53
10140 586505.29
10141 133140.89
10142 432649.95
10143 352954.1
10144 237470.29
10145 120624.14
10146 102667.93
10147 204895.64
10148 186827.1
10149 304752.63
10150 329670.23
10151 151934.12
10152 37509.535
10153 391268.14
10154 275013.7
10155 38437.182
10156 218081.84
10157 332271.06
10158 82888.221
10159 295308.39
10160 338625.95
10161 455841.42
10162 627705.67
10163 412531.79
10164 183772.91
10165 346271.67
10166 351119.95
10167 174232.31
10168 148990.26
10169 142721.57
10170 160976.63
10171 253470.96
10172 70437.364
10173 254303.25
10174 257347.94
10175 446374.58
10176 531926.93
10177 150087.37
10178 221335.42
10179 591247.72
10180 918341.86
10181 217361.1
10182 312947.44
10183 213379.99
10184 151987.04
10185 152010.81
10186 195763.02
10187 150845.65
10188 617708.69
10189 708811.19
10190 172997.36
10191 36003.874
10192 85158.963
10193 241826.98
10194 164665.61
10195 42112.11
10196 221048.35
10197 177824.63
10198 164546.06
10199 1079269.6
10200 846230.85
10201 147289.82
10202 182881.9
10203 214268.73
10204 129512.45
10205 38523.65
10206 223258.83
10207 270945.37
10208 51419.259
10209 4585.0078
10210 30122.617
10211 50324.036
10212 95318.29
10213 141995.1
10214 52379.019
10215 19814.89
10216 8125.6606
10217 4456.3696
10218 75.005599
10219 40.730255
10220 0
10221 0
10222 1859.7678
10223 8318.038
10224 24252.233
10225 28612.324
10226 30825.94
10227 198780.89
10228 167374.25
10229 18709.146
10230 214.5198
10231 61.399607
10232 12.016415
10233 0
10234 0
10235 0
10236 922.87694
10237 1795.1943
10238 8713.0028
10239 48089.098
10240 12924.582
10241 35370.712
10242 8085.2845
10243 9046.6999
10244 1358.7789
10245 156.12564
10246 87.608476
10247 40.075362
10248 0
10249 0
10250 2.645
10251 139.31847
10252 2652.7059
10253 11837.587
10254 12876.123
10255 20558.077
10256 28099.656
10257 7500.0472
10258 1580.9739
10259 91.955118
10260 71.206356
10261 0
10262 0
10263 0
10264 0
10265 0
10266 83.77199
10267 5087.8414
10268 13242.258
10269 13820.652
10270 35537.408
10271 38395.45
10272 25820.593
10273 2731.4283
10274 1254.504
10275 1321.8455
10276 464.88239
10277 186.55496
10278 1764.5651
10279 2267.9721
10280 2092.2061
10281 9482.8295
10282 21579.214
10283 9539.6463
10284 21345.986
10285 21200.515
10286 10316.833
10287 2975.5237
10288 567.02455
10289 106.32914
10290 4.0304942
10291 0
10292 0
10293 0
10294 0
10295 3214.1158
10296 10179.003
10297 15134.736
10298 19477.808
10299 11829.721
10300 23810.32
10301 19849.088
10302 11614.159
10303 1449.618
10304 111.2751
10305 61.374233
10306 18.419208
10307 0
10308 0
10309 0
10310 2201.5734
10311 5757.6011
10312 11767.409
10313 19683.901
10314 19160.787
10315 21056.52
10316 11896.779
10317 1461.3402
10318 419.08655
10319 107.17243
10320 45.922553
10321 2.4424726
10322 2.4424726
10323 0
10324 0
10325 1840.9774
10326 5196.4422
10327 15559
10328 13717.163
10329 19581.193
10330 11254.444
10331 41540.878
10332 16613.32
10333 10538.96
10334 4267.0018
10335 2767.5663
10336 556.38802
10337 1632.7669
10338 1530.9566
10339 70.261251
10340 0
10341 2413.239
10342 3554.8019
10343 15347.785
10344 25488.59
10345 11212.462
10346 26695.944
10347 36410.141
10348 32057.463
10349 19894.599
10350 3100.7488
10351 374.34109
10352 80.278561
10353 34.74568
10354 0
10355 0
10356 0
10357 1090.019
10358 5231.9251
10359 14228.871
10360 7903.7103
10361 24923.559
10362 17734.963
10363 40674.303
10364 25156.648
10365 11495.55
10366 2790.806
10367 284.32815
10368 331.51879
10369 58.97289
10370 0
10371 0
10372 0
10373 1827.6341
10374 5556.9312
10375 8887.4463
10376 86859.712
10377 39809.565
10378 48917.104
10379 26961.812
10380 50917.029
10381 35344.733
10382 5618.352
10383 621.71621
10384 475.96948
10385 216.49111
10386 13.68527
10387 526.80677
10388 525.93462
10389 0.08
10390 0
10391 6478.217
10392 7672.1999
10393 5824.0671
10394 9639.8043
10395 11783.172
10396 30885.252
10397 23294.173
10398 29160.182
10399 20247.286
10400 19221.133
10401 10248.64
10402 8311.5123
10403 797.98903
10404 1382.4731
10405 1363.2643
10406 63.203279
10407 329.71608
10408 61.626944
10409 205.20103
10410 12585.907
10411 9780.4118
10412 7158.2794
10413 17525.889
10414 37797.99
10415 15664.074
10416 42402.891
10417 29091.886
10418 21110.181
10419 5046.0322
10420 666.94134
10421 15627.331
10422 15507.247
10423 89.645773
10424 0
10425 0
10426 0
10427 0
10428 1654.9584
10429 3712.5148
10430 6654.52
10431 19237.018
10432 25465.313
10433 24715.494
10434 31563.28
10435 14715.164
10436 11764.572
10437 26361.327
10438 24093.421
10439 593.61923
10440 285.29767
10441 707.77445
10442 465.87751
10443 809.99069
10444 1976.4284
10445 1438.032
10446 3180.9275
10447 6674.8465
10448 10889.134
10449 42681.626
10450 28820.005
10451 13085.404
10452 25738.285
10453 18721.46
10454 12785.971
10455 17956.101
10456 12362.274
10457 14469.782
10458 1639.7015
10459 5101.5537
10460 4270.1558
10461 4251.0841
10462 1205.2619
10463 1446.1258
10464 162.1358
10465 1610.455
10466 2639.2894
10467 1641.273
10468 16882.266
10469 19241.03
10470 23601.954
10471 65869.205
10472 25881.847
10473 15586.869
10474 6919.776
10475 2127.7386
10476 2809.6183
10477 3396.1524
10478 1020.9706
10479 4152.7351
10480 4319.1584
10481 312.78398
10482 16.245
10483 14810.251
10484 17415.978
10485 21010.03
10486 19108.365
10487 27813.839
10488 23025.417
10489 17718.022
10490 9730.778
10491 10652.87
10492 2822.2805
10493 737.923
10494 1061.9435
10495 545.65465
10496 0
10497 0
10498 72.448149
10499 14059.7
10500 10060.3
10501 18672.634
10502 69882.904
10503 23667.342
10504 15813.655
10505 26598.935
10506 17498.813
10507 12615.642
10508 3659.193
10509 2405.4213
10510 830.05668
10511 18.577566
10512 1242.9292
10513 1242.9292
10514 1009.3661
10515 15670.293
10516 19317.944
10517 19783.137
10518 32859.387
10519 33581.646
10520 26918.993
10521 42001.177
10522 37960.568
10523 28803.981
10524 5238.0352
10525 2764.6852
10526 9550.4118
10527 8776.8213
10528 66.956692
10529 0
10530 0
10531 0
10532 1409.4721
10533 1245.1225
10534 2216.0293
10535 17139.84
10536 13278.625
10537 30914.617
10538 20902.497
10539 29339.701
10540 16091.808
10541 31307.59
10542 62887.281
10543 61435.637
10544 24080.169
10545 7966.0423
10546 5161.9155
10547 736.7943
10548 1091.0183
10549 3222.3071
10550 2131.9939
10551 315.73852
10552 2391.7661
10553 1949.4733
10554 0
10555 9147.4894
10556 5181.8573
10557 13862.298
10558 29682.729
10559 49801.827
10560 19278.319
10561 42377.819
10562 43886.056
10563 18411.748
10564 8682.072
10565 11762.687
10566 8115.0361
10567 4515.4969
10568 3664.5375
10569 395.19447
10570 43.484515
10571 1086.0505
10572 1122.4968
10573 1685.387
10574 5417.0131
10575 9600.8105
10576 11032.262
10577 58765.352
10578 24729.756
10579 17977.642
10580 44659.447
10581 56172.481
10582 29653.649
10583 443557.47
10584 458479.52
10585 39169.238
10586 594.55805
10587 79.968879
10588 204.10065
10589 450.17248
10590 265660.9
10591 146241.54
10592 48701.411
10593 122724.37
10594 159016.29
10595 113625.41
10596 33199.173
10597 81866.766
10598 25828.653
10599 28998.231
10600 88515.877
10601 94135.842
10602 35192.096
10603 13519.452
10604 13648.15
10605 8195.2541
10606 1053.4775
10607 4350.0968
10608 8574.7402
10609 3706.7165
10610 122.0772
10611 624.81307
10612 512.33685
10613 0
10614 2302.064
10615 1569.099
10616 904.77126
10617 20380.961
10618 141079.65
10619 302162.61
10620 154569.41
10621 75004.072
10622 91674.52
10623 24302.899
10624 38000.284
10625 235954.76
10626 367038.13
10627 188635.94
10628 180535.52
10629 69523.634
10630 130789.48
10631 84517.755
10632 123184.14
10633 172428.2
10634 241145.41
10635 34401.08
10636 139482.26
10637 128111.49
10638 142665.76
10639 43569.892
10640 154985.55
10641 146867.35
10642 443024.69
10643 938855.38
10644 793912.94
10645 467159.75
10646 356848.71
10647 254220.14
10648 194793.98
10649 236020.08
10650 758032.4
10651 483230.4
10652 78326.078
10653 66044.145
10654 100286.04
10655 128844.88
10656 487513.04
10657 995015.6
10658 662943.54
10659 633709.14
10660 227308.99
10661 164869.79
10662 241792.3
10663 97838.936
10664 3744.7286
10665 11197.202
10666 528873.8
10667 496626.56
10668 24816.534
10669 140629.17
10670 1013957.3
10671 669372.88
10672 577105.64
10673 50634.076
10674 71695.812
10675 246215.62
10676 880729.71
10677 783891.79
10678 176923.25
10679 104193.7
10680 26317.306
10681 23019.118
10682 32908.25
10683 174872.31
10684 161419.12
10685 110668.48
10686 175670.35
10687 307653.42
10688 189854.14
10689 103360.34
10690 300578.91
10691 279358.56
10692 11130.114
10693 241627.63
10694 225534.95
10695 548.99289
10696 7309.658
10697 174957.51
10698 158832.1
10699 1116.2616
10700 117966.93
10701 97000.729
10702 29105.295
10703 976.27459
10704 214216.94
10705 551651.39
10706 276885.98
10707 35536.509
10708 0
10709 71894.086
10710 730574.71
10711 992457.63
10712 559131.35
10713 132917.88
10714 138251.61
10715 363595.35
10716 716386.41
10717 293770.04
10718 404248.55
10719 1886058.9
10720 2173997.2
10721 1642248.4
10722 277211.13
10723 392515.48
10724 350846.34
10725 340035.53
10726 638148.14
10727 290680.16
10728 421188.34
10729 379601.26
10730 142181.37
10731 141896.06
10732 539240.56
10733 456331.41
10734 140014.33
10735 97757.204
10736 174964.03
10737 138944.72
10738 53821.517
10739 257497.17
10740 117116.06
10741 178747.27
10742 259224.83
10743 327770.93
10744 155965.1
10745 121498.44
10746 211368.35
10747 183047.37
10748 177958.04
10749 222340.4
10750 187773.14
10751 765941.5
10752 863449.92
10753 240451.57
10754 100145.65
10755 123756.99
10756 217915.13
10757 146818.99
10758 673874.64
10759 1026467.4
10760 690255.2
10761 161061.68
10762 165990.57
10763 180348.89
10764 158527.35
10765 172159.26
10766 22694.583
10767 27595.776
10768 7291.8002
10769 7559.7119
10770 8803.6778
10771 257533.39
10772 248579.52
10773 205.60173
10774 356418.33
10775 697690
10776 605863.08
10777 155077.74
10778 39844.691
10779 203.31805
10780 10094.361
10781 49902.845
10782 46112.452
10783 201.34823
10784 184586.67
10785 377660.64
10786 201823.87
10787 104159.95
10788 334188.9
10789 250148.94
10790 12784.34
10791 1573.9857
10792 240305.74
10793 203233.81
10794 759580.55
10795 1402721.5
10796 712718.64
10797 127428.08
10798 85076.793
10799 12071.366
10800 358872.28
10801 482090.75
10802 237470.29
10803 730658.87
10804 587091.94
10805 136778.98
10806 223334.7
10807 303193.94
10808 135932.31
10809 122577.51
10810 150464.53
10811 114223.71
10812 224388.37
10813 141365.7
10814 591847.53
10815 625345.77
10816 77481.659
10817 10060.773
10818 21952.25
10819 15069.055
10820 296288.97
10821 505004.67
10822 287455.23
10823 175219.62
10824 621198.36
10825 743006.36
10826 445039.01
10827 133238.47
10828 100919.36
10829 234162.59
10830 159492.99
10831 131936.9
10832 189836.91
10833 59976.979
10834 58213.518
10835 146640.04
10836 161141.12
10837 160511.55
10838 1392954.6
10839 1536763.8
10840 36537.826
10841 497328.97
10842 439791.04
10843 795537.49
10844 784091.41
10845 800869.6
10846 235185.9
10847 170003.35
10848 259089.48
10849 90421.401
10850 189749.25
10851 32420.956
10852 256327.09
10853 492122.49
10854 292743.52
10855 165706.9
10856 344592.99
10857 472078.34
10858 104502.75
10859 15334.041
10860 55184.14
10861 85847.955
10862 53680.835
10863 125961.71
10864 29214.229
10865 91315.898
10866 47309.806
10867 14459.559
10868 295097.38
10869 419708.92
10870 143947.26
10871 77157.728
10872 84418.183
10873 131447.46
10874 465069.66
10875 1351618.8
10876 672251.54
10877 218103.02
10878 172158.59
10879 154872.08
10880 165521.37
10881 189283.81
10882 148309.75
10883 412725.88
10884 364546.97
10885 314711.37
10886 299953.02
10887 53488.235
10888 199092.09
10889 495799.99
10890 205761.08
10891 180854.44
10892 380854.55
10893 693588.27
10894 539675.31
10895 32148.269
10896 161249.81
10897 229152.32
10898 124883.1
10899 96702.823
10900 3861.7714
10901 56441.712
10902 119776.86
10903 13466.214
10904 63.358357
10905 20511.348
10906 38271.727
10907 30985.609
10908 21828.329
10909 11432.516
10910 20284.104
10911 19300.235
10912 13898.646
10913 12510.474
10914 14734.237
10915 11102.694
10916 13632.792
10917 4105.917
10918 14585.626
10919 25851.833
10920 13514.838
10921 8700.7016
10922 15465.055
10923 10163.94
10924 8344.3866
10925 8451.8908
10926 11151.736
10927 11963.976
10928 8104.6974
10929 14115.545
10930 10564.481
10931 8961.2778
10932 16747.303
10933 12340.391
10934 13330.144
10935 5289.2932
10936 7945.9835
10937 13602.2
10938 7071.3006
10939 6639.2838
10940 8899.8735
10941 6699.461
10942 8823.4374
10943 8214.55
10944 11645.858
10945 9409.1389
10946 2875.4328
10947 2557.6152
10948 2852.1763
10949 2793.3377
10950 1375.5174
10951 982.32179
10952 2768.3947
10953 3599.1092
10954 2120.5718
10955 1328.3003
10956 2916.0549
10957 8587.802
10958 6677.4125
10959 5687.5375
10960 8524.6135
10961 11247.274
10962 7299.4482
10963 9975.7896
10964 18866.942
10965 7674.9927
10966 6377.1638
10967 9425.1467
10968 14379.864
10969 8564.8996
10970 13674.805
10971 8385.1043
10972 7603.4362
10973 16894.632
10974 21473.08
10975 8298.9681
10976 15821.946
10977 16389.641
10978 10300.293
10979 8577.0843
10980 11145.942
10981 11925.894
10982 7978.7384
10983 8896.3275
10984 8125.5968
10985 3439.6874
10986 2113.0108
10987 2396.2585
10988 2309.1066
10989 1323.8959
10990 820.2844
10991 699.24021
10992 645.03972
10993 862.51363
10994 816.4566
10995 503.34521
10996 107.42136
10997 463.54627
10998 1389.8048
10999 1115.4279
11000 225.03861
11001 2525.5501
11002 1909.4333
11003 7505.0468
11004 8877.3467
11005 12653.431
11006 6438.3021
11007 7595.9587
11008 12286.209
11009 7651.233
11010 18588.651
11011 20609.809
11012 21305.045
11013 13448.047
11014 8035.5887
11015 8473.6861
11016 10880.074
11017 6937.4009
11018 20181.335
11019 13620.985
11020 6134.198
11021 4919.9039
11022 2671.9704
11023 933.02741
11024 1422.8088
11025 2003.9338
11026 1090.8964
11027 1043.3144
11028 1.28
11029 2214.0092
11030 3639.9386
11031 7858.1391
11032 12745.934
11033 15856.329
11034 3160.4906
11035 6945.1412
11036 19962.393
11037 14094.689
11038 12389.895
11039 11860.774
11040 17672.087
11041 8766.341
11042 3848.1883
11043 2345.3972
11044 1158.9182
11045 997.69066
11046 11.346788
11047 439.34386
11048 457.96908
11049 1076.1854
11050 4164.8096
11051 5921.9904
11052 4452.8073
11053 15051.268
11054 18190.549
11055 26494.695
11056 19718.487
11057 24985.326
11058 16408.309
11059 23112.43
11060 30196.035
11061 22682.284
11062 7337.7729
11063 2794.79
11064 1245.7017
11065 337.35721
11066 218.97712
11067 2
11068 159.36276
11069 369.06058
11070 3749.2642
11071 18272.447
11072 11768.413
11073 13228.137
11074 14275.87
11075 40504.025
11076 15901.274
11077 7168.2192
11078 35090.251
11079 27373.955
11080 1057.3343
11081 1182.071
11082 2189.8186
11083 1237.4908
11084 10.125
11085 339.40344
11086 430.74898
11087 579.20712
11088 2593.5117
11089 10750.091
11090 13400.521
11091 7892.5458
11092 16795.65
11093 21902.709
11094 11359.322
11095 17514.212
11096 30263.984
11097 16713.703
11098 9115.3338
11099 33934.947
11100 30166.839
11101 11543.843
11102 8356.4217
11103 5973.9778
11104 3768.4359
11105 3025.2947
11106 1788.1822
11107 1911.238
11108 1346.2426
11109 3766.2399
11110 9277.4723
11111 8210.4859
11112 12624.13
11113 30819.308
11114 20727.973
11115 18195.172
11116 19186.093
11117 13338.915
11118 10052.732
11119 14088.455
11120 11042.249
11121 3788.4347
11122 1908.6803
11123 1260.9043
11124 1265.6848
11125 775.2493
11126 9.3456081
11127 41.044346
11128 56.068585
11129 1372.0731
11130 8553.4557
11131 16051.555
11132 8184.1924
11133 7673.8352
11134 23968.144
11135 12737.107
11136 9628.3217
11137 9346.1517
11138 12852.781
11139 4922.0112
11140 1309.7317
11141 0.32
11142 448.31872
11143 667.33349
11144 1859.2341
11145 11518.788
11146 21052.789
11147 14563.823
11148 16710.06
11149 22581.877
11150 13560.285
11151 8068.979
11152 10859.899
11153 4058.7538
11154 2040.8273
11155 5215.1533
11156 4080.2102
11157 6.4223819
11158 0
11159 0
11160 791.41058
11161 1952.5813
11162 3788.6941
11163 7136.5605
11164 19105.767
11165 11855.841
11166 9121.6796
11167 13421.694
11168 7885.4491
11169 13520.665
11170 19955.331
11171 13701.801
11172 7492.7608
11173 2903.5328
11174 913.86914
11175 509.71949
11176 683.84408
11177 390.29632
11178 1485.6367
11179 1866.6208
11180 5588.3264
11181 10840.697
11182 23024.657
11183 32089.596
11184 25013.561
11185 21474.621
11186 30300.789
11187 8567.9485
11188 15484.401
11189 12492.192
11190 7389.1174
11191 4039.7033
11192 3112.7028
11193 2062.6065
11194 507.34881
11195 654.4147
11196 563.16922
11197 553.78579
11198 1905.8349
11199 2081.1707
11200 2879.4503
11201 9332.7205
11202 13777.066
11203 9904.0204
11204 17402.656
11205 7479.8314
11206 12632.702
11207 5673.8612
11208 23413.695
11209 25829.092
11210 10253.663
11211 5180.5788
11212 4440.8751
11213 2158.1258
11214 1082.3253
11215 2.7434703
11216 338.27993
11217 340.53612
11218 203.69927
11219 335.31653
11220 4165.2046
11221 6995.318
11222 12374.129
11223 21798.712
11224 30851.487
11225 27316.288
11226 24199.453
11227 14463.718
11228 17346.555
11229 35172.976
11230 27080.285
11231 10884.288
11232 47455.335
11233 40849.765
11234 8665.4718
11235 5642.2425
11236 3085.7337
11237 1383.5048
11238 322.5771
11239 517.24933
11240 622.28277
11241 271.68318
11242 671.10664
11243 2173.1388
11244 2129.4588
11245 7750.3598
11246 12517.663
11247 5057.7118
11248 6271.5265
11249 17223.63
11250 20980.828
11251 21259.092
11252 182606.87
11253 186327.83
11254 96513.163
11255 15587.442
11256 23305.586
11257 23323.166
11258 26902.299
11259 13180.695
11260 9459.472
11261 7939.4501
11262 4205.7324
11263 729.29631
11264 506.89924
11265 384.03329
11266 123.35319
11267 56.18
11268 92.363119
11269 907.68147
11270 1004.0074
11271 3877.0365
11272 6457.8754
11273 13042.498
11274 12089.123
11275 14342.984
11276 15456.078
11277 13360.687
11278 14123.186
11279 9080.9162
11280 17727.216
11281 18432.372
11282 10781.536
11283 23187.177
11284 15775.706
11285 8460.4113
11286 21447.525
11287 16638.565
11288 18194.359
11289 31217.972
11290 28917.845
11291 14513.057
11292 34520.556
11293 14318.72
11294 5228.9983
11295 3281.7495
11296 2664.2263
11297 2612.7705
11298 312.19537
11299 249.9988
11300 127.85566
11301 323.11231
11302 227.27664
11303 31.205
11304 31.205
11305 0
11306 15.421851
11307 15.421851
11308 953.83194
11309 1692.693
11310 5023.0789
11311 5270.3803
11312 5730.7549
11313 9182.688
11314 14834.424
11315 18227.986
11316 11507.695
11317 10068.173
11318 10579.424
11319 11334.85
11320 7193.6584
11321 19767.89
11322 18395.974
11323 7523.8961
11324 12112.064
11325 13936.377
11326 5698.1077
11327 5762.6731
11328 15238.633
11329 21980.315
11330 29545.281
11331 16902.956
11332 17098.175
11333 9922.0011
11334 1771.4837
11335 3061.9094
11336 913.18025
11337 325.02446
11338 270.66901
11339 164.45336
11340 5.2100951
11341 5.362343
11342 0.045
11343 43.571694
11344 54.120927
11345 94.317389
11346 62.72
11347 0
11348 0
11349 0
11350 197.78131
11351 2761.0288
11352 2985.7832
11353 3180.6997
11354 25461.535
11355 21658.037
11356 11902.283
11357 22993.715
11358 37013.709
11359 13301.416
11360 22203.458
11361 46178.995
11362 57139.473
11363 30555.671
11364 19015.972
11365 9754.0842
11366 5300.4846
11367 1053.8125
11368 167.80431
11369 398.41723
11370 268.81117
11371 500.71653
11372 500.71653
11373 0
11374 0
11375 68.55062
11376 68.55062
11377 141.12
11378 141.12
11379 2940.5723
11380 6427.9383
11381 2993.3984
11382 15729.651
11383 25723.027
11384 20509.294
11385 19952.682
11386 19448.676
11387 13818.983
11388 22084.878
11389 88298.647
11390 72199.93
11391 42117.614
11392 30720.083
11393 37327.921
11394 21850.648
11395 2552.5992
11396 1581.411
11397 743.05538
11398 178.38686
11399 238.06611
11400 452.06214
11401 323.89747
11402 1.28
11403 152.17326
11404 152.17326
11405 0
11406 29.05553
11407 29.05553
11408 0
11409 0
11410 5257.3604
11411 7118.4876
11412 6458.2782
11413 11279.583
11414 16759.4
11415 26472.128
11416 26767.66
11417 19781.462
11418 20261.072
11419 29536.111
11420 28178.306
11421 16770.834
11422 44019.298
11423 47406.357
11424 21516.018
11425 10240.218
11426 26245.983
11427 18390.259
11428 4852.8897
11429 395.59596
11430 803.9186
11431 1452.331
11432 1076.7637
11433 239.71569
11434 97.585645
11435 3439.7639
11436 3453.7791
11437 28.88
11438 28.88
11439 0
11440 0
11441 1232.1359
11442 1617.9013
11443 3122.0159
11444 8488.7012
11445 29046.763
11446 39887.307
11447 18611.497
11448 19799.896
11449 57803.688
11450 39149.463
11451 14603.5
11452 4583.9724
11453 1383.1982
11454 63.974774
11455 98.388237
11456 45.558444
11457 37.450629
11458 1.1338863
11459 0
11460 0
11461 0
11462 0
11463 0
11464 253.71755
11465 6344.5167
11466 20153.38
11467 26435.263
11468 22578.426
11469 20964.788
11470 45040.32
11471 26689.937
11472 13522.928
11473 34563.891
11474 41341.992
11475 26973.776
11476 9895.0781
11477 6767.2505
11478 1082.4411
11479 244.1436
11480 198.738
11481 88.82384
11482 0
11483 0
11484 0
11485 0
11486 0
11487 0
11488 0
11489 0
11490 233.28
11491 4244.9533
11492 13908.806
11493 20344.359
11494 15991.87
11495 20613.045
11496 44912.92
11497 49374.662
11498 33492.397
11499 20180.085
11500 7559.9324
11501 3513.3433
11502 146.2082
11503 266.13445
11504 203.81925
11505 21.224352
11506 0
11507 0
11508 0
11509 0
11510 594.06572
11511 3657.889
11512 7218.0869
11513 14691.015
11514 15418.607
11515 12717.532
11516 12336.394
11517 29584.986
11518 38920.121
11519 29233.105
11520 10208.109
11521 5413.4921
11522 1986.3224
11523 109.67159
11524 141.65812
11525 15.506724
11526 0
11527 0
11528 0
11529 0
11530 0
11531 0
11532 0
11533 58.967388
11534 719.28737
11535 4202.9769
11536 13231.085
11537 10056.171
11538 14206.3
11539 17100.069
11540 26804.331
11541 34115.781
11542 5882.4404
11543 136.94158
11544 79.195037
11545 120.3446
11546 122.09079
11547 48.691108
11548 0
11549 0
11550 0
11551 0
11552 0
11553 3103.066
11554 10332.23
11555 16062
11556 20738.458
11557 12156.847
11558 16394.02
11559 16017.313
11560 14624.21
11561 18555.968
11562 11730.346
11563 3804.3258
11564 413.02247
11565 33.917008
11566 44.246736
11567 14.900463
11568 0.045
11569 0
11570 0
11571 0
11572 0
11573 0
11574 0
11575 8
11576 161.33361
11577 2603.5752
11578 5721.6001
11579 8554.5863
11580 23445.051
11581 26493.474
11582 40324.888
11583 24150.464
11584 14161.561
11585 5972.4685
11586 509.78432
11587 358.40893
11588 128.20397
11589 4.805
11590 0
11591 0
11592 0
11593 0
11594 116.59487
11595 1417.5545
11596 4372.0941
11597 7586.9467
11598 21677.185
11599 23097.644
11600 28024.009
11601 32498.233
11602 48461.256
11603 48904.791
11604 21757.201
11605 24264.245
11606 9539.2621
11607 1369.8519
11608 177.79148
11609 141.91524
11610 4.4328374
11611 0
11612 0
11613 0
11614 0
11615 756.13037
11616 2474.4868
11617 27356.447
11618 24386.395
11619 19314.257
11620 18037.111
11621 33524.02
11622 39709.891
11623 38620.716
11624 21614.5
11625 15946.915
11626 840.0312
11627 248.4135
11628 147.97183
11629 96.679132
11630 3.6551037
11631 1.125
11632 0
11633 0
11634 0
11635 0
11636 268.53157
11637 5717.0007
11638 4828.7512
11639 13862.962
11640 23776.471
11641 18694.59
11642 10799.893
11643 21551.364
11644 55888.131
11645 44421.96
11646 33299.406
11647 16262.682
11648 1629.5596
11649 351.57042
11650 181.13819
11651 265.78172
11652 108.32815
11653 0
11654 0
11655 0
11656 0
11657 0
11658 0
11659 141.41169
11660 3970.2848
11661 20573.089
11662 18536.416
11663 9054.3886
11664 27481.135
11665 67879.051
11666 34040.106
11667 25428.525
11668 28962.511
11669 7292.5849
11670 1492.1779
11671 241.63263
11672 206.37614
11673 85.31897
11674 12.34776
11675 0
11676 0
11677 0
11678 0
11679 0
11680 33.919935
11681 1832.963
11682 14524.31
11683 19773.991
11684 9596.1005
11685 24326.473
11686 12183.512
11687 20685.398
11688 90983.334
11689 92799.156
11690 58225.624
11691 37488.366
11692 6171.3227
11693 1269.6005
11694 159.71615
11695 165507.29
11696 139799.35
11697 50248.189
11698 63455.233
11699 77928.882
11700 162248.59
11701 372870.27
11702 357927.17
11703 187585.97
11704 238139.72
11705 364291.45
11706 182468.38
11707 319191.53
11708 111411.35
11709 160981.44
11710 46717.832
11711 48692.515
11712 13786.725
11713 77956.604
11714 113892.8
11715 68074.322
11716 54674.065
11717 544474.33
11718 548594.91
11719 42289.273
11720 2581.8111
11721 1294.9367
11722 1059.921
11723 0
11724 117.045
11725 187.85
11726 76.25
11727 265.9393
11728 4666.8684
11729 8469.2086
11730 7411.0858
11731 11243.684
11732 7165.1076
11733 4918.1557
11734 6496.1072
11735 10691.417
11736 18856.707
11737 8842.0441
11738 11212.146
11739 16592.239
11740 9142.888
11741 35805.525
11742 24280.908
11743 14448.477
11744 12562.426
11745 14111.716
11746 15542.676
11747 10869.46
11748 7199.8537
11749 6351.683
11750 3785.732
11751 300.47328
11752 118.5483
11753 79.682909
11754 0
11755 0
11756 0
11757 0
11758 0
11759 0
11760 0
11761 0
11762 0
11763 102.245
11764 361.31159
11765 291.23159
11766 64.224719
11767 1553.8589
11768 7852.5356
11769 5256.7819
11770 10224.076
11771 31320.638
11772 34172.122
11773 9380.0777
11774 16422.843
11775 19750.828
11776 16337.587
11777 10844.263
11778 25670.367
11779 39248.822
11780 17219.458
11781 31470.454
11782 45786.973
11783 52674.123
11784 45999.086
11785 25269.509
11786 18499.178
11787 8316.9308
11788 4733.0689
11789 5448.1154
11790 4454.0721
11791 2021.3903
11792 285.01816
11793 99.253009
11794 88.456137
11795 39.948191
11796 9.3061847
11797 0
11798 0
11799 0
11800 0
11801 0
11802 0
11803 0
11804 0
11805 0
11806 0
11807 0
11808 0
11809 59.405
11810 59.792579
11811 10.282317
11812 136.19278
11813 684.48085
11814 2433.9703
11815 4479.7207
11816 7409.5589
11817 8489.0938
11818 4619.0334
11819 11020.544
11820 13591.163
11821 9627.0606
11822 11538.126
11823 34524.252
11824 25472.125
11825 15449.125
11826 16261.073
11827 14846.306
11828 10908.389
11829 18460.383
11830 11522.553
11831 9632.9881
11832 12619.731
11833 25498.354
11834 45802.433
11835 23775.414
11836 24233.235
11837 29940.872
11838 17983.912
11839 13719.449
11840 17652.837
11841 12662.661
11842 8748.599
11843 6903.883
11844 3442.6943
11845 8372.7754
11846 16668.515
11847 18258.611
11848 11476.35
11849 17769.899
11850 19577.577
11851 12200.178
11852 27315.976
11853 20869.255
11854 25585.573
11855 16635.669
11856 17855.34
11857 18842.053
11858 8920.9338
11859 19624.687
11860 25517.994
11861 8050.7806
11862 11695.789
11863 6896.3038
11864 6353.1653
11865 1723.7594
11866 754.91878
11867 508.74922
11868 242.09251
11869 217.24522
11870 3.9272496
11871 8.405
11872 8.405
11873 0
11874 0
11875 0
11876 0
11877 0
11878 0
11879 0
11880 0
11881 0
11882 0
11883 0
11884 0
11885 0
11886 17.568981
11887 84.227592
11888 73.15022
11889 4.205
11890 1243.7657
11891 1423.5035
11892 406.25649
11893 416.79516
11894 2891.2895
11895 4939.9033
11896 6323.6956
11897 12396.904
11898 15560.991
11899 19355.754
11900 8348.6182
11901 9173.548
11902 16869.795
11903 16103.309
11904 24557.057
11905 42033.313
11906 60170.782
11907 28580.307
11908 26317.179
11909 29187.188
11910 18232.107
11911 23232.71
11912 20427.015
11913 12738.526
11914 7483.0571
11915 40605.599
11916 37239.139
11917 9311.1509
11918 16103.968
11919 32176.32
11920 54476.307
11921 49284.897
11922 31743.56
11923 12922.126
11924 9693.8669
11925 5690.7376
11926 1897.4413
11927 707.7317
11928 305.7426
11929 373.6669
11930 403.27191
11931 165.65199
11932 41.569303
11933 32.075578
11934 0.72568724
11935 0.045
11936 1.5531789
11937 1.445
11938 0
11939 0
11940 0
11941 0
11942 0
11943 58.32
11944 217.79494
11945 196.54149
11946 178.56918
11947 428.91134
11948 777.17921
11949 1872.298
11950 5805.5161
11951 16088.287
11952 12431.579
11953 4361.6348
11954 19781.953
11955 29720.006
11956 12224.452
11957 6867.3378
11958 27805.674
11959 28011.683
11960 11120.417
11961 20709.152
11962 50185.072
11963 38127.736
11964 9190.3558
11965 15368.491
11966 13400.382
11967 6166.8869
11968 928.93549
11969 192.12383
11970 148.69203
11971 1.3927726
11972 0
11973 0
11974 0
11975 282.86712
11976 1834.4493
11977 12720.13
11978 17560.961
11979 17395.438
11980 17493.391
11981 15223.01
11982 15651.927
11983 25978.255
11984 11570.355
11985 4113.1033
11986 470.84646
11987 748.08567
11988 325.5284
11989 8.9718418
11990 0
11991 0
11992 0
11993 0
11994 103.68
11995 1565.9716
11996 3935.5502
11997 18088.917
11998 18807.464
11999 11865.375
12000 19899.703
12001 30558.063
12002 10485.488
12003 11471.527
12004 6952.392
12005 798.27827
12006 140.98462
12007 75.871495
12008 0
12009 0
12010 0
12011 0
12012 618.12588
12013 7667.0149
12014 8139.3859
12015 6771.2418
12016 9492.203
12017 38987.373
12018 27771.479
12019 23637.503
12020 19527.573
12021 13965.062
12022 3999.6117
12023 1833.5073
12024 122.39891
12025 116.63109
12026 58.79694
12027 99.919067
12028 99.919067
12029 0
12030 0
12031 0
12032 0
12033 184.96509
12034 7183.8629
12035 4115.8429
12036 14983.571
12037 22233.03
12038 37479.705
12039 13632.036
12040 12973.367
12041 27367.92
12042 16445.099
12043 4743.6647
12044 641.49758
12045 150.40497
12046 90.993019
12047 59.539092
12048 90.570619
12049 47.653327
12050 0
12051 0
12052 0
12053 0
12054 0
12055 3.92
12056 103.03143
12057 8483.336
12058 15962.767
12059 21683.975
12060 15742.151
12061 23606.724
12062 59160.189
12063 148727.01
12064 104478.62
12065 76652.693
12066 20338.986
12067 137085.15
12068 149413.38
12069 1690.3434
12070 230.36461
12071 371901.76
12072 343688.63
12073 135844.47
12074 186289.17
12075 61276.402
12076 66133.906
12077 4084.812
12078 21348.991
12079 86420.935
12080 121030.89
12081 256553.28
12082 134126.49
12083 127687.11
12084 30939.537
12085 4657.7629
12086 29403.949
12087 9214.0169
12088 8999.6657
12089 26126.011
12090 6472.0084
12091 1032.1253
12092 674.64217
12093 145.56224
12094 13.663043
12095 96420.349
12096 45759.491
12097 37714.127
12098 1147.6562
12099 4711.1643
12100 103948.08
12101 91764.309
12102 24252.2
12103 30590.707
12104 35144.61
12105 11318.179
12106 29771.18
12107 15542.987
12108 6078.6286
12109 610.96106
12110 378.32713
12111 204.23302
12112 10.525246
12113 0
12114 0
12115 2
12116 380.50886
12117 1866.7282
12118 6744.832
12119 17903.173
12120 5550.5858
12121 9822.6756
12122 226684.71
12123 174036.79
12124 31499.767
12125 14428.892
12126 158877.39
12127 153254.17
12128 4437.2611
12129 86856.018
12130 32509.192
12131 35170.129
12132 44661.848
12133 47216.222
12134 2674.7446
12135 2114.1461
12136 7733.1006
12137 18589.059
12138 15664.217
12139 24990.89
12140 23390.648
12141 27452.588
12142 24932.143
12143 19912.758
12144 4900.4168
12145 191.43229
12146 80.507892
12147 29.474418
12148 0
12149 0
12150 0
12151 0
12152 115.25643
12153 1440.1113
12154 3164.0781
12155 235336.14
12156 390080.58
12157 469683.61
12158 188189.68
12159 93733.196
12160 49244.019
12161 21532.751
12162 27741.256
12163 29784.653
12164 27488.89
12165 40991.067
12166 32323.63
12167 22489.836
12168 20482.841
12169 11865.622
12170 7587.0228
12171 8901.4449
12172 9092.4345
12173 14288.173
12174 13183.78
12175 11616.458
12176 8945.0539
12177 8693.4677
12178 11514.767
12179 19334.294
12180 11862.872
12181 2879.7083
12182 4780.5431
12183 11833.852
12184 7610.4667
12185 3410.6197
12186 5049.1652
12187 3021.4338
12188 4640.8368
12189 5693.1977
12190 3557.537
12191 5880.9743
12192 6551.5221
12193 7206.4767
12194 8204.0515
12195 11490.835
12196 7545.8448
12197 9051.245
12198 19808.585
12199 14131.33
12200 20894.809
12201 17439.586
12202 2956.3183
12203 6922.7072
12204 4793.7676
12205 2927.1865
12206 3843.359
12207 10172.019
12208 12106.901
12209 9011.5912
12210 18528.139
12211 13370.456
12212 16245.431
12213 15676.678
12214 15320.538
12215 21996.125
12216 15526.018
12217 9591.4507
12218 14567.286
12219 18886.948
12220 10887.464
12221 10115.717
12222 4791.5804
12223 11749.308
12224 12982.899
12225 7151.1352
12226 14467.522
12227 8763.5155
12228 6534.7521
12229 7920.8738
12230 3983.7363
12231 10929.328
12232 13094.557
12233 7975.2351
12234 11981.596
12235 12048.164
12236 6781.1365
12237 6117.5438
12238 5584.4154
12239 5395.2303
12240 3760.4077
12241 5099.5536
12242 7182.9901
12243 3094.4958
12244 7001.5887
12245 6714.4258
12246 3816.6117
12247 7908.6421
12248 14225.991
12249 12835.063
12250 8090.5231
12251 10556.021
12252 9407.8241
12253 18068.26
12254 26969.776
12255 34240.022
12256 17485.024
12257 17807.812
12258 15363.857
12259 8892.8086
12260 23806.394
12261 12491.106
12262 35010.06
12263 36489.792
12264 14747.27
12265 6083.7764
12266 8128.2262
12267 21322.71
12268 24129.955
12269 16994.373
12270 11994.109
12271 15465.244
12272 13808.684
12273 6985.6857
12274 9072.2355
12275 6560.8339
12276 3675.7703
12277 6533.7345
12278 3471.9985
12279 1492.8021
12280 3807.8026
12281 5666.6834
12282 3734.9578
12283 2476.3212
12284 9715.3201
12285 6892.7962
12286 8817.8848
12287 8371.9317
12288 4447.7973
12289 2437.8537
12290 12592.817
12291 10754.322
12292 11400.889
12293 19371.295
12294 9074.2157
12295 4618.3136
12296 7987.4681
12297 9098.1979
12298 12243.352
12299 11888.016
12300 6825.807
12301 13087.3
12302 7849.2341
12303 5541.3983
12304 6382.9791
12305 6705.3484
12306 5854.507
12307 4562.1963
12308 10512.547
12309 7535.4375
12310 2708.9462
12311 6401.201
12312 6241.1243
12313 4925.8374
12314 14151.377
12315 11528.807
12316 4315.0084
12317 6255.6635
12318 8598.7279
12319 14507.756
12320 11475.537
12321 8607.7801
12322 14383.645
12323 13680.229
12324 15561.794
12325 12823.836
12326 4668.6066
12327 7089.0259
12328 14421.016
12329 12665.996
12330 9109.139
12331 9601.4434
12332 11313.224
12333 22025.466
12334 17065.299
12335 12912.01
12336 11369.593
12337 10419.047
12338 7043.3851
12339 4427.3659
12340 5637.7885
12341 8967.0972
12342 5826.3042
12343 2827.9271
12344 3373.2757
12345 5569.9244
12346 8214.0235
12347 9533.9374
12348 8355.8538
12349 2963.206
12350 6752.006
12351 8894.2824
12352 6569.8277
12353 3832.6626
12354 9101.1745
12355 9813.2386
12356 6140.1183
12357 4455.5694
12358 12774.134
12359 9397.6965
12360 5438.1586
12361 6363.1664
12362 3197.3311
12363 11883.018
12364 12209.02
12365 2340.1222
12366 5990.3729
12367 20751.024
12368 14029.805
12369 8828.3946
12370 10441.053
12371 11196.583
12372 7201.1977
12373 10115.762
12374 13122.801
12375 14581.565
12376 7051.7748
12377 3932.9306
12378 8212.7497
12379 9540.3301
12380 6039.4401
12381 3277.1431
12382 5751.4502
12383 5059.7957
12384 7027.6795
12385 12350.571
12386 9986.8509
12387 15679.75
12388 24639.155
12389 11325.78
12390 18672.167
12391 16821.191
12392 6889.5717
12393 6999.2598
12394 11986.199
12395 12629.124
12396 9144.6428
12397 12126.494
12398 7579.7799
12399 6044.4097
12400 68261.838
12401 78895.074
12402 51845.192
12403 37928.304
12404 32461.209
12405 8962.8541
12406 24258.273
12407 30333.094
12408 28450.13
12409 30166.148
12410 25935.157
12411 17653.396
12412 14528.881
12413 25952.31
12414 16380.314
12415 5848.231
12416 10498.853
12417 11567.706
12418 6243.0792
12419 12256.351
12420 12681.076
12421 5500.5613
12422 7279.2579
12423 15233.589
12424 14652.861
12425 5272.7688
12426 8344.8822
12427 9988.6142
12428 8796.9057
12429 9754.8939
12430 14228.105
12431 9455.5797
12432 6372.2175
12433 10622.259
12434 7732.3509
12435 3436.6501
12436 15733.571
12437 11300.491
12438 2357.9957
12439 6092.4863
12440 11777.266
12441 8452.1585
12442 15006.745
12443 17665.031
12444 14667.494
12445 18234.986
12446 17762.912
12447 43645.234
12448 21472.234
12449 16051.335
12450 7841.3973
12451 17151.408
12452 23126.156
12453 1813756.7
12454 2164531.7
12455 290564.96
12456 156724.01
12457 74698.408
12458 7090.585
12459 9866.74
12460 14664.7
12461 33053.333
12462 19529.509
12463 23314.476
12464 28812.319
12465 18652.798
12466 18950.686
12467 18586.707
12468 4934.6029
12469 3078.892
12470 967.737
12471 1479.427
12472 1466.1362
12473 1402.6651
12474 2106.2279
12475 2443.8839
12476 12961.117
12477 8976.5253
12478 46176.113
12479 31495.181
12480 23562.28
12481 19532.461
12482 9593.3034
12483 20615.909
12484 10349.956
12485 5717.1893
12486 3416.0621
12487 232.4413
12488 170.36437
12489 78.795769
12490 600.99175
12491 2810.8288
12492 4266.149
12493 11465.84
12494 11823.293
12495 6473.8193
12496 6587.2954
12497 7902.2367
12498 9304.4689
12499 13511.147
12500 9056.9805
12501 4077.9886
12502 3687.5779
12503 1111.7726
12504 2114.9202
12505 1147.205
12506 380.78152
12507 2662.9151
12508 5519.6949
12509 9737.3396
12510 13508.36
12511 10051.458
12512 13583.407
12513 14247.356
12514 25461.189
12515 24837.807
12516 5208.8309
12517 2114.0527
12518 512.66757
12519 215.39766
12520 628.89922
12521 1025.3511
12522 2187.9257
12523 5686.0848
12524 10071.761
12525 25119.03
12526 16878.948
12527 6222.6305
12528 11551.645
12529 21281.258
12530 25109.903
12531 10067.863
12532 12643.904
12533 10210.34
12534 2752.6951
12535 1485.1909
12536 385.55897
12537 66.25011
12538 65.144108
12539 10.988453
12540 196.297
12541 357.76745
12542 1044.2954
12543 1518.3136
12544 1329.7237
12545 3439.7411
12546 5269.1607
12547 12595.626
12548 18399.655
12549 14500.182
12550 14904.157
12551 18252.148
12552 20136.509
12553 14435.814
12554 10500.274
12555 16341.078
12556 19521.879
12557 10666.135
12558 6289.2685
12559 1266.625
12560 404.76481
12561 471.35427
12562 225.55921
12563 0
12564 11.52
12565 168.28781
12566 788.54264
12567 1640.7372
12568 5056.3266
12569 11093.17
12570 21113.608
12571 13271.317
12572 15359.709
12573 18816.884
12574 25029.719
12575 12875.914
12576 11443.207
12577 25465.329
12578 15352.179
12579 6451.0823
12580 4912.8533
12581 2797.4712
12582 535.85128
12583 987.70967
12584 1006.2139
12585 476.73785
12586 111.34236
12587 111.34236
12588 19.137513
12589 2313.8782
12590 9530.9042
12591 6612.5726
12592 9072.2395
12593 10899.262
12594 9895.1797
12595 14796.266
12596 11057.264
12597 12323.854
12598 20060.446
12599 15483.869
12600 5283.2771
12601 5686.3085
12602 2610.8661
12603 1125.6311
12604 363.81721
12605 315.60298
12606 0
12607 35.28
12608 157.34037
12609 109.90872
12610 2189.3445
12611 5022.8016
12612 8686.9439
12613 8706.295
12614 8760.998
12615 11059.873
12616 10804.069
12617 6497.1476
12618 26117.811
12619 24348.784
12620 10454.841
12621 9302.0586
12622 4123.0361
12623 1149.843
12624 352.56311
12625 62.549693
12626 0
12627 0
12628 0
12629 0
12630 0
12631 696.71708
12632 1639.1277
12633 2267.5245
12634 13900.213
12635 18992.591
12636 7879.6017
12637 11507.717
12638 17253.724
12639 16545.905
12640 17544.228
12641 17487.119
12642 29171.842
12643 13554.34
12644 7825.9963
12645 8234.1812
12646 1299.3946
12647 551.07348
12648 590.36379
12649 62.442918
12650 75.645
12651 153.10401
12652 102.67353
12653 3627.1747
12654 6643.2407
12655 5228.4193
12656 7223.0181
12657 11871.437
12658 13704.467
12659 10331.642
12660 15667.18
12661 17639.591
12662 19225.189
12663 12733.111
12664 7390.6027
12665 5796.6056
12666 3093.1392
12667 654.39097
12668 470.59402
12669 121.68
12670 121.68
12671 0
12672 0
12673 158.53297
12674 430.45092
12675 3868.9244
12676 9045.617
12677 10467.61
12678 16669.027
12679 13140.056
12680 24705.094
12681 31379.57
12682 34007.997
12683 23110.622
12684 40884.097
12685 37396.577
12686 5724.4002
12687 1594.0745
12688 1595.0101
12689 1648.2892
12690 226.9072
12691 0
12692 0
12693 0
12694 2277.0874
12695 3163.8069
12696 8132.7584
12697 10455.073
12698 8967.5774
12699 14449.2
12700 12373.981
12701 13809.19
12702 12407.521
12703 10959.896
12704 10753.538
12705 6766.5827
12706 3206.954
12707 607.31645
12708 131.42752
12709 285.56426
12710 200
12711 42.32
12712 42.32
12713 0
12714 0
12715 115.87762
12716 832.53368
12717 5221.1602
12718 9492.8347
12719 18536.789
12720 25830.725
12721 26073.221
12722 20966.231
12723 31586.557
12724 37665.293
12725 14635.264
12726 12234.812
12727 18407.338
12728 12918.243
12729 3072.3927
12730 533.36464
12731 130.11254
12732 43.791696
12733 0
12734 0
12735 54.08
12736 978.74008
12737 49595.936
12738 37757.338
12739 128577.24
12740 510103.17
12741 1047564.3
12742 283745.5
12743 448201.54
12744 1133233.9
12745 1613028.8
12746 1359832.3
12747 511315.75
12748 475364.17
12749 664306.82
12750 146601.55
12751 96765.989
12752 114448.5
12753 107660.78
12754 76264.129
12755 74534.828
12756 1770.9084
12757 3781.0447
12758 7434.7162
12759 6030.5687
12760 5260.0611
12761 2460.8281
12762 6279.0288
12763 7548.546
12764 8313.7537
12765 9434.4016
12766 7822.433
12767 72251.597
12768 307225.84
12769 253361.73
12770 42666.112
12771 76656.12
12772 294140.56
12773 256523.36
12774 14204.169
12775 151.38
12776 344.74361
12777 1487.9031
12778 3575.8758
12779 2273.0131
12780 5505.1885
12781 5213.6734
12782 9459.3854
12783 9000.5679
12784 9201.054
12785 7175.2976
12786 11590.881
12787 11074.221
12788 3474.3459
12789 4042.3892
12790 1799.4265
12791 108.39092
12792 70625.412
12793 68532.692
12794 2932.9094
12795 3896.3429
12796 110031.22
12797 263887.54
12798 923093.74
12799 1359381
12800 618062.04
12801 60468.54
12802 58674.747
12803 227261.2
12804 179611.15
12805 125124.57
12806 81667.968
12807 166016.61
12808 59058.379
12809 167779.64
12810 187746.46
12811 78123.416
12812 123037.26
12813 107392.85
12814 122135
12815 254789.92
12816 66684.558
12817 128822.83
12818 220381.67
12819 56171.909
12820 124251.41
12821 167807.06
12822 15084.524
12823 127236.83
12824 124811.26
12825 207042.14
12826 331209.39
12827 1773346.7
12828 1251475.9
12829 120452.37
12830 462981.42
12831 563419.64
12832 222847.68
12833 682442.83
12834 564524.01
12835 156185.09
12836 0
12837 4111.5302
12838 16829.216
12839 51778.482
12840 30497.05
12841 8174.0237
12842 5196.1518
12843 1830.7724
12844 8816.1836
12845 19078.765
12846 15391.347
12847 290073.25
12848 240610.32
12849 23096.577
12850 9810.5656
12851 9792.3015
12852 6273.7001
12853 13008.884
12854 10607.4
12855 7565.1768
12856 7664.9572
12857 9533.223
12858 7657.1826
12859 11671.698
12860 8863.6563
12861 2240.9791
12862 903.42941
12863 487.05333
12864 218.91598
12865 0
12866 16.637545
12867 445.2807
12868 3027.8975
12869 4265.7861
12870 7653.9264
12871 8768.3225
12872 4659.215
12873 4789.0799
12874 7848.0693
12875 6288.3177
12876 8257.3419
12877 4032.7882
12878 1958.083
12879 541.30983
12880 299.0314
12881 709.51064
12882 708.25093
12883 0
12884 1822.6696
12885 3062.4879
12886 4470.0608
12887 5250.5667
12888 14117.549
12889 8374.6676
12890 47032.167
12891 58080.649
12892 19163.966
12893 30478.08
12894 5341.2376
12895 2300.7019
12896 3326.4344
12897 2244.1167
12898 2250.6817
12899 3002.343
12900 2162.1096
12901 2759.7579
12902 12403.445
12903 28389
12904 26072.498
12905 42938.14
12906 27158.456
12907 24263.055
12908 28872.759
12909 8592.7789
12910 6116.2053
12911 5614.0545
12912 5281.9735
12913 3699.5578
12914 4679.8308
12915 3033.8973
12916 3242.2975
12917 3075.3037
12918 5346.271
12919 6574.9253
12920 20938.004
12921 9557.2294
12922 17004.159
12923 45880.756
12924 34456.402
12925 14738.402
12926 50011.712
12927 9051.5091
12928 13357.611
12929 29352.902
12930 27379.696
12931 5741.2456
12932 3220.5921
12933 4333.4964
12934 5686.2564
12935 1450.5966
12936 3149.5545
12937 8935.8362
12938 5456.3205
12939 20548.308
12940 18220.2
12941 6082.3956
12942 30530.177
12943 60753.953
12944 17593.345
12945 68482.748
12946 24844.524
12947 32801.277
12948 36686.228
12949 4807.3999
12950 6262.2892
12951 3052.8447
12952 718.53156
12953 2453.2938
12954 1709.584
12955 1421.7834
12956 10773.486
12957 6154.8125
12958 16651.08
12959 13620.384
12960 6499.6133
12961 42517.727
12962 22344.605
12963 10241.665
12964 35843.798
12965 10495.82
12966 5261.7344
12967 5414.1877
12968 6323.1239
12969 1269.7892
12970 2308.8043
12971 5272.6866
12972 2458.239
12973 5502.3508
12974 17771.13
12975 17052.254
12976 45947.815
12977 16525.643
12978 41514.518
12979 12563.288
12980 16766.429
12981 18205.722
12982 4722.6183
12983 8523.5107
12984 6951.4823
12985 1679.9547
12986 3716.4208
12987 9411.2369
12988 5101.2488
12989 43289.615
12990 40888.847
12991 9618.9444
12992 41443.366
12993 19566.298
12994 15187.859
12995 13814.831
12996 6815.8379
12997 14985.712
12998 13600.432
12999 11539.16
13000 3838.8916
13001 5416.432
13002 120.74326
13003 351.125
13004 2499.9584
13005 5998.2971
13006 8623.0321
13007 6265.019
13008 10841.577
13009 10960.881
13010 14000.38
13011 17437.325
13012 16623.492
13013 7021.6661
13014 7688.7261
13015 6205.8111
13016 1602.6326
13017 2471.7507
13018 3618.9065
13019 1753.4067
13020 3990.8343
13021 6215.6903
13022 5579.8727
13023 14070.36
13024 24188.471
13025 14960.648
13026 22924.173
13027 16962.853
13028 10567.219
13029 7419.0447
13030 8213.4467
13031 6025.0545
13032 1951.2242
13033 172.4013
13034 0
13035 823.92598
13036 916.45011
13037 3089.9948
13038 4560.2083
13039 4717.1339
13040 7147.1257
13041 11052.732
13042 13607.399
13043 29356.444
13044 21072.404
13045 2037.2485
13046 1602.3298
13047 546.96408
13048 151.56959
13049 363.32164
13050 131.77966
13051 2551.2021
13052 5303.8753
13053 4335.5263
13054 13112.503
13055 22864.633
13056 8332.184
13057 23971.189
13058 26018.449
13059 4440.2497
13060 17968.719
13061 4201.6496
13062 1663.347
13063 882.05249
13064 647.62897
13065 617.8482
13066 0
13067 650.17461
13068 1411.5799
13069 5703.9206
13070 14206.417
13071 26410.593
13072 29318.431
13073 37895.171
13074 49493.228
13075 26072.237
13076 40436.658
13077 19610.78
13078 4342.476
13079 187.34661
13080 45.242332
13081 0
13082 0
13083 0
13084 0
13085 0
13086 2762.3231
13087 8722.0672
13088 9601.0731
13089 27573.559
13090 23832.499
13091 35666.782
13092 31642.213
13093 26275.709
13094 11846.243
13095 3637.7422
13096 1060.2518
13097 101.25498
13098 57.887767
13099 3.9888501
13100 2.645
13101 0
13102 0
13103 0
13104 0
13105 0
13106 0
13107 38.72
13108 5694.6667
13109 10870.531
13110 11436.514
13111 16657.566
13112 19492.663
13113 11729.814
13114 17636.464
13115 21530.662
13116 15386.133
13117 22434.558
13118 20048.751
13119 6889.9071
13120 1094.4528
13121 120.39053
13122 61.866429
13123 84070.836
13124 83845.125
13125 0
13126 0
13127 0
13128 0
13129 0
13130 269.3661
13131 302.47575
13132 3266.6329
13133 8758.4642
13134 21662.853
13135 11789.235
13136 6759.1385
13137 6128.3376
13138 6771.8447
13139 7468.3462
13140 6987.5124
13141 7749.9548
13142 9525.625
13143 6490.1699
13144 2222.0255
13145 1099.0582
13146 152.63115
13147 18.840256
13148 27.542178
13149 44.157684
13150 18.697162
13151 3.2470916
13152 3.2470916
13153 0
13154 0
13155 696.56294
13156 1883.4062
13157 2204.709
13158 3448.2236
13159 6348.1248
13160 18491.796
13161 33705.189
13162 47901.158
13163 44205.556
13164 46096.139
13165 35693.317
13166 32274.706
13167 22243.654
13168 68545.403
13169 70297.921
13170 2684.5823
13171 84609.406
13172 201783.13
13173 235491.72
13174 357850.87
13175 1267286.7
13176 1447917.1
13177 696799.76
13178 2448173.8
13179 2226875.5
13180 342453.47
13181 168000.51
13182 151293.2
13183 401556.33
13184 382644.91
13185 122052.64
13186 3682.0252
13187 0
13188 42352.637
13189 16699.424
13190 436960.17
13191 658850.46
13192 308507.53
13193 106808.66
13194 7623.4984
13195 21976.722
13196 51072.018
13197 79486.438
13198 518925.14
13199 584184.83
13200 133066.08
13201 87744.208
13202 246728.76
13203 248405.97
13204 157753.14
13205 2669415.6
13206 2722419
13207 351736.66
13208 737102.43
13209 540760.75
13210 95322.804
13211 475251.37
13212 825308.54
13213 365424.32
13214 68003.261
13215 13476.543
13216 15184.056
13217 16001.767
13218 146936.93
13219 657373.1
13220 846262.93
13221 898570.31
13222 311000.14
13223 131543.07
13224 36074.483
13225 140150.19
13226 30517.456
13227 53650.912
13228 38351.84
13229 636.65563
13230 599.50655
13231 1396.2706
13232 80.971166
13233 0
13234 0
13235 106910.76
13236 304137.97
13237 203561.88
13238 112823.52
13239 103899.62
13240 29.605548
13241 39.186384
13242 2793.4108
13243 7832.3827
13244 16488.913
13245 20362.442
13246 3602.782
13247 3792.4632
13248 98919.877
13249 74417.823
13250 121512.46
13251 2046.9653
13252 67382.216
13253 42901.781
13254 1996.363
13255 2109.8261
13256 2407.4671
13257 3627.6027
13258 2437.8053
13259 1496.7055
13260 833.25896
13261 973.7354
13262 1984.4756
13263 1770.0164
13264 2120.3701
13265 2288.0944
13266 5263.9452
13267 6571.3431
13268 2645.4559
13269 1625.0708
13270 3998.7963
13271 5828.9094
13272 2283.9649
13273 1960.2455
13274 1815.0035
13275 1676.9864
13276 1374.5989
13277 1048.0648
13278 1139.3637
13279 1564.9558
13280 2524.269
13281 3084.1835
13282 1949.161
13283 1753.9948
13284 1992.2087
13285 2348.0029
13286 2923.9571
13287 2571.0259
13288 2234.7264
13289 1457.619
13290 1980.1591
13291 2283.8051
13292 1122.0018
13293 1247.3099
13294 893.05454
13295 1317.9609
13296 2254.773
13297 1955.1169
13298 2236.8752
13299 2919.9745
13300 1876.1211
13301 1360.3993
13302 2342.3989
13303 1917.8093
13304 1052.5496
13305 710.61124
13306 1755.4629
13307 198986.55
13308 158104.47
13309 50053.073
13310 528869.55
13311 961921.57
13312 409086.95
13313 298788.63
13314 686962.8
13315 1014910.5
13316 85641.568
13317 58224.136
13318 4038.1023
13319 7680.6897
13320 3537.9385
13321 2879.0097
13322 3012.6285
13323 2244.4019
13324 179912.5
13325 179187.03
13326 36808.167
13327 118468.31
13328 367721.8
13329 2145319.1
13330 1339100.6
13331 809644.64
13332 754244.14
13333 689399.9
13334 986647.79
13335 251470.14
13336 131599.99
13337 125484.11
13338 185686
13339 576102.35
13340 693743
13341 411136.88
13342 93953.285
13343 39943.425
13344 6927.7653
13345 95861.437
13346 66458.95
13347 30510.817
13348 128900.39
13349 118400.76
13350 152519
13351 20021.093
13352 166597.56
13353 849641.65
13354 889815.84
13355 35493.013
13356 340508.56
13357 911597.63
13358 995549.55
13359 107244.43
13360 98475.933
13361 5370.944
13362 8255.55
13363 11248.04
13364 6897.0428
13365 3221.1377
13366 6201.0866
13367 3656.2566
13368 1223.191
13369 2017.0135
13370 46279.87
13371 28914.03
13372 188977.07
13373 1009883.2
13374 792548.68
13375 29987.009
13376 72151.858
13377 12711.812
13378 1182.5789
13379 2320.4815
13380 1934.6503
13381 3362.6557
13382 2530.8761
13383 1853.4636
13384 2094.3127
13385 3237.5215
13386 1761.3776
13387 2693.9773
13388 2282.6206
13389 1653.4963
13390 189211.89
13391 192975.18
13392 263687.37
13393 119780.97
13394 150477.44
13395 194482.57
13396 743464.34
13397 729519.34
13398 609706.12
13399 985577.34
13400 471238.96
13401 149232.64
13402 91165.391
13403 685.78034
13404 4424.1206
13405 4894.5166
13406 3372.8366
13407 4776.5823
13408 5846.1054
13409 6600.9503
13410 3513.5709
13411 4839.3196
13412 4302.1826
13413 1671.5543
13414 1052.4683
13415 1533.3149
13416 1407427.8
13417 1492454.7
13418 197729.66
13419 49437.066
13420 69632.964
13421 978072.1
13422 1322841.7
13423 165932.44
13424 80600.851
13425 42459.293
13426 1922.4438
13427 4391.4112
13428 5045.1948
13429 6115.4258
13430 3055.4221
13431 140148.81
13432 120049.8
13433 48013.464
13434 63280.612
13435 4412.1299
13436 7055.4556
13437 2112.0487
13438 1877.74
13439 2299.752
13440 2505.2098
13441 2049.885
13442 2023.4521
13443 1696.7794
13444 84846.886
13445 54062.619
13446 42408.478
13447 55961.407
13448 151332.49
13449 231092.59
13450 15201.936
13451 150561.38
13452 33923.374
13453 125389.97
13454 208798.38
13455 736690.77
13456 645004.81
13457 303110.93
13458 84515.681
13459 128081.51
13460 1123371.9
13461 888132.34
13462 97506.49
13463 99895.479
13464 655.02009
13465 4661.3507
13466 11354.64
13467 7103.8005
13468 1550.8885
13469 4027.0887
13470 3426.3543
13471 3078.9195
13472 1260.8132
13473 2446.1376
13474 174698.81
13475 128590.24
13476 40022.816
13477 60438.23
13478 3218.9509
13479 34824.24
13480 64086.899
13481 24353.287
13482 20919.616
13483 2025.2667
13484 2290.3362
13485 3139.1788
13486 4586.6381
13487 554838.59
13488 1689414.2
13489 1068975.4
13490 644290.45
13491 694487.85
13492 267567.52
13493 1478987.7
13494 1323969.3
13495 109775.88
13496 114636.6
13497 1796.4267
13498 6956.1226
13499 7338.5952
13500 5406.4038
13501 4588.7587
13502 67792.759
13503 362930.04
13504 228498.16
13505 112268.39
13506 278135.41
13507 109848.14
13508 9393.9671
13509 428652.07
13510 466580.87
13511 22976.818
13512 65448.677
13513 13481.071
13514 1454.4116
13515 3258.2773
13516 2752.2095
13517 2470.9765
13518 2699.8156
13519 2951.81
13520 5510.549
13521 1976.8343
13522 3000.5459
13523 2815.4705
13524 3542.3264
13525 4195.5733
13526 2716.7505
13527 3615.964
13528 4772.2914
13529 3232.5624
13530 2073.7061
13531 6281.6052
13532 5363.9187
13533 5887.9565
13534 4575.966
13535 8042.6862
13536 5721.3022
13537 276564.66
13538 505314.96
13539 53050.901
13540 167900.43
13541 157945.76
13542 527634.65
13543 978565.64
13544 1134947.2
13545 566708.25
13546 124099.22
13547 231345.15
13548 124182.45
13549 333642.26
13550 191593.95
13551 105189.59
13552 95766.157
13553 2490.1256
13554 3372.886
13555 6893.0549
13556 13170.864
13557 125833.69
13558 225397.54
13559 56601.794
13560 84536.216
13561 6261.376
13562 6009.0076
13563 7339.3047
13564 6170.1207
13565 3826.5397
13566 56874.878
13567 229600.66
13568 293718.41
13569 169552.51
13570 237821.84
13571 134504.76
13572 45088.472
13573 230466.43
13574 218241.42
13575 33321.028
13576 69833.121
13577 39153.131
13578 206476.7
13579 122793.63
13580 81865.757
13581 506950.12
13582 680816.69
13583 201173.35
13584 94839.799
13585 26771.924
13586 4483.5898
13587 3640.9193
13588 2790.8465
13589 5667.9333
13590 4483.0232
13591 3090.7018
13592 2195.9067
13593 8016.5405
13594 6630.847
13595 2009.2831
13596 2416.4711
13597 194893.35
13598 180051.23
13599 161865.07
13600 305764.46
13601 426890.6
13602 63607.844
13603 267642.52
13604 286355.56
13605 85923.126
13606 96855.644
13607 443211.69
13608 438426.96
13609 74162.212
13610 416867.45
13611 256061.61
13612 96524.53
13613 130672.57
13614 1785334.7
13615 1658503.8
13616 51410.201
13617 70986.837
13618 1784.3314
13619 1447.3293
13620 2145.2357
13621 2703.0025
13622 1772.1978
13623 2544.9234
13624 2154.8934
13625 806.86341
13626 929.27017
13627 1406.3857
13628 1289.4153
13629 1133.5734
13630 2845.5235
13631 90910.709
13632 71248.523
13633 27039.011
13634 3073.2478
13635 2622.7034
13636 1505.4683
13637 993.02055
13638 1030.9032
13639 1557.4179
13640 1252.2696
13641 1711.5974
13642 1102.0985
13643 1796.6881
13644 1573.1335
13645 1330.9026
13646 1010.3385
13647 1215.8815
13648 588.4381
13649 68891.638
13650 158759.08
13651 69031.668
13652 65354.238
13653 25625.531
13654 970.62837
13655 1697.2251
13656 3398.8296
13657 4237.5771
13658 1531.879
13659 4194.7133
13660 169767.4
13661 184522.02
13662 59232.59
13663 80030.284
13664 7782.8224
13665 5897.9054
13666 2380.3519
13667 3096.4829
13668 41913.555
13669 33980.697
13670 3663.1368
13671 377758.14
13672 615780.96
13673 157279.77
13674 58448.819
13675 1525.2849
13676 2422.4572
13677 2424.2524
13678 1716.7918
13679 814.11186
13680 574.92317
13681 1156.7923
13682 1333.8325
13683 610.03256
13684 1727.7211
13685 3137.6376
13686 2390.0306
13687 992.46928
13688 1023.2523
13689 2131.1679
13690 1896.6227
13691 1129.639
13692 1194.9085
13693 961.0727
13694 979.48591
13695 1132.9508
13696 1198.9703
13697 692.73734
13698 2431.0898
13699 2680.8994
13700 561.67284
13701 64526.6
13702 163634.46
13703 346957.45
13704 59168.928
13705 61919.652
13706 4985.941
13707 3241.6064
13708 4346.2121
13709 691497.65
13710 1653279.8
13711 875713.96
13712 450075.33
13713 231345.15
13714 15591.82
13715 111839.99
13716 652742.03
13717 825995.42
13718 70381.413
13719 86001.846
13720 159658.69
13721 245579.09
13722 53033.18
13723 76336.48
13724 11574.101
13725 410686.71
13726 424151.27
13727 38143.459
13728 76127.255
13729 96572.925
13730 190853.92
13731 159922.48
13732 66589.589
13733 141753.11
13734 674051.36
13735 592152.76
13736 86733.985
13737 65015.853
13738 337183.4
13739 339910.49
13740 40329.746
13741 148384.87
13742 57898.921
13743 132496.88
13744 69173.667
13745 790864.57
13746 1664315.5
13747 1525217.7
13748 209538.81
13749 171249.19
13750 206013.93
13751 174967.71
13752 595705.32
13753 646433.9
13754 66136.651
13755 127316.58
13756 190682.11
13757 64257.423
13758 96759.388
13759 282520.23
13760 1278594.5
13761 997553.85
13762 26141.411
13763 110760.12
13764 146170.28
13765 210696.6
13766 87784.607
13767 66194.153
13768 247365.97
13769 191288.48
13770 50533.692
13771 68621.09
13772 105217.85
13773 40140.786
13774 70860.542
13775 4892.3008
13776 3263.4483
13777 6231.8007
13778 6352.6196
13779 4713.5608
13780 11668.471
13781 8058.3641
13782 54453.004
13783 35306.252
13784 34669.531
13785 13431.366
13786 85253.319
13787 49729.125
13788 62821.801
13789 9490.9534
13790 2868.3738
13791 4038.6766
13792 5542.0262
13793 3693.2402
13794 2503.2828
13795 1823.5108
13796 2036.2449
13797 2154.6826
13798 3898.2154
13799 4096.6042
13800 5834.3321
13801 4433.4677
13802 2685.1644
13803 8041.0201
13804 378456.53
13805 321451.4
13806 176894.79
13807 438784.62
13808 245955.05
13809 281264.26
13810 124532.92
13811 146610.45
13812 9509.4367
13813 123605.35
13814 47478.55
13815 145749.78
13816 37839.814
13817 122782.5
13818 327605.4
13819 470630.33
13820 52599.275
13821 78109.208
13822 12662.666
13823 1668.9263
13824 10511.872
13825 222716.24
13826 1163558.1
13827 885197.65
13828 340270.89
13829 752058.85
13830 904851.28
13831 275096.75
13832 590765.78
13833 1287267.4
13834 845737.35
13835 96584.226
13836 422882.34
13837 251195.46
13838 54382.321
13839 495701.24
13840 1084037.5
13841 676684.28
13842 93626.005
13843 783977.84
13844 1147898.7
13845 362987.16
13846 88036.558
13847 102791.5
13848 362132.65
13849 441130.44
13850 130064.87
13851 143995.22
13852 75164.606
13853 27896.068
13854 45348.791
13855 81783.242
13856 285002.64
13857 159665.28
13858 175441.6
13859 1410929.8
13860 1779005.6
13861 1799479.8
13862 537894.82
13863 506262.79
13864 658504.83
13865 401871.94
13866 996753.59
13867 527761.52
13868 206093.18
13869 531868.08
13870 533899.35
13871 214879.24
13872 157558.03
13873 455252.5
13874 187176.33
13875 481620.52
13876 343967.38
13877 610052.92
13878 436078.04
13879 121806.35
13880 31915.162
13881 11.343261
13882 4600.2666
13883 10339.247
13884 1103483.7
13885 1078440.7
13886 216401.11
13887 490023.49
13888 794220.03
13889 466890.62
13890 208339.8
13891 996709.03
13892 2041609
13893 894896.36
13894 431437.51
13895 1319034.3
13896 987965.7
13897 265483.17
13898 127056.72
13899 133540.94
13900 20974.567
13901 123479.17
13902 459673.1
13903 763254.6
13904 140914
13905 73387.007
13906 45383.958
13907 1347.3413
13908 6540.3196
13909 10629.967
13910 2618.8417
13911 3629.4027
13912 44887.631
13913 116388.09
13914 1228126.9
13915 1504950.2
13916 890813.2
13917 859773.18
13918 125391.26
13919 7007.9273
13920 1032156.3
13921 861443.88
13922 300258.34
13923 34282.867
13924 72141.86
13925 25602.099
13926 11866.674
13927 4125.5659
13928 5451.4693
13929 6949.7391
13930 4037.7523
13931 15242.698
13932 595008.5
13933 479861.39
13934 63009.222
13935 306117.3
13936 284270.81
13937 222674.89
13938 820319.32
13939 1876334.5
13940 952983.31
13941 125171.15
13942 80238.985
13943 52165.128
13944 244634.88
13945 153339.97
13946 144125.66
13947 421078.19
13948 1033981.3
13949 633724.5
13950 300199.12
13951 202904.36
13952 359609.43
13953 536116.99
13954 63573.987
13955 380750.41
13956 418425.39
13957 82024.036
13958 75080.802
13959 168740.52
13960 172079.48
13961 230719
13962 1184091.5
13963 1634314.9
13964 792610.75
13965 237226.01
13966 115934.06
13967 778168.07
13968 355852.73
13969 394701.31
13970 664148.31
13971 336716.47
13972 306527.49
13973 362664.6
13974 243243.6
13975 181835.88
13976 342796.47
13977 187930.55
13978 77175.914
13979 93123.415
13980 15767.354
13981 579508.39
13982 653821.44
13983 40745.268
13984 52147.493
13985 47235.12
13986 15599.504
13987 122621.43
13988 47515.818
13989 71157.883
13990 131434.02
13991 139475.08
13992 168920.45
13993 78568.484
13994 128758.38
13995 185844.92
13996 123404.79
13997 372.3988
13998 113514.41
13999 150262.39
14000 286532.47
14001 55193.575
14002 94011.33
14003 8143.2036
14004 4290.0198
14005 7558.6732
14006 3678.2133
14007 4366.1142
14008 102963.7
14009 71131.947
14010 135116.78
14011 166284.3
14012 616190.19
14013 631555.57
14014 285575.57
14015 205202.23
14016 131020.93
14017 140042.72
14018 14436.818
14019 57772.081
14020 77969.012
14021 573834.4
14022 589971.53
14023 50126.587
14024 72112.18
14025 2491.3368
14026 2614.5131
14027 6987.0341
14028 10303.652
14029 5929.4889
14030 4369.1228
14031 4369.33
14032 2072.6484
14033 1921.4468
14034 2493.2227
14035 1473.2109
14036 1619.4469
14037 2423.8902
14038 1854.359
14039 3217.4281
14040 2798.415
14041 2070.2502
14042 3027.3969
14043 2694.5977
14044 2409.0844
14045 7177.8158
14046 78607.83
14047 666083.1
14048 578774.29
14049 37903.83
14050 73726.967
14051 2784.6864
14052 6950.6794
14053 4607.4866
14054 2705.6584
14055 1313.467
14056 487.31885
14057 436.10294
14058 1996.7495
14059 2340.4613
14060 1006.8353
14061 5274.0451
14062 1015305.1
14063 997380.84
14064 240913.15
14065 136483.41
14066 131817.72
14067 246061.08
14068 135265.35
14069 123199.81
14070 224532.86
14071 206359.22
14072 209321.14
14073 186233.3
14074 137502.54
14075 406837.27
14076 175821.69
14077 125856.56
14078 689012.91
14079 1898795.8
14080 666858.22
14081 89484.003
14082 48774.267
14083 2156.0354
14084 5140.8871
14085 3706.3422
14086 181887.82
14087 173693.37
14088 45909.118
14089 65076.966
14090 347430.61
14091 285821.63
14092 17494.577
14093 56735.461
14094 12394.735
14095 1621.2384
14096 3203.5886
14097 2880.3297
14098 2028.3621
14099 1868.5903
14100 9097.7446
14101 49443.986
14102 36228.75
14103 12362.443
14104 87623.104
14105 591302.34
14106 623557.72
14107 35794.087
14108 972656.51
14109 1053095.2
14110 24800.043
14111 84031.081
14112 17543.054
14113 2853.8783
14114 4944.6229
14115 4639.5811
14116 3982.376
14117 13433.709
14118 193785.72
14119 266476.7
14120 268892.78
14121 250103.02
14122 691280.15
14123 467971.94
14124 158900.21
14125 53373.766
14126 138114.36
14127 182917.87
14128 23001.398
14129 80177.558
14130 131933.59
14131 713937.32
14132 448476.34
14133 138225.38
14134 52298.962
14135 1401488.1
14136 1226343.8
14137 76601.654
14138 79697.715
14139 2806.0791
14140 4772.1539
14141 7667.5589
14142 4133.4364
14143 1949.5143
14144 2160.9054
14145 1943.1036
14146 1430.0635
14147 1302.7105
14148 812.03866
14149 497.05901
14150 1135.4881
14151 2220.6033
14152 86647.817
14153 512213.26
14154 543314.81
14155 299100.69
14156 124068.83
14157 196417.03
14158 268963.36
14159 222340.4
14160 1611962.9
14161 1146107.5
14162 113092.26
14163 24838.792
14164 16534.453
14165 19335.627
14166 8138.626
14167 7830.2379
14168 5194.0874
14169 2698.635
14170 445818.74
14171 725120.06
14172 141775.38
14173 281176.44
14174 501443.52
14175 326180.78
14176 200985.33
14177 663414.66
14178 532243.19
14179 69788.235
14180 55395.057
14181 185057.88
14182 138011.17
14183 84858.613
14184 125445.53
14185 166558.04
14186 24464.328
14187 124740.97
14188 135720.12
14189 19992.51
14190 126354.28
14191 485246.52
14192 197259.56
14193 72261.628
14194 730273.36
14195 709951.22
14196 398015.51
14197 44231.851
14198 167214.36
14199 2433184.4
14200 2475468.4
14201 48304.331
14202 2245859.8
14203 2276359.6
14204 262490.1
14205 41627.249
14206 72369.862
14207 93374.059
14208 9347.3757
14209 3713.5531
14210 76822.493
14211 138030.04
14212 0
14213 16272.52
14214 174135.1
14215 184874.79
14216 5295.6546
14217 11736.86
14218 21615.679
14219 14364.324
14220 12773.113
14221 7922.6321
14222 12360.919
14223 7864.5742
14224 9723.7568
14225 11187.983
14226 13604.09
14227 5405.2072
14228 6364.924
14229 8844.9867
14230 6972.1346
14231 7190.161
14232 6514.2235
14233 13757.527
14234 18610.455
14235 16477.6
14236 9169.5693
14237 8138.7047
14238 12369.239
14239 12415.288
14240 8485.9223
14241 11455.754
14242 12414.009
14243 13696.36
14244 7697.0299
14245 5709.4139
14246 7091.3816
14247 7942.2281
14248 7856.5077
14249 5782.282
14250 6313.1854
14251 8289.6975
14252 7953.5696
14253 5933.5566
14254 6746.4127
14255 7149.3207
14256 10669.02
14257 9170.8359
14258 5701.3541
14259 5839.58
14260 11134.55
14261 12514.699
14262 8836.1128
14263 8892.5058
14264 11403.907
14265 8137.2836
14266 10945.821
14267 13791.437
14268 12053.465
14269 6878.915
14270 7062.3934
14271 13239.927
14272 21365.742
14273 16510.924
14274 27504.014
14275 21635.342
14276 10794.837
14277 9423.3865
14278 11102.552
14279 6455.4458
14280 8468.2245
14281 13398.325
14282 15219.413
14283 6757.7354
14284 7603.4318
14285 9331.2147
14286 8826.2529
14287 6212.9043
14288 5982.6211
14289 13998.394
14290 13584.477
14291 10431.245
14292 12156.975
14293 9056.0542
14294 3104.1147
14295 11703.856
14296 9654.7056
14297 5604.486
14298 13886.407
14299 11539.8
14300 8361.389
14301 13199.713
14302 9506.7987
14303 6070.6494
14304 15497.727
14305 13872.497
14306 8782.7459
14307 16238.818
14308 13923.98
14309 12759.51
14310 12318.296
14311 10329.421
14312 19337.103
14313 16883.662
14314 7796.1051
14315 13495.067
14316 15492.042
14317 10518.345
14318 11158.077
14319 11264.675
14320 6085.0403
14321 7625.0497
14322 16866.148
14323 14500.723
14324 6716.9219
14325 7247.1533
14326 13296.143
14327 7192.9176
14328 3798.7284
14329 10249.289
14330 10847.705
14331 6720.6105
14332 13280.409
14333 5043.4687
14334 15492.79
14335 18750.428
14336 9157.9285
14337 9407.0715
14338 13077.639
14339 8091.7875
14340 16690.439
14341 12156.616
14342 6591.3263
14343 7080.587
14344 8587.6197
14345 6166.4328
14346 10609.969
14347 8624.7081
14348 7571.0079
14349 17580.158
14350 15800.394
14351 8296.1643
14352 18230.963
14353 12551.56
14354 12674.704
14355 16212.601
14356 16318.394
14357 9982.6036
14358 10030.969
14359 15974.662
14360 26995.915
14361 33310.506
14362 13241.938
14363 9732.3244
14364 13797.954
14365 19059.63
14366 10315.483
14367 8708.2885
14368 11185.241
14369 14755.105
14370 13987.519
14371 13187.849
14372 6930.8404
14373 8062.3459
14374 11869.266
14375 15982.757
14376 17268.985
14377 12314.804
14378 14661.927
14379 13195.99
14380 6660.5556
14381 9697.2273
14382 9741.7121
14383 7691.8815
14384 8435.8732
14385 11254.941
14386 6897.2477
14387 9097.5417
14388 7952.1223
14389 8884.6162
14390 12738.532
14391 10221.896
14392 7482.7729
14393 7389.996
14394 7095.0252
14395 7038.7512
14396 9131.12
14397 12109.449
14398 7737.004
14399 8300.8894
14400 11079.408
14401 11095.816
14402 10186.114
14403 11255.884
14404 8105.4446
14405 9141.3993
14406 16811.592
14407 11373.23
14408 7092.9158
14409 7452.9814
14410 9342.4079
14411 10814.307
14412 9590.0021
14413 9155.1819
14414 12130.255
14415 27571.686
14416 25725.539
14417 25661.609
14418 9410.368
14419 15489.565
14420 15850.036
14421 7725.1223
14422 7933.0302
14423 9197.748
14424 12671.282
14425 14041.163
14426 10366.478
14427 10522.301
14428 8473.5805
14429 7440.134
14430 8744.0268
14431 16966.49
14432 35202.256
14433 25971.362
14434 29724.456
14435 36610.109
14436 13799.185
14437 9599.1402
14438 13138.746
14439 23898.41
14440 19177.837
14441 36512.544
14442 29140.914
14443 8424.8237
14444 5454.2828
14445 4420.6424
14446 10288.673
14447 8553.3974
14448 8941.7309
14449 11938.083
14450 15871.259
14451 14936.665
14452 13513.233
14453 14817.293
14454 9830.3919
14455 17428.892
14456 28406.265
14457 16154.58
14458 18069.318
14459 15945.787
14460 21847.806
14461 14010.644
14462 9842.2672
14463 14005.184
14464 9413.3108
14465 8960.8866
14466 11016.613
14467 12078.943
14468 11761.769
14469 7008.4974
14470 6002.2305
14471 8634.743
14472 10425.714
14473 11967.262
14474 16223.283
14475 42973.524
14476 59287.81
14477 71383.72
14478 9358.7879
14479 46031.594
14480 12667.322
14481 5240.3639
14482 8731.1562
14483 11327.148
14484 9630.8245
14485 11914.901
14486 9083.1862
14487 10667.943
14488 7849.2372
14489 6910.9479
14490 8475.5899
14491 15113.312
14492 15274.476
14493 7664.7259
14494 9244.7768
14495 12149.72
14496 11191.163
14497 12329.773
14498 11202.153
14499 18137.482
14500 16788.127
14501 10243.727
14502 8415.5939
14503 9926.4685
14504 15666.171
14505 13685.005
14506 11662.23
14507 10095.518
14508 9521.6191
14509 6878.3302
14510 3839.8036
14511 6594.5725
14512 9959.5649
14513 7534.2213
14514 9141.7117
14515 10856.613
14516 7500.0347
14517 10629.832
14518 8780.3482
14519 16091.083
14520 18752.644
14521 9206.3608
14522 9045.6921
14523 9322.1602
14524 13930.13
14525 19980.861
14526 16834.848
14527 22534.522
14528 16295.405
14529 16454.226
14530 16787.41
14531 9739.5714
14532 14139.928
14533 10154.414
14534 13125.55
14535 10170.472
14536 10866.812
14537 13012.459
14538 13519.999
14539 15497.911
14540 9930.8448
14541 7721.3878
14542 5856.9568
14543 8701.1474
14544 8821.884
14545 16393.01
14546 17498.165
14547 19087.422
14548 8197.2842
14549 11644.749
14550 10001.765
14551 13029.688
14552 14967.488
14553 4924.1245
14554 11226.942
14555 12476.543
14556 18854.539
14557 14233.517
14558 8897.0013
14559 8445.293
14560 2789.7448
14561 7094.6842
14562 12677.442
14563 36249.129
14564 30118.658
14565 7121.1832
14566 9163.7486
14567 12156.658
14568 8628.2045
14569 9052.3141
14570 11086.412
14571 10056.043
14572 15442.015
14573 10931.987
14574 7802.3591
14575 15187.97
14576 26045.649
14577 16305.61
14578 11149.844
14579 13523.047
14580 11944.087
14581 18126.341
14582 19243.373
14583 11103.63
14584 10191.811
14585 14276.315
14586 16660.778
14587 9237.4105
14588 3724.0209
14589 7293.8907
14590 14463.525
14591 21166.686
14592 22459.072
14593 19412.835
14594 10848.709
14595 8164.3774
14596 11397.804
14597 11308.142
14598 9924.6523
14599 4839.9353
14600 18027.799
14601 28451.981
14602 13801.465
14603 7416.1994
14604 14236.961
14605 15666.68
14606 12081.36
14607 12651.787
14608 20420.332
14609 13302.738
14610 8988.878
14611 12928.39
14612 16573.615
14613 17539.994
14614 11586.153
14615 17727.64
14616 13022.904
14617 17404.129
14618 8840.6406
14619 8680.4457
14620 9914.6121
14621 7260.1552
14622 5741.7554
14623 10745.023
14624 13495.538
14625 11196.283
14626 11311.178
14627 6933.1159
14628 6998.9738
14629 5338.3508
14630 6191.8688
14631 15026.257
14632 16026.155
14633 20124.282
14634 7042.26
14635 7634.3482
14636 12777.333
14637 13817.789
14638 11448.026
14639 12265.358
14640 11152.804
14641 11210.825
14642 14433.12
14643 16056.763
14644 12091.506
14645 7369.6704
14646 15705.572
14647 12672.314
14648 18776.94
14649 28189.531
14650 19202.748
14651 10853.251
14652 12436.169
14653 18313.668
14654 11032.576
14655 12224.539
14656 15191.509
14657 10376.165
14658 8980.6407
14659 6275.9897
14660 7794.2338
14661 11277.433
14662 10111.225
14663 11650.496
14664 29906.657
14665 27724.41
14666 9974.3036
14667 4527.9238
14668 5367.1913
14669 13089.024
14670 11996.197
14671 13179.693
14672 14265.66
14673 10429.275
14674 9343.089
14675 7620.723
14676 6728.7669
14677 10341.708
14678 9542.6248
14679 13527.074
14680 10608.648
14681 6254.4864
14682 7311.8488
14683 11037.058
14684 10654.672
14685 8292.3887
14686 5155.6333
14687 10170.689
14688 18326.156
14689 7903.5834
14690 10263.913
14691 17456.174
14692 6522.9627
14693 7550.1768
14694 7103.9774
14695 9664.7175
14696 12935.678
14697 9277.3274
14698 13702.344
14699 9510.8949
14700 7060.481
14701 11429.337
14702 12903.217
14703 8273.8396
14704 8544.6213
14705 14558.603
14706 13020.821
14707 24478.94
14708 16977.141
14709 14623.279
14710 8279.1047
14711 8080.3123
14712 8510.5688
14713 9041.4883
14714 14805.078
14715 15757.713
14716 6389.6685
14717 7225.9791
14718 6378.5595
14719 9969.8822
14720 11428.116
14721 8048.97
14722 17509.99
14723 28982.007
14724 17499.283
14725 5776.9828
14726 7848.0825
14727 13730.928
14728 29556.778
14729 19094.839
14730 22982.632
14731 24349.913
14732 11786.66
14733 10392.836
14734 13861.128
14735 13247.675
14736 13770.199
14737 9022.762
14738 9359.5662
14739 7955.3478
14740 16290.353
14741 17135.053
14742 12588.992
14743 11864.791
14744 10897.297
14745 7729.6789
14746 4462.2094
14747 7683.3894
14748 9904.252
14749 7874.8307
14750 5893.5063
14751 7411.1869
14752 13109.69
14753 9884.0532
14754 8980.9745
14755 10335.146
14756 7813.6964
14757 19313.304
14758 19804.019
14759 19957.617
14760 19543.515
14761 20053.836
14762 13029.36
14763 4830.3882
14764 11941.669
14765 17727.001
14766 13885.463
14767 16576.133
14768 12922.987
14769 11912.122
14770 15684.934
14771 7943.8159
14772 23131.416
14773 22593.045
14774 10745.559
14775 13520.486
14776 12668.555
14777 10901.289
14778 14684.448
14779 13396.612
14780 18481.823
14781 14254.959
14782 10026.606
14783 12695.98
14784 7719.4308
14785 13586.491
14786 9130.323
14787 16177.122
14788 21506.453
14789 22149.971
14790 20392.909
14791 11609.712
14792 9860.7037
14793 12166.793
14794 18105.63
14795 6263.9181
14796 18803.286
14797 20865.429
14798 10307.451
14799 7729.0369
14800 9345.2653
14801 11237.46
14802 7029.3776
14803 5058.2997
14804 4547.1381
14805 5992.6839
14806 8935.8016
14807 13315.587
14808 14650.842
14809 12932.73
14810 15614.427
14811 14002.592
14812 10688.105
14813 13338.364
14814 11498.944
14815 8403.243
14816 18632.961
14817 7978.2536
14818 10820.376
14819 11601.888
14820 12366.601
14821 11292.651
14822 12587.688
14823 14845.62
14824 7876.2344
14825 10240.793
14826 9103.0706
14827 8629.5267
14828 10980.287
14829 14390.811
14830 11451.995
14831 4628.1904
14832 7543.4408
14833 11465.96
14834 16317.229
14835 37369.468
14836 27522.793
14837 8778.9239
14838 11506.889
14839 16080.496
14840 17179.649
14841 11117.592
14842 9800.7067
14843 15946.012
14844 14481.957
14845 7914.9376
14846 6197.7837
14847 7818.348
14848 16285.168
14849 12115.165
14850 22280.636
14851 25961.028
14852 11679.044
14853 8858.6074
14854 4889.667
14855 18699.076
14856 20423.529
14857 6473.7621
14858 24270.33
14859 25862.609
14860 5928.7786
14861 6712.1473
14862 14696.064
14863 16813.516
14864 17838.262
14865 16114.67
14866 19064.613
14867 13112.526
14868 11313.016
14869 20654.89
14870 22613.505
14871 10418.219
14872 6938.1757
14873 9525.3541
14874 7355.3183
14875 7939.0941
14876 8886.7524
14877 6691.1699
14878 10241.098
14879 7466.7182
14880 9564.8013
14881 17340.892
14882 23676.441
14883 20765.862
14884 8933.2291
14885 7423.963
14886 23952.167
14887 27433.458
14888 12006.624
14889 6768.8603
14890 5286.6576
14891 9876.2934
14892 11281.931
14893 9424.4257
14894 7564.0268
14895 9713.4161
14896 19847.08
14897 32375.029
14898 19717.089
14899 9064.9562
14900 9620.6986
14901 10716.631
14902 9154.4397
14903 8964.3842
14904 8167.238
14905 13942.288
14906 23869.362
14907 25908.789
14908 8253.7421
14909 10100.528
14910 6717.1933
14911 9782.6459
14912 10549.49
14913 5409.0336
14914 8268.4846
14915 6969.4251
14916 8974.511
14917 8537.6979
14918 11459.691
14919 16659.273
14920 12143.434
14921 7080.5667
14922 3958.0758
14923 15816.398
14924 10122.781
14925 11599.584
14926 16133.379
14927 9008.5321
14928 11452.849
14929 17692.205
14930 12698.128
14931 11964.568
14932 8039.272
14933 10142.56
14934 14555.543
14935 14519.186
14936 10535.611
14937 10923.514
14938 9028.4272
14939 8564.359
14940 13989.913
14941 10620.348
14942 11965.238
14943 12825.387
14944 10905.71
14945 11603.318
14946 11229.286
14947 20625.449
14948 15996.742
14949 5550.7071
14950 10944.875
14951 9248.5159
14952 9178.7912
14953 8636.6632
14954 7225.2734
14955 11782.863
14956 16627.873
14957 14460.561
14958 10558.452
14959 8581.615
14960 10471.801
14961 11448.12
14962 10768.852
14963 7529.5846
14964 5043.4751
14965 11732.594
14966 8352.0079
14967 12256.77
14968 13935.208
14969 7459.4385
14970 24945.373
14971 27715.591
14972 7802.9603
14973 8539.2699
14974 21232.959
14975 24052.492
14976 12451.405
14977 12160.545
14978 15535.332
14979 19890.116
14980 4024.4877
14981 14393.149
14982 21570.224
14983 14522.902
14984 5560.4756
14985 7778.7163
14986 5999.9761
14987 8381.0046
14988 16330.334
14989 20321.159
14990 15937.88
14991 10651.505
14992 12626.942
14993 8516.6885
14994 8041.7244
14995 13134.889
14996 18975.228
14997 13266.216
14998 6057.6032
14999 10949.218
15000 28596.722
15001 27903.484
15002 9132.8765
15003 11174.05
15004 6954.6732
15005 5582.4135
15006 11582.982
15007 17420.657
15008 13968.093
15009 14547.423
15010 17296.922
15011 13919.737
15012 13297.083
15013 11883.011
15014 13159.755
15015 10041.132
15016 28915.735
15017 23502.596
15018 4700.6931
15019 7559.8007
15020 11264.419
15021 7968.5888
15022 17604.555
15023 16920.451
15024 12012.531
15025 8819.04
15026 10155.925
15027 15509.374
15028 13484.966
15029 11176.065
15030 7172.194
15031 8236.5545
15032 11661.668
15033 7160.1078
15034 10400.208
15035 32396.789
15036 36390.936
15037 12087.905
15038 6102.7293
15039 12189.58
15040 19820.072
15041 17952.153
15042 10048.743
15043 18053.118
15044 32961.588
15045 25667.118
15046 18902.158
15047 20261.022
15048 9033.072
15049 13881.311
15050 23226.694
15051 19184.202
15052 17362.168
15053 21257.199
15054 13347.965
15055 21666.99
15056 19161.527
15057 12229.402
15058 15399.003
15059 16813.73
15060 29230.818
15061 18940.369
15062 11173.048
15063 19498.451
15064 13737.831
15065 25547.845
15066 28026.173
15067 112518.97
15068 98058.292
15069 28204.875
15070 18774.839
15071 22509.878
15072 20592.994
15073 17762.28
15074 14810.854
15075 22609.458
15076 26965.133
15077 14520.83
15078 7700.6159
15079 20177.878
15080 14292.999
15081 7788.0699
15082 9009.8124
15083 8257.3375
15084 6193.6773
15085 11790.582
15086 10911.331
15087 15180.392
15088 13937.745
15089 12081.066
15090 15097.897
15091 14981.04
15092 10301.373
15093 14850.056
15094 14387.454
15095 7398.2
15096 6496.4589
15097 22132.743
15098 33672.952
15099 18826.776
15100 11988.425
15101 14427.37
15102 17839.752
15103 11442.015
15104 7431.8458
15105 31387.671
15106 27870.823
15107 23267.171
15108 35236.07
15109 21748.283
15110 16886.098
15111 8082.6028
15112 7600.1165
15113 8303.3865
15114 10143.803
15115 17771.797
15116 16381.437
15117 9205.523
15118 13212.813
15119 18284.285
15120 18320.874
15121 22620.728
15122 12113.184
15123 6508.7165
15124 7964.3903
15125 13186.244
15126 14658.685
15127 5785.7242
15128 9036.5985
15129 10312.054
15130 6156.8536
15131 8244.035
15132 16010.759
15133 12317.309
15134 10395.993
15135 11097.2
15136 6833.7913
15137 9498.6046
15138 11564.674
15139 11163.549
15140 13186.752
15141 20276.587
15142 11860.425
15143 18548.686
15144 16119.569
15145 14653.173
15146 15814.88
15147 6359.8219
15148 13543.335
15149 16818.967
15150 18543.812
15151 34093.758
15152 22404.311
15153 14465.047
15154 10672.797
15155 8937.4252
15156 11063.415
15157 8287.863
15158 10979.452
15159 22825.835
15160 19789.614
15161 11072.608
15162 11913.514
15163 8141.4142
15164 12997.563
15165 10378.184
15166 12175.38
15167 9250.7085
15168 20025.138
15169 15497.217
15170 41652.252
15171 32981.486
15172 20301.739
15173 17813.767
15174 9402.8934
15175 9121.9094
15176 9754.9267
15177 6081.7953
15178 6902.0674
15179 7798.9651
15180 8976.3647
15181 6390.9595
15182 17391.376
15183 13073.514
15184 9806.5932
15185 11516.969
15186 19249.22
15187 19975.481
15188 25763.613
15189 19680.036
15190 10989.541
15191 21640.027
15192 29785.049
15193 25709.879
15194 27932.288
15195 34720.834
15196 35578.196
15197 22213.606
15198 29394.411
15199 27019.646
15200 9839.337
15201 9900.5335
15202 9054.1227
15203 8255.7746
15204 8715.3387
15205 14156.071
15206 18370.218
15207 10738.073
15208 10822.742
15209 14619.81
15210 25151.782
15211 16080.017
15212 12538.916
15213 12458.801
15214 10848.437
15215 14475.827
15216 9059.2645
15217 10192.895
15218 6292.6172
15219 8779.7057
15220 12060.905
15221 9905.8438
15222 10027.489
15223 15190.154
15224 10228.577
15225 8508.1708
15226 6757.4417
15227 14479.322
15228 23212.292
15229 19847.183
15230 15790.682
15231 21194.732
15232 7417.5975
15233 13223.4
15234 22239.508
15235 16713.888
15236 7787.4837
15237 19976.374
15238 21192.775
15239 13649.334
15240 25278.294
15241 27296.539
15242 17567.456
15243 17532.475
15244 13314.729
15245 12718.148
15246 14938.476
15247 20496.643
15248 16551.758
15249 6488.4052
15250 13912.066
15251 10736.102
15252 14334.143
15253 12092.182
15254 8896.9104
15255 18439.356
15256 14111.06
15257 12721.415
15258 6953.676
15259 7841.2452
15260 14221.26
15261 14798.209
15262 10954.368
15263 4842.497
15264 10154.901
15265 11881.429
15266 21074.91
15267 19866.052
15268 14367.313
15269 10486.491
15270 9052.0637
15271 14555.81
15272 10673.718
15273 6088.0513
15274 9272.1439
15275 8235.9055
15276 8427.2248
15277 6895.6401
15278 8585.8833
15279 6944.9333
15280 6102.7603
15281 8627.2448
15282 7420.7231
15283 12181.89
15284 11007.862
15285 6379.9466
15286 12506.593
15287 11441.452
15288 5061.2561
15289 12162.463
15290 20121.581
15291 13735.043
15292 9712.0465
15293 20023.248
15294 25020.375
15295 27173.39
15296 14569.015
15297 24840.83
15298 16745.723
15299 17474.143
15300 16743.986
15301 8271.6215
15302 14910.194
15303 24872.34
15304 23488.714
15305 19705.275
15306 17558.624
15307 9429.3118
15308 23322.463
15309 33006.446
15310 18425.398
15311 14701.557
15312 17644.683
15313 21034.813
15314 26907.761
15315 26817.18
15316 17911.669
15317 9386.9955
15318 27877.553
15319 34472.838
15320 21012.96
15321 17728.238
15322 37608.344
15323 26648.852
15324 4828.9557
15325 13515.337
15326 22374.673
15327 39136.792
15328 39211.9
15329 13534.88
15330 7632.3649
15331 25133.839
15332 32149.244
15333 16116.288
15334 19033.357
15335 32127.195
15336 10291.242
15337 26489.143
15338 10831.542
15339 23930.357
15340 20316.005
15341 25519.345
15342 10826.518
15343 10553.117
15344 13009.191
15345 20478.251
15346 19012.025
15347 11711.517
15348 15681.983
15349 29523.283
15350 18867.588
15351 7228.5393
15352 16063.025
15353 23000.106
15354 23266.912
15355 13142.613
15356 9009.4013
15357 33238.238
15358 17644.606
15359 25762.578
15360 19376.161
15361 26080.054
15362 28441.484
15363 16432.035
15364 11465.033
15365 11913.676
15366 17612.662
15367 19780.986
15368 24646.838
15369 12319.283
15370 21706.177
15371 26160.544
15372 23004.432
15373 9174.9957
15374 5685.1553
15375 13027.948
15376 7236.5278
15377 17593.842
15378 18131.712
15379 17646.876
15380 22270.569
15381 34269.344
15382 12189.005
15383 8486.4908
15384 14384.913
15385 17085.374
15386 19249.539
15387 19964.49
15388 23265.346
15389 22277.193
15390 10906.905
15391 17805.585
15392 28641.282
15393 19914.44
15394 14433.075
15395 10377.652
15396 16052.106
15397 12524.084
15398 14048.094
15399 14591.365
15400 19236.192
15401 17557.405
15402 12620.124
15403 14979.617
15404 26191.492
15405 19041.355
15406 23848.794
15407 23178.368
15408 15061.992
15409 23002.828
15410 28159.75
15411 30691.887
15412 20209.295
15413 15100.193
15414 24174.939
15415 35068.467
15416 32007.727
15417 14632.905
15418 12347.131
15419 15180.877
15420 10886.815
15421 8892.383
15422 26051.379
15423 20099.238
15424 5057.3542
15425 30889.386
15426 49602.114
15427 15820.653
15428 12152.165
15429 14124.029
15430 21374.168
15431 21582.895
15432 12618.652
15433 42231.883
15434 27805.875
15435 13160.109
15436 13938.903
15437 25183.837
15438 22492.865
15439 23591.708
15440 15506.605
15441 14680.65
15442 9241.1645
15443 7111.2077
15444 14312.498
15445 16222.322
15446 14428.851
15447 23647.501
15448 30366.646
15449 28588.552
15450 7202.6102
15451 24368.667
15452 24665.624
15453 17957.971
15454 22945.788
15455 36855.437
15456 29617.573
15457 29136.007
15458 33172.015
15459 26993.442
15460 33824.488
15461 21456.656
15462 14630.186
15463 24847.013
15464 18488.017
15465 15442.449
15466 11435.967
15467 17396.415
15468 16313.814
15469 18148.102
15470 15929.027
15471 10727.991
15472 25001.025
15473 26083.327
15474 27528.757
15475 21717.446
15476 16484.066
15477 15640.364
15478 34385.52
15479 24164.3
15480 25490.207
15481 17955.958
15482 15497.535
15483 17023.496
15484 9278.2871
15485 6138.3309
15486 7735.5702
15487 26321.991
15488 24523.65
15489 9253.4906
15490 9481.2279
15491 8779.5827
15492 10899.039
15493 31686.137
15494 71439.243
15495 54101.784
15496 39048.149
15497 18841.192
15498 20494.306
15499 17110.053
15500 7997.6615
15501 13860.887
15502 13979.739
15503 22280.004
15504 22584.398
15505 13220.357
15506 14721.905
15507 14314.711
15508 8889.2788
15509 20942.811
15510 21749.759
15511 15380.964
15512 12348.195
15513 7907.0032
15514 15420.037
15515 22339.174
15516 14899.889
15517 21934.849
15518 25312.999
15519 21951.854
15520 22227.339
15521 17232.89
15522 9833.0899
15523 15359.115
15524 16268.664
15525 10015.321
15526 9108.0846
15527 12577.743
15528 17183.129
15529 15901.371
15530 9249.7478
15531 11629.279
15532 12589.305
15533 11454.781
15534 7443.7458
15535 11457.55
15536 13202.222
15537 9707.9838
15538 7719.2228
15539 12623.813
15540 9118.9983
15541 13554.344
15542 16489.85
15543 17780.247
15544 10847.588
15545 6346.2327
15546 10713.674
15547 25246.43
15548 23227.609
15549 24711.509
15550 18386.88
15551 17500.422
15552 22448.627
15553 15059.568
15554 15193.864
15555 13111.381
15556 11297.351
15557 10288.433
15558 9765.9596
15559 13501.631
15560 7895.9807
15561 9974.5007
15562 13903.59
15563 11103.785
15564 13683.32
15565 24029.323
15566 17340.468
15567 7993.2568
15568 10129.606
15569 9542.2809
15570 10837.361
15571 9160.2529
15572 4584.8197
15573 9198.7981
15574 10666.455
15575 11581.672
15576 7412.6129
15577 5868.6045
15578 11398.626
15579 21639.011
15580 22716.791
15581 12383.518
15582 12228.706
15583 18160.76
15584 21949.685
15585 14196.853
15586 11784.309
15587 6774.764
15588 9216.8779
15589 6599.6923
15590 9407.2106
15591 12487.589
15592 9543.7809
15593 7383.2379
15594 9881.4523
15595 18216.366
15596 14046.022
15597 17435.169
15598 22481.774
15599 11674.294
15600 23048.547
15601 28141.645
15602 13273.585
15603 8220.0042
15604 7381.1763
15605 9368.2331
15606 10018.999
15607 18669.797
15608 21881.49
15609 10164.278
15610 14323.381
15611 13210.483
15612 10814.545
15613 9272.3669
15614 10675.863
15615 15432.554
15616 11204.718
15617 13027.191
15618 14409.206
15619 11799.62
15620 21665.587
15621 11676.154
15622 12028.246
15623 12194.474
15624 8300.5709
15625 8260.3858
15626 8315.1535
15627 8815.709
15628 8672.9404
15629 10030.842
15630 15743.903
15631 9728.5931
15632 9693.0033
15633 7182.547
15634 11018.625
15635 15337.635
15636 16088.954
15637 10679.698
15638 8199.3099
15639 11180.492
15640 13478.414
15641 18833.951
15642 13459.502
15643 8993.5686
15644 11627.832
15645 13258.166
15646 10693.206
15647 7824.2528
15648 9304.841
15649 16165.656
15650 22188.939
15651 18998.826
15652 12089.168
15653 16947.513
15654 14815.869
15655 5029.7136
15656 8485.4432
15657 9366.3316
15658 6284.8759
15659 13301.731
15660 13342.212
15661 9977.2153
15662 9242.9948
15663 12728.419
15664 16535.656
15665 10864.793
15666 12310.244
15667 12592.586
15668 10831.233
15669 13471.541
15670 10703.027
15671 12405.088
15672 8458.4982
15673 13049.728
15674 19192.608
15675 14755.44
15676 10626.82
15677 9253.5608
15678 11203.474
15679 8169.6639
15680 9177.6152
15681 11412.082
15682 11580.765
15683 12900.834
15684 12648.548
15685 13297.892
15686 11754.121
15687 5033.9802
15688 13630.5
15689 11187.351
15690 12160.115
15691 8902.8125
15692 2302.9321
15693 15468.678
15694 26825.007
15695 13710.338
15696 10988.279
15697 10409.82
15698 10273.96
15699 8412.3636
15700 6761.3919
15701 10736.484
15702 7916.2656
15703 8059.3017
15704 28816.956
15705 26456.244
15706 12230.642
15707 13258.554
15708 6090.8105
15709 11752.97
15710 9772.9297
15711 6895.3451
15712 11126.652
15713 9120.1842
15714 9884.5108
15715 8284.4678
15716 10291.227
15717 14053.327
15718 19670.304
15719 14590.023
15720 8794.0963
15721 8188.6055
15722 18389.073
15723 12156.56
15724 11494.871
15725 9091.2472
15726 7191.709
15727 14929.125
15728 12006.504
15729 6658.0729
15730 12905.455
15731 14414.723
15732 12807.593
15733 15297.97
15734 11952.698
15735 18249.891
15736 20953.024
15737 20753.295
15738 15595.198
15739 16862.372
15740 13165.769
15741 6815.2475
15742 11516.465
15743 13456.189
15744 12320.788
15745 17519.087
15746 21057.659
15747 14921.969
15748 13536.902
15749 9956.0697
15750 17863.747
15751 19274.959
15752 13267.494
15753 15454.497
15754 21484.748
15755 22087.929
15756 16997.619
15757 32997.726
15758 18857.998
15759 9105.7442
15760 20378.359
15761 16465.68
15762 10404.369
15763 15464.939
15764 14937.554
15765 9854.3377
15766 14323.274
15767 13694.944
15768 15179.047
15769 21156.469
15770 14565.592
15771 23419.115
15772 17162.889
15773 12609.003
15774 6469.4466
15775 8094.1423
15776 13989.287
15777 18411.318
15778 15937.962
15779 10953.979
15780 8523.0038
15781 5919.1386
15782 9026.3719
15783 14390.78
15784 8858.7533
15785 9019.5504
15786 9001.2777
15787 8482.0427
15788 7237.5356
15789 12898.444
15790 20294.104
15791 19831.175
15792 5219.4835
15793 15492.314
15794 17306.778
15795 33460.472
15796 39300.667
15797 25762.916
15798 21958.267
15799 30838.88
15800 16862.054
15801 10807.368
15802 19097.061
15803 26243.669
15804 21535.125
15805 10015.378
15806 19455.381
15807 16013.667
15808 16058.647
15809 10447.431
15810 15487.944
15811 25485.325
15812 19100.58
15813 13060.772
15814 13786.027
15815 9092.666
15816 15499.707
15817 10691.596
15818 24470.185
15819 22591.786
15820 12885.136
15821 11352.542
15822 19696.941
15823 25011.727
15824 14734.046
15825 9071.6876
15826 32603.514
15827 25301.401
15828 15313.819
15829 17960.02
15830 12321.551
15831 11620.279
15832 18600.209
15833 23225.307
15834 16461.283
15835 10536.403
15836 14722.747
15837 29023.65
15838 33949.607
15839 7979.7393
15840 10695.843
15841 11708.638
15842 18962.259
15843 15256.842
15844 15001.734
15845 15636.239
15846 17471.761
15847 17744.507
15848 8909.6912
15849 14736.939
15850 13615.461
15851 8319.7913
15852 9411.9677
15853 8934.072
15854 8300.7024
15855 28568.721
15856 29848.988
15857 10447.854
15858 10744.288
15859 22540.497
15860 22412.643
15861 14797.412
15862 10950.454
15863 17837.675
15864 24070.579
15865 18112.9
15866 17732.802
15867 10712.127
15868 7536.3889
15869 8103.8068
15870 16881.386
15871 16880.887
15872 19048.767
15873 14215.198
15874 16653.88
15875 12934.104
15876 9882.5291
15877 9829.0939
15878 12053.097
15879 15660.74
15880 9338.0109
15881 13980.294
15882 16645.583
15883 5851.1538
15884 10520.162
15885 13784.622
15886 16413.051
15887 8400.5694
15888 11153.148
15889 23981.805
15890 19480.123
15891 8900.6749
15892 9071.1847
15893 13219.726
15894 11542.534
15895 12809.568
15896 8146.5038
15897 13025.823
15898 11810.5
15899 10773.598
15900 16447.199
15901 9678.874
15902 18201.41
15903 18298.281
15904 18022.205
15905 11172.534
15906 18889.252
15907 17431.457
15908 8513.6035
15909 16304.169
15910 13639.994
15911 7428.0648
15912 16314.545
15913 18632.07
15914 16668.87
15915 24534.126
15916 18747.049
15917 10135.152
15918 12034.287
15919 19686.579
15920 17595.14
15921 36965.168
15922 19758.992
15923 20299.193
15924 25978.075
15925 21467.525
15926 17325.205
15927 14756.464
15928 13113.533
15929 39531.761
15930 7635.0478
15931 38471.989
15932 3346.6939
15933 4494.8594
15934 21646.844
15935 25433.469
15936 15573.204
15937 22723.379
15938 20431.071
15939 16655.912
15940 18251.61
15941 21311.814
15942 12578.43
15943 7452.8488
15944 14611.126
15945 25569.201
15946 19839.068
15947 19241.108
15948 24929.802
15949 18482.274
15950 16609.753
15951 18991.681
15952 16189.039
15953 18439.274
15954 13418.086
15955 16212.632
15956 13053.806
15957 12881.32
15958 14394.777
15959 11847.736
15960 13457.468
15961 19288.486
15962 11936.667
15963 10634.439
15964 17936.189
15965 14513.126
15966 8293.3031
15967 20661.882
15968 25037.614
15969 10593.778
15970 12801.167
15971 8254.3512
15972 13845.026
15973 12580.559
15974 17098.562
15975 25392.401
15976 15367.058
15977 20591.643
15978 9642.3132
15979 6142.2597
15980 12267.658
15981 19516.829
15982 23072.911
15983 9933.616
15984 11716.266
15985 19880.413
15986 11359.052
15987 14171.595
15988 22658.928
15989 16583.888
15990 14041.193
15991 16740.501
15992 17430.603
15993 13385.57
15994 23529.917
15995 40694.852
15996 21294.372
15997 8914.9757
15998 15194.479
15999 16647.732
16000 17933.234
16001 43199.525
16002 48813.201
16003 12455.617
16004 11701.127
16005 5477.5499
16006 21903.366
16007 10693.491
16008 11832.406
16009 11836.845
16010 16842.636
16011 7725.3535
16012 8519.0255
16013 7698.2986
16014 11802.923
16015 12107.189
16016 19677.107
16017 11654.389
16018 12388.13
16019 18076.192
16020 17587.789
16021 14659.838
16022 24268.087
16023 10712.007
16024 7943.6322
16025 17353.608
16026 20484.744
16027 10027.359
16028 13135.268
16029 14407.126
16030 9843.2732
16031 9062.8541
16032 7612.7253
16033 26370.852
16034 22288.628
16035 12186.981
16036 14049.164
16037 13236.107
16038 10166.559
16039 10906.337
16040 6975.0919
16041 11705.479
16042 11875.273
16043 10330.078
16044 12575.966
16045 13055.667
16046 11259.134
16047 12423.961
16048 24878.719
16049 20724.193
16050 17847.391
16051 18806.719
16052 43561.357
16053 35814.861
16054 15407.677
16055 17647.912
16056 11317.457
16057 11394.524
16058 6801.1122
16059 9778.3465
16060 10092.28
16061 5889.7582
16062 15929.1
16063 22962.71
16064 19705.809
16065 18396.08
16066 16543.478
16067 18977.696
16068 12790.38
16069 14623.147
16070 12688.715
16071 16191.914
16072 16355.994
16073 9716.1698
16074 12685.279
16075 24589.981
16076 7011.8528
16077 26823.597
16078 17792.613
16079 23919.908
16080 20208.744
16081 22571.117
16082 17229.167
16083 24297.793
16084 10569.013
16085 29336.166
16086 30244.846
16087 23439.879
16088 20114.148
16089 12725.221
16090 16708.745
16091 11149.875
16092 25926.523
16093 29887.28
16094 18955.878
16095 19941.475
16096 16344.901
16097 16092.674
16098 23859.478
16099 18622.701
16100 13821.261
16101 6822.7811
16102 13013.779
16103 26175.872
16104 68253.011
16105 119846.08
16106 151272.32
16107 229371.27
16108 103778.13
16109 57582.001
16110 29300.272
16111 15010.883
16112 11686.816
16113 8290.8304
16114 12501.809
16115 14989.865
16116 17540.915
16117 21317.197
16118 12096.775
16119 13934.551
16120 13914.29
16121 20358.601
16122 21425.637
16123 8707.9997
16124 22951.487
16125 18330.25
16126 14765.296
16127 25269.063
16128 36291.097
16129 20036.074
16130 21353.023
16131 18445.16
16132 11093.686
16133 9987.2547
16134 16773.058
16135 27591.935
16136 19211.181
16137 14960.37
16138 22980.746
16139 24865.436
16140 30751.535
16141 28292.015
16142 31853.134
16143 48037.221
16144 40413.162
16145 10178.402
16146 12716.014
16147 22622.759
16148 16723.189
16149 15738.009
16150 24552.995
16151 22203.877
16152 32093.195
16153 20081.019
16154 9930.722
16155 11712.852
16156 13648.688
16157 21340.549
16158 25546.763
16159 16701.801
16160 19215.641
16161 14733.863
16162 9050.6521
16163 15165.807
16164 22573.768
16165 18341.119
16166 19506.516
16167 29174.192
16168 18296.789
16169 22423.365
16170 23523.038
16171 13545.373
16172 10512.493
16173 28992.9
16174 17685.585
16175 15204.202
16176 23134.169
16177 16344.255
16178 12917.715
16179 22259.091
16180 29108.668
16181 20649.352
16182 15857.826
16183 16948.895
16184 22405.582
16185 27211.98
16186 15311.941
16187 13387.767
16188 26869.637
16189 23194.944
16190 14340.033
16191 14405.451
16192 15310.244
16193 20469.435
16194 20955.865
16195 19781.651
16196 34886.854
16197 34474.034
16198 24445.437
16199 21310.323
16200 20944.196
16201 15488.925
16202 31226.763
16203 24252.97
16204 15483.815
16205 21228.43
16206 18903.675
16207 21402.887
16208 27519.791
16209 30101.448
16210 17674.99
16211 23501.55
16212 18575.6
16213 13345.526
16214 20567.602
16215 16984.885
16216 10940.295
16217 15728.221
16218 14847.204
16219 12371.861
16220 21180.624
16221 23242.425
16222 15465.685
16223 11252.314
16224 9343.1911
16225 16573.55
16226 9803.1945
16227 6331.2931
16228 10586.597
16229 9220.1818
16230 14533.709
16231 14089.544
16232 18371.99
16233 24095.377
16234 19386.085
16235 15244.478
16236 19789.71
16237 17134
16238 15382.543
16239 43860.797
16240 28575.103
16241 8489.8413
16242 11165.28
16243 15688.38
16244 19578.288
16245 24681.994
16246 20064.729
16247 29588.202
16248 17044.671
16249 40014.518
16250 29732.995
16251 13501.917
16252 11561.495
16253 9065.6072
16254 13550.554
16255 16635.479
16256 16424.368
16257 19460.935
16258 18351.948
16259 27312.833
16260 21029.629
16261 29872.424
16262 33737.214
16263 8651.2733
16264 13373.616
16265 14241.975
16266 19436.315
16267 8094.9737
16268 15198.045
16269 19972.232
16270 16579.702
16271 18239.474
16272 15762.645
16273 15609.196
16274 15624.637
16275 25435.707
16276 19996.443
16277 23912.584
16278 27498.656
16279 20064.584
16280 9919.8294
16281 10490.897
16282 15351.395
16283 15603.471
16284 45811.291
16285 37453.618
16286 12105.027
16287 14742.902
16288 28232.191
16289 26295.148
16290 12552.016
16291 14408.92
16292 27766.65
16293 22446.438
16294 12644.247
16295 16077.838
16296 23384.031
16297 24490.167
16298 17509.971
16299 13535.154
16300 10869.124
16301 2491.9449
16302 10785.699
16303 13786.344
16304 11719.144
16305 18757.791
16306 12585.186
16307 15805.943
16308 20094.493
16309 10076.257
16310 14898.384
16311 17410.906
16312 12935.862
16313 25939.149
16314 22588.682
16315 7242.8444
16316 13811.395
16317 11717.222
16318 14483.968
16319 12538.307
16320 17175.924
16321 18903.341
16322 8306.9671
16323 12560.201
16324 25442.062
16325 34579.615
16326 5555.7342
16327 29310.037
16328 42353.923
16329 25214.815
16330 13866.847
16331 16375.045
16332 18940.838
16333 17896.893
16334 8459.7069
16335 30917.765
16336 30498.375
16337 24188.99
16338 32523.477
16339 32922.412
16340 11225.486
16341 27974.134
16342 37264.254
16343 31584.041
16344 14731.313
16345 42838.149
16346 47206.967
16347 14284.556
16348 57784.659
16349 20584.061
16350 49517.169
16351 23195.518
16352 36168.455
16353 42552.288
16354 24900.415
16355 15883.678
16356 15073.545
16357 18827.446
16358 23601.129
16359 26714.216
16360 25237.866
16361 12470.476
16362 19612.655
16363 22088.784
16364 20511.242
16365 83566.463
16366 23614.785
16367 39839.992
16368 15553.92
16369 15701.102
16370 11835.558
16371 14886.417
16372 17963.273
16373 16389.458
16374 19068.523
16375 15250.6
16376 11399.849
16377 14216.995
16378 19360.146
16379 18343.709
16380 16056.73
16381 10517.555
16382 9404.5401
16383 13197.921
16384 18321.594
16385 15067.3
16386 15164.981
16387 18431.45
16388 11318.237
16389 17279.451
16390 31912.931
16391 23879.389
16392 12238.385
16393 19172.371
16394 50105.684
16395 52627.812
16396 29974.312
16397 18651.649
16398 11078.153
16399 10893.865
16400 10486.043
16401 12630.768
16402 15454.492
16403 15897.243
16404 7972.7685
16405 12052.814
16406 15394.393
16407 17682.197
16408 11438.492
16409 19054.551
16410 21012.305
16411 18045.403
16412 12151.123
16413 32287.457
16414 43029.459
16415 20794.563
16416 22937.802
16417 24294.262
16418 11225.786
16419 14934.116
16420 25247.953
16421 21199.149
16422 12866.925
16423 17556.832
16424 9468.4575
16425 8174.2943
16426 8644.2393
16427 20462.127
16428 24522.478
16429 20512.434
16430 22503.463
16431 16335.629
16432 7360.4069
16433 12692.455
16434 13198.741
16435 9361.0519
16436 31031.869
16437 33495.737
16438 10324.425
16439 12736.829
16440 17739.336
16441 21473.301
16442 14915.432
16443 13178.516
16444 11152.815
16445 14218.76
16446 27210.863
16447 23752.874
16448 20515.531
16449 15770.885
16450 14679.985
16451 20777.614
16452 37328.306
16453 28498.633
16454 9970.1404
16455 9906.8864
16456 17778.292
16457 33242.913
16458 32224.407
16459 16170.917
16460 14744.571
16461 23010.477
16462 18518.757
16463 13633.352
16464 15555.04
16465 15455.911
16466 11281.394
16467 11872.309
16468 10845.82
16469 19771.554
16470 18671.629
16471 10323.992
16472 7978.0695
16473 12582.042
16474 13729.721
16475 8460.1917
16476 11272.464
16477 16996.217
16478 16295.151
16479 14500.144
16480 16567.957
16481 20355.98
16482 13564.325
16483 17184.437
16484 16696.054
16485 9679.2474
16486 12552.338
16487 9636.2311
16488 11497.335
16489 9409.9577
16490 7628.3435
16491 21999.807
16492 14494.434
16493 11848.58
16494 21141.701
16495 16613.809
16496 23466.635
16497 25287.11
16498 37422.158
16499 14643.668
16500 12595.563
16501 12261.879
16502 9682.108
16503 7521.9644
16504 15325.135
16505 12358.049
16506 9702.6509
16507 18913.276
16508 12506.599
16509 10105.123
16510 33495.907
16511 33732.267
16512 13194.731
16513 13034.404
16514 16447.783
16515 12884.43
16516 9545.901
16517 13359.861
16518 14977.601
16519 21568.332
16520 20919.987
16521 30014.818
16522 43696.392
16523 17291.164
16524 9728.8273
16525 12399.985
16526 12360.134
16527 19803.045
16528 38937.037
16529 46083.575
16530 22189.341
16531 11351.879
16532 16549.674
16533 28037.014
16534 39374.344
16535 35052.826
16536 27951.986
16537 32034.921
16538 27059.848
16539 21209.736
16540 13456.343
16541 19843.99
16542 14647.365
16543 15366.262
16544 36611.737
16545 34296.527
16546 27428.638
16547 16994.443
16548 28933.664
16549 11614.704
16550 12662.754
16551 17042.583
16552 15917.245
16553 9243.2581
16554 10153.897
16555 20336.63
16556 16175.783
16557 15180.006
16558 16983.861
16559 16270.823
16560 10715.37
16561 11271.594
16562 11183.681
16563 11635.582
16564 23657.446
16565 25980.428
16566 13727.678
16567 17211.138
16568 18106.606
16569 15081.76
16570 17040.429
16571 11959.601
16572 15466.55
16573 17302.934
16574 20930.193
16575 16232.119
16576 19450.379
16577 28462.849
16578 23627.661
16579 12797.963
16580 15052.67
16581 20453.353
16582 17716.683
16583 9718.5998
16584 24292.516
16585 31810.612
16586 14116.169
16587 12206.467
16588 14801.694
16589 23952.913
16590 32854.436
16591 16780.776
16592 12941.533
16593 16454.426
16594 34371.146
16595 35912.204
16596 12741.017
16597 24372.695
16598 34018.593
16599 19757.23
16600 14851.868
16601 11262.832
16602 12278.356
16603 7898.5378
16604 12978.515
16605 18972.836
16606 12747.627
16607 12035.192
16608 11115.561
16609 26680.369
16610 25642.031
16611 18205.384
16612 20599.321
16613 15945.75
16614 18571.403
16615 25997.232
16616 19871.405
16617 10861.126
16618 18328.189
16619 24668.705
16620 18023.737
16621 16108.114
16622 20059.163
16623 16076.275
16624 13133.168
16625 15276.57
16626 15764.756
16627 14081.608
16628 17267.162
16629 11454.351
16630 11540.536
16631 17473.697
16632 12766.486
16633 18757.623
16634 18603.026
16635 13711.547
16636 17267.678
16637 16126.713
16638 13854.139
16639 18968.363
16640 13510.699
16641 23788.842
16642 49638.083
16643 40772.687
16644 20280.137
16645 15773.391
16646 20171.377
16647 21919.27
16648 19484.151
16649 12025.683
16650 11809.185
16651 21025.562
16652 15887.744
16653 9329.6543
16654 13416.536
16655 12834.065
16656 15535.241
16657 14383.734
16658 9804.733
16659 14603.776
16660 13388.431
16661 16304.512
16662 15738.136
16663 8225.7963
16664 14019.995
16665 16249.185
16666 16056.066
16667 22904.638
16668 13046.445
16669 14417.484
16670 24944.993
16671 21963.004
16672 14545.629
16673 23094.975
16674 27121.786
16675 21168.14
16676 33277.44
16677 30615.018
16678 15529.728
16679 18337.871
16680 18774.352
16681 16540.816
16682 18725.078
16683 18427.919
16684 8793.6624
16685 7988.2198
16686 19952.922
16687 29408.104
16688 16526.347
16689 10625.702
16690 8056.1789
16691 30416.772
16692 31973.824
16693 13650.633
16694 10350.635
16695 42981.165
16696 45905.782
16697 18424.352
16698 31130.726
16699 19329.837
16700 16273.087
16701 17959.349
16702 9530.5192
16703 17856.593
16704 19641.951
16705 11599.761
16706 17579.089
16707 27399.015
16708 21733.674
16709 15424.277
16710 11540.78
16711 11989.582
16712 15916.889
16713 15945.229
16714 11916.215
16715 12810.929
16716 7742.9642
16717 7713.5063
16718 9159.5714
16719 14220.366
16720 13006.415
16721 14090.755
16722 17896.206
16723 22906.775
16724 25281.053
16725 24701.625
16726 15266.055
16727 15448.171
16728 17826.011
16729 16468.539
16730 9904.4891
16731 13682.503
16732 22682.158
16733 22563.368
16734 12623.011
16735 20305.536
16736 33162.807
16737 24287.09
16738 9483.6019
16739 24523.231
16740 32183.61
16741 16571.389
16742 14026.414
16743 17567.004
16744 8690.8194
16745 13017.649
16746 19940.279
16747 15311
16748 14923.071
16749 24934.376
16750 24066.63
16751 21371.649
16752 16809.531
16753 11295.216
16754 14805.3
16755 16662.023
16756 13745.583
16757 16709.584
16758 14148.12
16759 10775.659
16760 15432.057
16761 14329.293
16762 14907.478
16763 22429.096
16764 16620.348
16765 18882.316
16766 24674.322
16767 15697.242
16768 12725.564
16769 13902.724
16770 18388.372
16771 15427.487
16772 17014.353
16773 20087.133
16774 12474.342
16775 11703.569
16776 17555.49
16777 19145.066
16778 12065.868
16779 11674.491
16780 16763.144
16781 11569.979
16782 9235.839
16783 24610.792
16784 23752.468
16785 37072.326
16786 41368.195
16787 22487.377
16788 15101.184
16789 17413.055
16790 30242.593
16791 25050.127
16792 11003.565
16793 15663.911
16794 20886.857
16795 18636.135
16796 19187.188
16797 30379.371
16798 12750.666
16799 9092.0082
16800 14770.981
16801 9422.8635
16802 9971.4437
16803 15597.797
16804 13964.58
16805 17083.347
16806 17682.222
16807 15266.564
16808 14974.44
16809 10218.003
16810 13865.756
16811 18297.375
16812 13272.253
16813 24205.35
16814 29493.309
16815 18781.287
16816 14359.469
16817 9047.4252
16818 15620.183
16819 19506.272
16820 14603.946
16821 15358.138
16822 11002.484
16823 12203.872
16824 9877.9002
16825 20313.58
16826 19013.137
16827 11832.491
16828 14422.736
16829 14007.395
16830 14372.82
16831 14533
16832 15013.672
16833 16899.605
16834 10985.137
16835 19584.414
16836 19597.208
16837 12447.657
16838 17987.832
16839 17663.822
16840 13570.744
16841 13063.254
16842 20752.527
16843 24438.657
16844 13310.355
16845 10055.012
16846 8286.2693
16847 11139.28
16848 12938.333
16849 9123.2578
16850 7571.5352
16851 19235.732
16852 17696.996
16853 16887.873
16854 16300.079
16855 10520.925
16856 19452.998
16857 17327.272
16858 14252.339
16859 21946.813
16860 16669.468
16861 16515.669
16862 18584.205
16863 24420.932
16864 29710.276
16865 15169.102
16866 13153.051
16867 20977.859
16868 18042.792
16869 20610.211
16870 20135.83
16871 12771.562
16872 21907.143
16873 16611.347
16874 9674.0138
16875 14124.984
16876 11075.873
16877 13369.415
16878 18262.952
16879 11670.064
16880 16940.56
16881 16282.511
16882 11318.41
16883 18719.681
16884 17190.706
16885 11293.165
16886 10126.922
16887 13270.395
16888 9711.3959
16889 15648.996
16890 15445.377
16891 15029.229
16892 14692.511
16893 19771.214
16894 17970.934
16895 16751.629
16896 12917.076
16897 12385.746
16898 13748.458
16899 11020.45
16900 8642.6165
16901 14364.207
16902 16750.81
16903 23923.833
16904 31566.134
16905 23080.059
16906 18028.772
16907 16183.67
16908 16537.244
16909 26436.815
16910 31559.623
16911 16114.107
16912 14773.731
16913 24864.303
16914 13632.03
16915 44421.032
16916 35817.326
16917 12256.645
16918 16140.468
16919 22114.133
16920 19139.023
16921 12235.127
16922 20207.644
16923 20830.578
16924 18143.871
16925 18103.972
16926 16838.822
16927 28130.685
16928 11809.941
16929 21288.855
16930 14955.142
16931 26945.198
16932 22277.736
16933 15791.69
16934 15796.124
16935 28179.668
16936 20433.053
16937 12097.929
16938 9498.7944
16939 6934.068
16940 15137.786
16941 15453.41
16942 12453.372
16943 14333.343
16944 11602.694
16945 11809.908
16946 17591.241
16947 17713.964
16948 15998.923
16949 18849.469
16950 15831.087
16951 9725.4605
16952 27962.714
16953 37630.789
16954 21177.683
16955 14619.248
16956 17055.009
16957 12476.066
16958 23098.09
16959 29333.309
16960 18620.444
16961 16880.789
16962 33028.839
16963 22983.792
16964 9396.3768
16965 10298.17
16966 24732.3
16967 23487.229
16968 12076.979
16969 32916.483
16970 27296.863
16971 15854.364
16972 9861.7966
16973 12498.885
16974 14165.069
16975 27741.121
16976 38845.458
16977 21317.174
16978 9507.6395
16979 32209.558
16980 33642.951
16981 16626.82
16982 25783.048
16983 9791.7065
16984 18605.899
16985 10794.017
16986 17404.852
16987 5765.0903
16988 13551.034
16989 12398.851
16990 9618.9253
16991 7496.6369
16992 8235.515
16993 12247.706
16994 18360.139
16995 18567.748
16996 24224.298
16997 18057.963
16998 10280.767
16999 9637.0275
17000 6379.9287
17001 10125.676
17002 11473.166
17003 8143.3055
17004 14892.741
17005 14113.917
17006 12013.691
17007 10274.29
17008 9630.9283
17009 15726.441
17010 16728.207
17011 14451.118
17012 14617.778
17013 14542.1
17014 16590.661
17015 12828.263
17016 6924.9273
17017 11703.468
17018 10517.36
17019 10963.631
17020 14354.692
17021 8173.2029
17022 11930.312
17023 9794.8778
17024 8759.7838
17025 5778.2864
17026 10115.046
17027 8800.43
17028 13216.34
17029 12005.415
17030 13241.451
17031 15187.468
17032 32034.083
17033 28331.816
17034 9071.5526
17035 17358.546
17036 19676.306
17037 13116.515
17038 14303.374
17039 10553.089
17040 24723.706
17041 25364.611
17042 17393.405
17043 12964.919
17044 8680.4762
17045 14225.99
17046 18491.259
17047 18777.388
17048 17939.567
17049 10238.396
17050 14391.59
17051 14810.093
17052 8913.5772
17053 13177.297
17054 23676.451
17055 30018.037
17056 17090.776
17057 17824.019
17058 14717.276
17059 4928.369
17060 14582.152
17061 20041.252
17062 10638.699
17063 13563.73
17064 15012.753
17065 18851.035
17066 19659.476
17067 15413.684
17068 18141.074
17069 12864.106
17070 19274.06
17071 16882.801
17072 11546.433
17073 20514.531
17074 18574.86
17075 14586.76
17076 27646.962
17077 28201.589
17078 27337.858
17079 15006.55
17080 9061.2813
17081 16060.368
17082 17287.407
17083 11178.678
17084 14435.4
17085 17277.937
17086 7639.7219
17087 13619.001
17088 15481.785
17089 13451.498
17090 10853.748
17091 6738.4526
17092 13019.292
17093 21311.15
17094 17877.712
17095 15316.928
17096 19450.472
17097 21229.403
17098 14990.217
17099 20724.582
17100 13484.175
17101 12593.467
17102 8291.7434
17103 10671.008
17104 11345.353
17105 6224.4839
17106 29330.471
17107 28558.883
17108 16770.155
17109 19102.995
17110 18993.695
17111 13647.741
17112 22312.217
17113 18967.94
17114 32455.798
17115 14417.564
17116 9407.4734
17117 11656.842
17118 10920.816
17119 19262.467
17120 21970.632
17121 17223.732
17122 12395.831
17123 10833.529
17124 18228.891
17125 20601.436
17126 13951.267
17127 16356.137
17128 17360.765
17129 10256.25
17130 12346.26
17131 13554.614
17132 17632.137
17133 28814.524
17134 15173.007
17135 12685.249
17136 11320.341
17137 5112.2006
17138 13924.161
17139 17194.747
17140 14572.379
17141 10413.476
17142 15605.508
17143 15007.192
17144 16000.016
17145 13679.228
17146 13824.873
17147 17253.371
17148 14144.827
17149 11042.133
17150 17407.358
17151 13939.122
17152 12243.217
17153 17135.299
17154 14502.715
17155 7931.0709
17156 14148.056
17157 13181.804
17158 14002.427
17159 11256.083
17160 9784.1084
17161 16602.16
17162 13774.312
17163 15538.506
17164 11578.002
17165 12163.29
17166 15375.233
17167 10815.347
17168 6800.5627
17169 13855.521
17170 14065.636
17171 7021.7395
17172 14561.283
17173 18867.954
17174 11784.449
17175 19610.794
17176 17993.385
17177 12294.51
17178 9875.3858
17179 13757.662
17180 21379.374
17181 19401.55
17182 13891.34
17183 11817.364
17184 14449.451
17185 12388.899
17186 10930.444
17187 10901.652
17188 10596.086
17189 16822.158
17190 8617.1877
17191 6386.5502
17192 8905.3772
17193 10466.176
17194 11780.581
17195 15556.879
17196 11054.284
17197 25229.163
17198 13804.764
17199 12522.845
17200 10723.959
17201 15268.918
17202 29560.969
17203 27998.039
17204 15704.19
17205 11677.638
17206 8749.9948
17207 16127.932
17208 20038.903
17209 7678.2526
17210 11744.91
17211 6982.4322
17212 9875.0195
17213 12061.511
17214 11013.349
17215 16060.969
17216 17826.762
17217 13773.735
17218 11390.189
17219 14248.976
17220 34429.103
17221 35203.157
17222 21776.149
17223 15984.114
17224 17531.583
17225 11623.71
17226 15772.772
17227 7939.2301
17228 22674.425
17229 16669.543
17230 11349.365
17231 22978.321
17232 18541.536
17233 11467.726
17234 18917.702
17235 17336.997
17236 12219.648
17237 16717.449
17238 18877.247
17239 10180.76
17240 11206.077
17241 12433.647
17242 17132.109
17243 14152.437
17244 9074.0681
17245 14024.938
17246 15301.291
17247 15089.167
17248 12594.999
17249 8288.8182
17250 15760.611
17251 13415.9
17252 9279.6553
17253 12611.67
17254 16461.613
17255 15854.977
17256 13893.776
17257 7900.8406
17258 19784.043
17259 34243.865
17260 15693.201
17261 19166.771
17262 13825.639
17263 13796.924
17264 12118.654
17265 17929.416
17266 16056.091
17267 14501.667
17268 12183.808
17269 8493.9386
17270 32930.083
17271 24922.361
17272 10845.734
17273 14335.758
17274 20657.638
17275 27378.246
17276 16170.062
17277 4740.0769
17278 8805.6881
17279 13119.816
17280 20216.633
17281 21617.881
17282 13059.793
17283 17417.791
17284 11212.668
17285 7650.2799
17286 16589.683
17287 23150.624
17288 13411.898
17289 9421.1032
17290 13955.048
17291 12618.855
17292 11307.9
17293 16645.844
17294 16005.036
17295 15418.356
17296 16553.689
17297 15419.854
17298 17556.25
17299 15848.744
17300 11558.4
17301 10256.247
17302 16814.06
17303 8089.2278
17304 9312.8172
17305 13557.337
17306 27427.185
17307 20385.974
17308 13262.885
17309 14652.108
17310 9894.1138
17311 11161.647
17312 13700.297
17313 23382.976
17314 23107.999
17315 24855.148
17316 39617.833
17317 11442.132
17318 16805.403
17319 18756.055
17320 15048.941
17321 15662.207
17322 15042.346
17323 18403.645
17324 15247.8
17325 9557.4123
17326 9969.4223
17327 16801.702
17328 18878.21
17329 13190.323
17330 21333.789
17331 19995.908
17332 22305.726
17333 12717.572
17334 14572.579
17335 13495.843
17336 15119.84
17337 18115.504
17338 17501.879
17339 6789.8008
17340 21299.76
17341 16917.217
17342 10291.617
17343 20632.593
17344 17371.809
17345 7598.8982
17346 12952.993
17347 19407.826
17348 18703.757
17349 21812.649
17350 10999.982
17351 11681.526
17352 20044.58
17353 29574.411
17354 13875.799
17355 9863.1498
17356 9646.9906
17357 15392.743
17358 14031.593
17359 12781.244
17360 15890.483
17361 13953.972
17362 19658.503
17363 20999.452
17364 15616.101
17365 16541.625
17366 19385.363
17367 15861.854
17368 23570.43
17369 20469.527
17370 14455.796
17371 15050.217
17372 16482.889
17373 13627.878
17374 16308.969
17375 18372.529
17376 16999.792
17377 13647.118
17378 9401.2578
17379 14300.88
17380 16053.945
17381 16980.943
17382 17181.869
17383 15093.632
17384 14911.174
17385 19618.035
17386 16649.295
17387 16246.883
17388 16424.717
17389 9488.8286
17390 20464.892
17391 10920.113
17392 6067.2113
17393 13111.56
17394 12329.035
17395 15387.783
17396 15736.744
17397 12017.422
17398 17701.658
17399 18767.379
17400 22655.009
17401 14407.937
17402 10180.214
17403 25057.37
17404 14440.047
17405 14684.782
17406 12730.271
17407 11517.938
17408 22171.718
17409 22213.802
17410 7914.8238
17411 5239.5606
17412 20353.817
17413 22382.83
17414 18313.541
17415 24724.233
17416 18484.841
17417 11087.023
17418 16232.345
17419 13899.567
17420 7157.6123
17421 8987.2197
17422 9400.5262
17423 8490.0318
17424 13954.734
17425 22690.567
17426 18216.981
17427 19486.485
17428 18000.201
17429 17900.905
17430 12537.203
17431 10577.45
17432 13167.65
17433 14855.536
17434 22852.045
17435 18042.821
17436 10033.623
17437 10339.422
17438 12860.46
17439 13959.511
17440 20533.244
17441 26578.346
17442 22397.665
17443 22809.035
17444 21115.36
17445 11624.987
17446 13602.372
17447 10458.567
17448 16346.531
17449 9915.1738
17450 21453.496
17451 17703.508
17452 9160.4403
17453 16882.992
17454 15093.943
17455 14747.67
17456 11727.88
17457 8271.6394
17458 19000.487
17459 15320.585
17460 12176.232
17461 28275.461
17462 26071.574
17463 11500.541
17464 20682.702
17465 16899.397
17466 10231.088
17467 16278.07
17468 18163.894
17469 12981.533
17470 11728.443
17471 13716.725
17472 12698.528
17473 15320.324
17474 13286.102
17475 13372.566
17476 13826.917
17477 14565.805
17478 21570.809
17479 16156.317
17480 16579.76
17481 13917.949
17482 9963.5766
17483 14349.892
17484 15134.012
17485 16351.907
17486 19664.092
17487 12632.381
17488 17323.086
17489 12175.756
17490 7483.5628
17491 16212.197
17492 11899.32
17493 16107.843
17494 21149.122
17495 12714.663
17496 12897.266
17497 31977.144
17498 14420.875
17499 11809.468
17500 20119.926
17501 14178.301
17502 18906.399
17503 14935.155
17504 8330.3561
17505 11736.454
17506 18201.017
17507 16851.943
17508 9664.0998
17509 19252.19
17510 24988.911
17511 24761.151
17512 15721.561
17513 20305.499
17514 16289.532
17515 10843.64
17516 30421.958
17517 26102.301
17518 18972.482
17519 27420.471
17520 21487.208
17521 14083.485
17522 12141.667
17523 11606.19
17524 14898.968
17525 14607.716
17526 19080.598
17527 12287.695
17528 9627.8179
17529 12393.44
17530 21360.725
17531 9784.0696
17532 10443.602
17533 13811.914
17534 7621.8546
17535 12080.601
17536 19412.914
17537 12595.247
17538 24117.618
17539 13784.766
17540 11086.531
17541 18618.512
17542 29582.947
17543 17817.872
17544 15870.067
17545 15228.235
17546 12154.255
17547 17702.635
17548 10007.119
17549 15482.919
17550 13530.949
17551 10803.764
17552 13315.979
17553 15383.059
17554 15417.367
17555 17889.871
17556 15572.435
17557 12697.855
17558 25152.498
17559 26331.89
17560 9241.772
17561 18448.438
17562 20882.017
17563 19451.939
17564 13187.18
17565 12811.795
17566 13828.471
17567 12907.94
17568 8814.9422
17569 16966.66
17570 18244.928
17571 22541.194
17572 21907.217
17573 4218.0347
17574 18963.187
17575 20678.478
17576 17667.064
17577 7337.4375
17578 8940.4826
17579 21683.396
17580 29785.502
17581 14532.063
17582 13725.277
17583 9745.5146
17584 16527.285
17585 15993.426
17586 10614.959
17587 13500.086
17588 12437.68
17589 5732.6542
17590 24180.476
17591 16788.109
17592 20196.113
17593 16643.255
17594 22987.28
17595 17835.316
17596 11743.432
17597 9190.6641
17598 18024.298
17599 17034.404
17600 9517.7115
17601 8358.3799
17602 10610.769
17603 18737.849
17604 20223.913
17605 9222.4068
17606 11305.172
17607 9443.7883
17608 13764.542
17609 14692.408
17610 12273.828
17611 18422.601
17612 13754.091
17613 10172.106
17614 13057.275
17615 14020.129
17616 9827.9266
17617 10532.876
17618 12411.653
17619 19682.809
17620 11225.03
17621 8913.0944
17622 20337.664
17623 17581.141
17624 13068.45
17625 11235.852
17626 20480.492
17627 25940.585
17628 10631.814
17629 16080.838
17630 29931.432
17631 16782.878
17632 12474.922
17633 20659.602
17634 16348.302
17635 15260.7
17636 15436.397
17637 14609.209
17638 13764.357
17639 12415.644
17640 18605.278
17641 10192.267
17642 8399.6038
17643 13914.198
17644 18059.549
17645 12216.594
17646 8156.3497
17647 12934.578
17648 17975.855
17649 11087.823
17650 10206.881
17651 15090.841
17652 16804.428
17653 22710.038
17654 15073.916
17655 16958.766
17656 12032.489
17657 9033.1993
17658 13256.952
17659 10109.403
17660 9750.3353
17661 20513.692
17662 13931.143
17663 6869.5044
17664 16330.627
17665 24167.616
17666 12689.284
17667 18102.657
17668 19992.685
17669 12551.12
17670 17091.317
17671 18632.455
17672 7189.8203
17673 15167.041
17674 15884.427
17675 17118.423
17676 21021.51
17677 12041.917
17678 14942.144
17679 14943.136
17680 15998.685
17681 13684.863
17682 17038.598
17683 23102.922
17684 17569.224
17685 14196.762
17686 18664.218
17687 13229.272
17688 13114.57
17689 10259.786
17690 10491.909
17691 16345.563
17692 10674.826
17693 11848.429
17694 18424.225
17695 23308.385
17696 14917.504
17697 15543.918
17698 15837.928
17699 15211.949
17700 12468.458
17701 10137.638
17702 20981.945
17703 16542.375
17704 10767.295
17705 11613.953
17706 11160.838
17707 28272.026
17708 24940.616
17709 26944.439
17710 14870.176
17711 22276.857
17712 17507.642
17713 12891.657
17714 11517.485
17715 10551.622
17716 10921.736
17717 9679.7226
17718 10022.429
17719 16374.523
17720 14418.248
17721 8527.4358
17722 12389.762
17723 38331.183
17724 39867.513
17725 18163.111
17726 19609.564
17727 16362.531
17728 22544.827
17729 20911.508
17730 19668.37
17731 19259.283
17732 12051.906
17733 9704.6833
17734 14446.416
17735 15961.051
17736 16582.904
17737 16774.339
17738 16160.944
17739 33718.016
17740 21459.093
17741 33826.694
17742 30402.838
17743 9559.3927
17744 21018.014
17745 28156.228
17746 19813.793
17747 21238.022
17748 12863.208
17749 8517.1186
17750 30667.762
17751 33101.041
17752 26936.723
17753 28217.541
17754 14069.706
17755 14263.372
17756 28990.838
17757 22923.318
17758 21280.248
17759 18899.119
17760 11421.648
17761 14594.61
17762 8995.6528
17763 7306.5173
17764 10669.73
17765 11372.336
17766 15053.212
17767 10926.693
17768 9807.8355
17769 15943.084
17770 21654.023
17771 24205.105
17772 16270.667
17773 8577.0959
17774 18844.311
17775 19511.249
17776 7660.4247
17777 17159.268
17778 21611.814
17779 14509.385
17780 9312.4571
17781 9763.4252
17782 17786.153
17783 11410.291
17784 13411.994
17785 14663.944
17786 17946.484
17787 20161.893
17788 21866.593
17789 22759.523
17790 18170.043
17791 14851.593
17792 20961.691
17793 26249.932
17794 29825.303
17795 18640.254
17796 16440.102
17797 29370.248
17798 28439.705
17799 14984.119
17800 18356.617
17801 12162.085
17802 18105.174
17803 25480.978
17804 26573.874
17805 22036.696
17806 15560.129
17807 14527.292
17808 14977.404
17809 19421.902
17810 19923.293
17811 10718.76
17812 6583.0171
17813 13677.414
17814 14674.582
17815 14497.11
17816 15435.433
17817 7168.9093
17818 8837.0232
17819 11697.813
17820 8734.3377
17821 15251.8
17822 13607.54
17823 12708.108
17824 25548.577
17825 18624.525
17826 9274.4856
17827 16101.591
17828 8573.232
17829 11439.953
17830 13303.346
17831 20203.143
17832 19345.469
17833 8736.7587
17834 18091.913
17835 17395.09
17836 19774.979
17837 17178.592
17838 15627.059
17839 7293.1233
17840 11543.801
17841 14056.147
17842 15473.025
17843 16482.128
17844 9392.1929
17845 10472.894
17846 9569.7037
17847 8192.9724
17848 11574.506
17849 10650.959
17850 23996.145
17851 31719.36
17852 24325.381
17853 16690.245
17854 15744.837
17855 19064.732
17856 22560.677
17857 11031.957
17858 9936.3253
17859 8081.6815
17860 9238.4593
17861 12116.077
17862 11960.157
17863 11847.599
17864 13975.318
17865 19233.781
17866 10527.164
17867 9139.5723
17868 11220.869
17869 14277.107
17870 11854.367
17871 12887.093
17872 9222.921
17873 5511.1757
17874 13420.278
17875 12563.582
17876 12135.894
17877 20144.844
17878 15603.446
17879 22124.274
17880 22758.064
17881 13798.909
17882 13863.603
17883 9694.6483
17884 14215.488
17885 19014.936
17886 14431.34
17887 14141.277
17888 13635.96
17889 13426.764
17890 11094.468
17891 16948.386
17892 14612.035
17893 20857.77
17894 25529.703
17895 12366.04
17896 14807.831
17897 11778.581
17898 16433.099
17899 13824.621
17900 14636.463
17901 17074.196
17902 19451.267
17903 14268.826
17904 15148.565
17905 16257.151
17906 7126.8591
17907 10458.975
17908 6873.412
17909 10015.788
17910 11981.5
17911 8828.2419
17912 14794.219
17913 14457.628
17914 9477.343
17915 7148.9065
17916 14831.778
17917 20277.187
17918 16323.158
17919 18183.43
17920 15476.488
17921 19507.5
17922 21760.517
17923 15966.177
17924 16031.339
17925 16505.602
17926 20941.676
17927 21699.701
17928 17518.438
17929 9483.8812
17930 17078.766
17931 16812.207
17932 13934.521
17933 13490.582
17934 18782.473
17935 17192.932
17936 19861.727
17937 19657.868
17938 13180.409
17939 17912.662
17940 18378.779
17941 10030.956
17942 19034.048
17943 12887
17944 14345.064
17945 18978.261
17946 11904.894
17947 12173.129
17948 17648.643
17949 19315.904
17950 19327.174
17951 13024.37
17952 8248.4806
17953 19125.374
17954 29852.785
17955 13917.341
17956 13248.054
17957 17221.651
17958 12605.428
17959 13347.765
17960 16816.775
17961 17230.621
17962 10188.144
17963 16565.815
17964 15330.944
17965 14609.004
17966 14610.016
17967 14507.905
17968 16129.987
17969 20555.282
17970 13988.878
17971 16075.418
17972 11665.339
17973 15595.462
17974 12935.763
17975 11242.036
17976 19245.381
17977 13852.103
17978 7143.0861
17979 7857.633
17980 8462.5536
17981 33444.856
17982 32839.63
17983 11209.105
17984 14524.017
17985 21951.048
17986 25725.746
17987 27280.762
17988 15237.121
17989 19507.321
17990 22100.667
17991 19756.328
17992 24027.658
17993 36269.6
17994 29950.363
17995 12813.617
17996 12377.783
17997 28767.322
17998 26816.558
17999 15790.487
18000 15256.701
18001 8876.8544
18002 20744.518
18003 31083
18004 14120.642
18005 14784.043
18006 16969.296
18007 12021.384
18008 20704.369
18009 17513.182
18010 17589.929
18011 25901.644
18012 23963.278
18013 20001.355
18014 17010.626
18015 16228.332
18016 13039.216
18017 11984.436
18018 7451.143
18019 11426.884
18020 6497.6519
18021 9403.1451
18022 19587.866
18023 14343.552
18024 16246.549
18025 12748.547
18026 12963.489
18027 19955.324
18028 21210.035
18029 11423.094
18030 18863.257
18031 20644.044
18032 18526.869
18033 19255.296
18034 15313.281
18035 15526.185
18036 8505.1628
18037 11857.507
18038 27823.626
18039 21472.652
18040 16979.707
18041 20052.651
18042 18014.78
18043 23648.815
18044 17480.528
18045 17001.376
18046 15419.927
18047 10812.818
18048 12995.819
18049 19298.58
18050 18969.14
18051 14443.231
18052 16056.895
18053 20458.486
18054 15699.693
18055 26751.086
18056 18865.824
18057 11481.991
18058 8712.9887
18059 18214.308
18060 10972.424
18061 14518.379
18062 27604.66
18063 24236.577
18064 12830.293
18065 15865.913
18066 18121.338
18067 28649.933
18068 21620.878
18069 13623.162
18070 12949.063
18071 17034.224
18072 17544.286
18073 14317.255
18074 12374.215
18075 9114.4331
18076 8364.0061
18077 16659.929
18078 21138.528
18079 28093.624
18080 22907.614
18081 10030.672
18082 8275.7674
18083 15676.652
18084 21283.284
18085 10999.538
18086 11052.316
18087 13360.142
18088 12141.304
18089 16790.744
18090 17004.634
18091 14456.849
18092 14241.228
18093 24377.231
18094 16758.366
18095 30749.519
18096 18887.619
18097 16137.061
18098 21130.48
18099 16517.048
18100 12281.366
18101 17897.888
18102 27009.993
18103 14368.357
18104 15614.836
18105 18995.049
18106 14102.074
18107 13102.426
18108 15390.104
18109 9708.7133
18110 14972.452
18111 15236.179
18112 19784.072
18113 30051.544
18114 10564.062
18115 20312.725
18116 12857.279
18117 11659.771
18118 16506.975
18119 17127.954
18120 11665.704
18121 14277.091
18122 10604.352
18123 16571.489
18124 12942.333
18125 12463.137
18126 18655.865
18127 25093.882
18128 15516.403
18129 21551.346
18130 22269.718
18131 14293.064
18132 20734.379
18133 17612.37
18134 20971.959
18135 19243.956
18136 13509.027
18137 14692.384
18138 27683.63
18139 26041.433
18140 29020.501
18141 17517.235
18142 15254.974
18143 21092.952
18144 12026.569
18145 17756.71
18146 22873.956
18147 17667.127
18148 13621.319
18149 19655.803
18150 19812.534
18151 35172.276
18152 40117.745
18153 8636.3935
18154 20523.879
18155 19710.295
18156 13187.85
18157 13802.324
18158 33491.011
18159 39931.635
18160 9934.1211
18161 7475.7562
18162 22305.804
18163 21646.063
18164 14571.243
18165 12977.388
18166 12584.644
18167 20554.512
18168 14269.522
18169 9970.6236
18170 22909.231
18171 26572.002
18172 14091.217
18173 31651.2
18174 31626.965
18175 17465.83
18176 18070.001
18177 19737.773
18178 20022.614
18179 17637.755
18180 17163.146
18181 9971.9077
18182 12658.801
18183 19091.507
18184 14443.689
18185 15297.4
18186 21591.355
18187 16165.433
18188 24481.254
18189 23336.26
18190 19720.89
18191 25344.15
18192 29107.24
18193 14647.771
18194 26866.284
18195 14039.685
18196 21525.276
18197 14810.164
18198 16949.266
18199 16005.469
18200 13279.584
18201 25514.135
18202 33693.324
18203 23322.452
18204 13654.42
18205 9748.3537
18206 15238.916
18207 12917.698
18208 11888.797
18209 15750.42
18210 11005.314
18211 14390.069
18212 22131.581
18213 18164.288
18214 6961.2267
18215 6963.9844
18216 13583.473
18217 15084.098
18218 15612.724
18219 12563.62
18220 15955.611
18221 14696.292
18222 19085.878
18223 21394.019
18224 16681.893
18225 14750.326
18226 20071.636
18227 17068.302
18228 12334.778
18229 16044.819
18230 21707.254
18231 11983.491
18232 15157.852
18233 17535.704
18234 13784.753
18235 19244.534
18236 24814.277
18237 24249.963
18238 18789.145
18239 14259.49
18240 20431.188
18241 15795.432
18242 15007.32
18243 18436.879
18244 30306.09
18245 17251.186
18246 17357.403
18247 16753.47
18248 12296.355
18249 11987.645
18250 7366.6311
18251 13843.02
18252 11795.911
18253 10150.414
18254 14025.556
18255 15500.337
18256 18324.018
18257 16637.84
18258 8940.4709
18259 15557.203
18260 21325.41
18261 20952.185
18262 24341.233
18263 16886.947
18264 17847.684
18265 12334.826
18266 7902.5934
18267 17716.526
18268 13091.956
18269 14432.622
18270 6428.3603
18271 9811.3149
18272 11774.342
18273 10244.398
18274 12869.515
18275 17367.799
18276 16932.434
18277 12591.727
18278 11939.212
18279 17288.554
18280 11105.601
18281 6530.9898
18282 17518.405
18283 16268.924
18284 7610.4361
18285 9491.9593
18286 15751.603
18287 13821.804
18288 23699.984
18289 21812.874
18290 9116.5792
18291 13941.091
18292 13051.864
18293 9604.29
18294 12669.149
18295 15852.913
18296 12747.782
18297 9712.4832
18298 31397.418
18299 29157.955
18300 16971.949
18301 17414.768
18302 12500.256
18303 18275.868
18304 14371.481
18305 15262.717
18306 22359.691
18307 15470.626
18308 16881.14
18309 19527.932
18310 13177.374
18311 16049.511
18312 15224.302
18313 11164.421
18314 23851.732
18315 11982.07
18316 11082.485
18317 12312.798
18318 14105.613
18319 12499.691
18320 10196.643
18321 11390.334
18322 13889.256
18323 12146.095
18324 14083.734
18325 10684.001
18326 12643.701
18327 22281.324
18328 21054.325
18329 18680.389
18330 18827.302
18331 14421.611
18332 16956.589
18333 14379.741
18334 17853.731
18335 24581.865
18336 17038.426
18337 7232.8169
18338 12691.984
18339 20645.012
18340 15234.246
18341 13406.969
18342 18065.942
18343 18848.916
18344 12428.061
18345 25881.908
18346 29824.475
18347 14656.225
18348 17796.869
18349 13564.872
18350 12759.785
18351 20067.508
18352 32406.672
18353 16829.647
18354 12800.431
18355 17440.536
18356 34300.491
18357 31489.671
18358 16602.659
18359 16617.444
18360 20508.059
18361 18521.891
18362 18672.479
18363 11223.377
18364 14597.567
18365 28120.082
18366 26413.073
18367 13838.31
18368 12050.885
18369 10711.279
18370 12975.765
18371 8232.7855
18372 12411.362
18373 13390.348
18374 14242.197
18375 29088.094
18376 21800.613
18377 14319.573
18378 21369.362
18379 15096.839
18380 16081.563
18381 22343.921
18382 25847.08
18383 9922.8121
18384 11391.375
18385 11775.158
18386 19083.406
18387 19624.129
18388 16411.686
18389 15583.741
18390 11827.663
18391 25454.059
18392 18878.888
18393 17673.48
18394 32244.078
18395 31315.74
18396 16098.144
18397 17405.885
18398 13232.712
18399 8592.7712
18400 31059.351
18401 26225.945
18402 15512.155
18403 19587.471
18404 18093.085
18405 13472.745
18406 12498.655
18407 19549.12
18408 20296.746
18409 15481.877
18410 14910.939
18411 20118.453
18412 15942.275
18413 12822.18
18414 16397.418
18415 15830.501
18416 11149.218
18417 7467.4557
18418 12626.772
18419 14246.542
18420 18428.174
18421 17723.264
18422 12524.476
18423 14074.929
18424 13089.485
18425 16627.732
18426 17071.3
18427 16710.622
18428 31446.45
18429 22470.426
18430 15166.668
18431 15570.986
18432 17020.583
18433 11667.733
18434 12945.616
18435 11032.008
18436 7635.4214
18437 12422.822
18438 9957.4559
18439 15767.629
18440 12314.786
18441 12388.175
18442 21938.346
18443 11158.851
18444 13652.501
18445 8702.5906
18446 13119.907
18447 15786.969
18448 12102.359
18449 11791.604
18450 16023.786
18451 13554.665
18452 17777.518
18453 9102.7857
18454 16248.556
18455 14571.4
18456 7319.6855
18457 11553.063
18458 8704.538
18459 13072.292
18460 15034.786
18461 16913.336
18462 20087.411
18463 11774.742
18464 13303.812
18465 12903.323
18466 8062.4409
18467 16395.608
18468 17986.127
18469 11560.039
18470 9289.8219
18471 11348.492
18472 26728.186
18473 18419.537
18474 16171.17
18475 11726.027
18476 19947.197
18477 17663.145
18478 11535.091
18479 8556.1402
18480 12348.792
18481 17525.409
18482 13715.226
18483 15451.22
18484 20547.484
18485 13556.339
18486 15832.279
18487 16765.077
18488 15454.424
18489 21066.973
18490 15439.623
18491 18899.372
18492 37772.053
18493 26601.218
18494 11924.434
18495 11201.091
18496 9445.2909
18497 9471.2672
18498 23291.887
18499 26294.991
18500 24209.63
18501 12936.416
18502 12291.213
18503 19619.023
18504 17607.892
18505 10406.417
18506 15519.63
18507 8772.51
18508 22930.218
18509 28429.278
18510 19383.682
18511 37513.976
18512 31645.537
18513 13841.567
18514 12028.315
18515 14681.466
18516 11811.845
18517 10771.315
18518 8872.3492
18519 11479.233
18520 13248.747
18521 10092.651
18522 11523.444
18523 13144.471
18524 11621.844
18525 15926.327
18526 11555.613
18527 19354.615
18528 16504.055
18529 9505.2846
18530 13890.426
18531 14554.496
18532 24454.587
18533 16207.531
18534 30842.714
18535 27727.779
18536 14476.268
18537 8423.6519
18538 13436.073
18539 14034.499
18540 12812.017
18541 15376.777
18542 18366.428
18543 20683.374
18544 12455.21
18545 16948.323
18546 16353.263
18547 10733.128
18548 21146.33
18549 15338.142
18550 9287.628
18551 16518.45
18552 17676.094
18553 13845.667
18554 16363.846
18555 11167.859
18556 12906.002
18557 16324.869
18558 14547.562
18559 12793.814
18560 16324.014
18561 11246.159
18562 14213.463
18563 15410.233
18564 10995.368
18565 14989.781
18566 10589.668
18567 9685.4127
18568 10465.32
18569 10776.081
18570 11892.833
18571 19560.387
18572 21220.768
18573 7744.2836
18574 9935.0103
18575 16413.547
18576 13941.802
18577 7969.9904
18578 11715.854
18579 10860.706
18580 10175.755
18581 10968.036
18582 11426.909
18583 20438.092
18584 15370.013
18585 7197.4335
18586 10911.887
18587 11552.651
18588 11513.478
18589 14209.866
18590 15226.965
18591 34380.928
18592 36633.512
18593 12392.064
18594 14545.127
18595 21386.66
18596 12370.976
18597 23564.59
18598 27640.069
18599 12548.044
18600 13712.969
18601 14560.439
18602 10535.709
18603 15448.59
18604 15261.368
18605 24029.652
18606 24725.375
18607 11439.242
18608 10036.213
18609 11161.583
18610 26484.126
18611 24459.555
18612 11957.353
18613 14804.329
18614 22257.063
18615 12802.9
18616 10745.429
18617 15135.701
18618 15575.087
18619 17070.414
18620 13494.034
18621 8414.2215
18622 12698.933
18623 13510.578
18624 12868.168
18625 13652.803
18626 13675.954
18627 9994.8045
18628 15555.804
18629 15395.033
18630 12609.28
18631 11250.621
18632 10900.987
18633 7394.4927
18634 6810.8594
18635 6851.7751
18636 14010.287
18637 17517.825
18638 13745.16
18639 7555.6606
18640 15334.81
18641 21269.993
18642 11382.033
18643 15778.929
18644 12221.337
18645 13552.8
18646 12784.271
18647 12052.197
18648 13822.627
18649 14819.914
18650 18845.696
18651 15336.39
18652 12168.948
18653 17991.694
18654 22573.702
18655 10210.876
18656 15684.19
18657 14199.621
18658 13634.123
18659 12503.213
18660 13436.846
18661 17550.349
18662 15141.987
18663 12490.4
18664 17345.634
18665 26082.549
18666 21742.352
18667 15859.073
18668 13635.047
18669 15854.173
18670 11328.91
18671 10628.995
18672 10524.271
18673 11759.764
18674 32004.851
18675 36025.931
18676 19189.017
18677 16814.421
18678 18118.75
18679 21319.459
18680 17590.787
18681 12915.401
18682 31481.559
18683 31513.669
18684 13858.343
18685 15896.053
18686 16180.657
18687 12006.209
18688 18218.336
18689 14989.429
18690 14733.493
18691 14771.488
18692 23343.114
18693 23754.977
18694 16485.684
18695 12440.998
18696 13266.594
18697 13952.093
18698 14471.588
18699 16324.44
18700 15133.039
18701 19929.536
18702 28843.849
18703 30215.036
18704 21413.091
18705 20851.197
18706 16607.565
18707 14964.694
18708 22786.449
18709 22264.176
18710 19998.082
18711 20866.981
18712 19005.848
18713 12313.094
18714 13151.849
18715 14730.704
18716 12219.339
18717 8261.1438
18718 9927.4454
18719 10417.936
18720 13225.567
18721 12503.069
18722 4529.9935
18723 7467.5737
18724 17443.755
18725 15891.442
18726 12266.44
18727 19701.603
18728 18478.385
18729 14628.383
18730 25740.566
18731 24595.51
18732 11773.043
18733 15325.266
18734 22644.42
18735 22317.448
18736 11163.975
18737 11037.985
18738 14501.098
18739 17323.712
18740 14521.851
18741 15457.352
18742 12378.214
18743 9935.412
18744 16935.581
18745 26420.552
18746 17985.945
18747 19852.976
18748 11146.902
18749 14598.274
18750 15330.884
18751 15632.874
18752 19551.989
18753 15350.299
18754 12571.036
18755 12605.746
18756 14934.58
18757 13275.992
18758 7492.1834
18759 10507.554
18760 10483.834
18761 9122.6414
18762 8924.1208
18763 5792.4541
18764 14746.026
18765 11621.006
18766 14591.346
18767 23133.758
18768 17832.974
18769 7226.2562
18770 12282.062
18771 10965.163
18772 21250.046
18773 24687.117
18774 15850.225
18775 13189.602
18776 11579.56
18777 9014.4673
18778 14954.526
18779 15060.067
18780 21756.676
18781 16376.644
18782 20302.722
18783 27544.863
18784 26702.147
18785 15437.271
18786 22345.336
18787 20433.643
18788 13593.675
18789 11399.077
18790 23405.359
18791 22474.108
18792 24433.841
18793 20014.603
18794 13932.506
18795 12110.613
18796 11317.546
18797 18164.862
18798 16675.004
18799 12819.995
18800 20276.157
18801 21892.34
18802 6137.4307
18803 17982.532
18804 21318.642
18805 10472.712
18806 20822.22
18807 17608.293
18808 19015.598
18809 17423.103
18810 9953.8429
18811 18679.59
18812 17671.739
18813 11614.406
18814 24555.883
18815 28416.504
18816 21216.567
18817 16156.961
18818 11785.219
18819 12149.739
18820 33976.195
18821 20251.615
18822 13588.578
18823 11749.403
18824 16609.985
18825 11674.896
18826 12726.311
18827 21668.187
18828 16337.831
18829 8730.768
18830 10320.276
18831 11761.086
18832 9602.8516
18833 12456.993
18834 11295.429
18835 7914.3084
18836 11791.033
18837 12263.231
18838 13348.574
18839 15727.855
18840 11730.738
18841 17495.222
18842 25524.18
18843 16302.599
18844 28837.108
18845 27677.222
18846 11846.662
18847 13628.844
18848 18407.751
18849 21498.052
18850 29427.355
18851 13175.38
18852 11046.092
18853 13094.517
18854 24891.649
18855 21596.439
18856 14108.701
18857 16806.211
18858 16973.832
18859 16663.733
18860 15253.763
18861 16374.687
18862 11969.588
18863 18933.665
18864 23276.859
18865 14409.631
18866 6969.4045
18867 20235.269
18868 15549.764
18869 14465.228
18870 22865.292
18871 16447.745
18872 25248.949
18873 31730.543
18874 13329.491
18875 18423.677
18876 24920.187
18877 10130.352
18878 13719.226
18879 12629.322
18880 27341.016
18881 25446.012
18882 12750.688
18883 13785.564
18884 15782.828
18885 23370.849
18886 17089.581
18887 13063.899
18888 24081.69
18889 13905.763
18890 16696.485
18891 17069.939
18892 17333.805
18893 17633.736
18894 16887.706
18895 12822.842
18896 11764.718
18897 11106.114
18898 15103.324
18899 16365.614
18900 19568.439
18901 32967.41
18902 16583.738
18903 6055.0788
18904 9604.0081
18905 14690.884
18906 17932.44
18907 16379.202
18908 15666.441
18909 15087.146
18910 17445.511
18911 15794.359
18912 16116.802
18913 27615.595
18914 22615.072
18915 15089.847
18916 19672.531
18917 18050.71
18918 8274.9963
18919 12840.386
18920 12327.954
18921 10863.975
18922 13108.533
18923 15922.996
18924 13483.08
18925 8090.2604
18926 19591.102
18927 21899.769
18928 14578.519
18929 15123.955
18930 16439.951
18931 13677.488
18932 17214.948
18933 16718.203
18934 16599.895
18935 22568.687
18936 18864.611
18937 17304.782
18938 13457.869
18939 19835.005
18940 19883.506
18941 21562.688
18942 22596.858
18943 16235.688
18944 25176.687
18945 13198.396
18946 15631.602
18947 11388.279
18948 8205.6583
18949 11877.819
18950 7184.1923
18951 8515.9396
18952 12099.83
18953 13138.537
18954 14051.1
18955 13379.926
18956 11109.925
18957 12806.357
18958 12134.978
18959 7425.225
18960 10235.59
18961 15344.761
18962 11010.985
18963 11008.544
18964 12125.735
18965 13064.476
18966 9474.9397
18967 9444.3976
18968 14130.657
18969 18824.499
18970 18423.724
18971 9671.9805
18972 12963.61
18973 14025.614
18974 12898.719
18975 15989.5
18976 17314.519
18977 22594.613
18978 13878.142
18979 7792.8418
18980 11555.757
18981 14824.561
18982 11882.143
18983 15041.445
18984 22426.803
18985 20277.703
18986 10602.396
18987 14093.029
18988 21301.63
18989 15389.862
18990 32225.854
18991 18524.792
18992 28493.783
18993 17340.981
18994 9700.4737
18995 13586.708
18996 9469.0132
18997 6660.4062
18998 17033.11
18999 14026.185
19000 28722
19001 24357.427
19002 19766.979
19003 16740.319
19004 19347.725
19005 24564.179
19006 46058.443
19007 44948.825
19008 35166.128
19009 25430.901
19010 19944.049
19011 22878.541
19012 38590.039
19013 39859.334
19014 35112.087
19015 15438.866
19016 13862.12
19017 27886.18
19018 36553.399
19019 20701.812
19020 15082.617
19021 19686.699
19022 29786.382
19023 21725.265
19024 21331.814
19025 13365.403
19026 17219.045
19027 21521.596
19028 41239.265
19029 42069.713
19030 23238.171
19031 15079.196
19032 18501.612
19033 34679.195
19034 27879.128
19035 29590.284
19036 21398.057
19037 17915.499
19038 19089.371
19039 31516.786
19040 36537.523
19041 16245.384
19042 11551.861
19043 16603.119
19044 15927.944
19045 11452.331
19046 15359.438
19047 15792.946
19048 14090.297
19049 10318.039
19050 12499.474
19051 16486.009
19052 17432.734
19053 15953.41
19054 17067.869
19055 16080.583
19056 15314.979
19057 22598.122
19058 20825.063
19059 17600.343
19060 14054.403
19061 23727.168
19062 20713.065
19063 15880.092
19064 91377.036
19065 222756.82
19066 236927.5
19067 156915.72
19068 199071.88
19069 0
19070 158.54627
19071 1870.7844
19072 17167.384
19073 63275.803
19074 23429.728
19075 48104.219
19076 26032.27
19077 1815.5949
19078 14779.892
19079 21576.678
19080 23393.309
19081 29159.209
19082 14386.413
19083 17349.604
19084 26339.196
19085 16135.416
19086 5405.2944
19087 2628.698
19088 6750.3955
19089 7090.8211
19090 691.4612
19091 0
19092 0
19093 0
19094 1802.8545
19095 1943.0253
19096 1076.5151
19097 8859.0655
19098 8366.2172
19099 32179.423
19100 29029.848
19101 35316.129
19102 61702.173
19103 15527.606
19104 34591.215
19105 29927.02
19106 29409.341
19107 12120.687
19108 1300.3251
19109 1695.4721
19110 3088.7677
19111 7956.0195
19112 7572.2578
19113 14.637181
19114 338.97526
19115 3212.3196
19116 5889.1323
19117 24428.28
19118 45000.869
19119 33155.526
19120 69538.098
19121 29609.305
19122 32116.115
19123 14415.803
19124 24375.765
19125 13888.471
19126 10925.27
19127 7495.3887
19128 4918.9687
19129 5722.9719
19130 2797.9089
19131 6724.2416
19132 15844.609
19133 13945.389
19134 8704.6106
19135 16859.511
19136 7963.1003
19137 17363.484
19138 43042.785
19139 14965.23
19140 16207.649
19141 12915.683
19142 5521.8572
19143 3749.7926
19144 2379.5198
19145 592.83294
19146 2493.6314
19147 2433.0185
19148 20648.257
19149 18566.45
19150 19823.375
19151 38614.959
19152 16383.888
19153 48173.731
19154 27549.094
19155 18209.231
19156 12362.075
19157 7218.4184
19158 8942.7761
19159 2828.7049
19160 7966.3643
19161 63960.92
19162 22180.454
19163 103592.04
19164 58219.383
19165 27781.08
19166 44405.929
19167 12259.295
19168 5554.4207
19169 20111.948
19170 3358.3539
19171 6697.6162
19172 4964.1748
19173 17289.558
19174 55236.831
19175 33911.094
19176 42116.182
19177 6908.5337
19178 4680.5514
19179 67.519139
19180 1080.8255
19181 1070.4978
19182 1.125
19183 501.68781
19184 6382.8078
19185 10011.76
19186 32971.526
19187 38735.356
19188 23816.41
19189 21477.441
19190 4865.5795
19191 1329.789
19192 513.20087
19193 125.34609
19194 3703.1063
19195 3200.6321
19196 26204.442
19197 67718.705
19198 26385.25
19199 114506.68
19200 34371.017
19201 35058.766
19202 93410.96
19203 9599.1552
19204 44049.381
19205 6539.1652
19206 2473.2938
19207 12057.982
19208 4157.0397
19209 21021.425
19210 58903.784
19211 26336.22
19212 128566.08
19213 28968.908
19214 214478.47
19215 44607.011
19216 61724.097
19217 9386.5397
19218 1785.8334
19219 6855.6167
19220 5747.559
19221 3569.915
19222 6499.4978
19223 30808.909
19224 11737.26
19225 10878.746
19226 26935.4
19227 50377.588
19228 63605.74
19229 58200.907
19230 10681.649
19231 35021.566
19232 5710.3078
19233 4481.293
19234 8826.5141
19235 8598.1061
19236 370.86656
19237 782.10613
19238 7264.7369
19239 6448.8581
19240 4987.4319
19241 17740.283
19242 158400.64
19243 273377.07
19244 58596.218
19245 43642.966
19246 17751.159
19247 16078.629
19248 14432.955
19249 6854.792
19250 4545.6278
19251 889.26895
19252 24178.828
19253 3011.9869
19254 34149.554
19255 2881.3726
19256 5042.4891
19257 86254.284
19258 25656.769
19259 131207.48
19260 5677.8819
19261 110384.28
19262 164436.84
19263 165927.13
19264 9340.1468
19265 18105.366
19266 8900.6369
19267 6039.6822
19268 19004.149
19269 201684.41
19270 198409.38
19271 3918.8071
19272 14936.077
19273 20240.302
19274 23607.867
19275 42641.998
19276 24222.242
19277 39058.483
19278 13096.936
19279 17230.419
19280 6409.9504
19281 505.29132
19282 1675.8772
19283 1147.6144
19284 0
19285 341.95346
19286 5340.9932
19287 8212.9234
19288 10000.582
19289 35683.942
19290 25106.469
19291 5118.3273
19292 8124.7814
19293 5759.5587
19294 881.98368
19295 2661.1515
19296 2511.8156
19297 333.69348
19298 0
19299 3127.4511
19300 3934.3361
19301 3074.3897
19302 11606.414
19303 20043.009
19304 26909.115
19305 32072.279
19306 21468.199
19307 27512.979
19308 40971.988
19309 22693.807
19310 17382.687
19311 11435.299
19312 5762.8332
19313 2769.8855
19314 4016.2472
19315 86417.933
19316 85111.421
19317 2975.3169
19318 29802.325
19319 2847.3391
19320 32252.164
19321 12042.31
19322 338918.78
19323 288835.58
19324 11043.134
19325 195274.05
19326 480002.42
19327 59070.978
19328 20322.656
19329 79435.841
19330 72961.17
19331 8.2627968
19332 6781.7746
19333 142314.4
19334 138436.44
19335 47425.498
19336 17370.649
19337 55969.474
19338 46671.282
19339 75823.197
19340 127576.9
19341 96008.881
19342 53647.896
19343 19986.189
19344 12017.53
19345 704.59371
19346 4.2082592
19347 0
19348 12733.544
19349 17878.952
19350 18332.827
19351 48045.917
19352 40920.056
19353 70883.958
19354 175413.08
19355 268120.03
19356 261792.5
19357 368148.58
19358 159149.59
19359 75154.693
19360 40836.365
19361 18365.003
19362 9615.3144
19363 9014.0552
19364 17048.786
19365 30323.775
19366 20778.567
19367 39599.888
19368 52139.182
19369 39104.977
19370 26060.49
19371 9645.4035
19372 138.11788
19373 37.041534
19374 3.125
19375 0
19376 0
19377 121.68
19378 525.25067
19379 5357.8012
19380 21328.036
19381 30891.116
19382 21959.452
19383 29122.116
19384 29096.518
19385 32349.364
19386 3721.0767
19387 150.90478
19388 61.599573
19389 0.125
19390 0
19391 0
19392 146.92506
19393 4709.5171
19394 22475.272
19395 23130.223
19396 27689.018
19397 43748.912
19398 48134.047
19399 27863.671
19400 1118.6319
19401 254.41023
19402 170.42134
19403 0
19404 0
19405 1022.1555
19406 1371.3353
19407 3539.6134
19408 15974.298
19409 35070.244
19410 65904.076
19411 70103.252
19412 76191.035
19413 148965.95
19414 980665.61
19415 774238.35
19416 416162.33
19417 119578.25
19418 109715.56
19419 118293.12
19420 129366.26
19421 17515.165
19422 1814.3376
19423 6101.6601
19424 7820.7104
19425 20357.062
19426 73477.409
19427 12949.44
19428 11351.815
19429 11640.398
19430 12083.329
19431 5735.6191
19432 15685.632
19433 9913.7805
19434 7407.7621
19435 6057.6019
19436 5200.3589
19437 8617.681
19438 11748.888
19439 13526.992
19440 23310.019
19441 20805.374
19442 17249.292
19443 6520.9741
19444 55541.943
19445 37713.226
19446 6933.369
19447 30794.823
19448 33157.211
19449 14634.019
19450 9077.8223
19451 8218.9535
19452 8579.6707
19453 7409.3874
19454 5662.698
19455 9694.3718
19456 8063.9298
19457 6621.8762
19458 8647.0091
19459 7872.5533
19460 13430.096
19461 20230.099
19462 17304.08
19463 7064.4144
19464 9618.5618
19465 8811.1261
19466 8666.1772
19467 18009.849
19468 21165.23
19469 21197.679
19470 23207.001
19471 17267.977
19472 42886.603
19473 27276.825
19474 10359.85
19475 48149.396
19476 31721.449
19477 15346.94
19478 13142.143
19479 19967.939
19480 20448.866
19481 10520.273
19482 11587.247
19483 8889.2833
19484 4989.9592
19485 10937.392
19486 10796.778
19487 10726.358
19488 13482.878
19489 10275.728
19490 11579.057
19491 7592.8756
19492 10143.865
19493 9066.7822
19494 10711.321
19495 7985.2998
19496 3034.0125
19497 7239.6308
19498 10556.118
19499 16322.892
19500 7905.5736
19501 16255.959
19502 8890.695
19503 8492.8414
19504 15110.256
19505 16009.636
19506 12052.582
19507 9532.5819
19508 20391.939
19509 12587.457
19510 33536.951
19511 40386.336
19512 6783.8784
19513 18039.746
19514 26495.564
19515 10577.779
19516 49454.02
19517 16963.533
19518 20463.879
19519 5788.5375
19520 6370.0522
19521 6911.1989
19522 4685.2369
19523 16402.667
19524 25083.866
19525 19697.195
19526 13866.932
19527 11481.593
19528 11763.239
19529 9763.5301
19530 5003.5939
19531 4460.5812
19532 7687.7966
19533 12113.302
19534 17170.6
19535 17829.605
19536 12172.835
19537 12077.793
19538 16147.645
19539 11452.547
19540 10442.783
19541 9669.6918
19542 10434.664
19543 8816.1678
19544 11977.364
19545 7125.2438
19546 9184.6327
19547 6310.7961
19548 5904.6451
19549 4984.911
19550 5868.5596
19551 6871.0198
19552 8560.9513
19553 9380.9012
19554 17970.907
19555 18988.154
19556 11994.651
19557 7756.3982
19558 5260.4672
19559 6218.1967
19560 11073.396
19561 16200.605
19562 10247.386
19563 11189.807
19564 14652.535
19565 9909.0648
19566 12636.347
19567 15901.8
19568 10775.374
19569 22493.349
19570 27991.581
19571 8916.5682
19572 8606.7688
19573 12757.864
19574 9660.925
19575 10320.445
19576 7544.5796
19577 9163.7982
19578 20089.041
19579 21712.226
19580 6835.5342
19581 13715.756
19582 19484.638
19583 6327.6394
19584 10355.036
19585 9558.1379
19586 3826.7177
19587 5074.4526
19588 10620.771
19589 11609.266
19590 10665.954
19591 6718.5285
19592 17577.57
19593 15084.32
19594 8097.5846
19595 5562.1735
19596 6574.0353
19597 4986.7017
19598 4117.6122
19599 3934.2696
19600 11005.084
19601 13257.612
19602 7396.1961
19603 9709.6346
19604 10434.873
19605 7241.8214
19606 7625.6444
19607 10769.806
19608 13768.858
19609 13885.887
19610 4225.1409
19611 5383.5673
19612 4621.3381
19613 7907.455
19614 10310.888
19615 279100.75
19616 584898.61
19617 719540.14
19618 0
19619 122764.54
19620 116974.85
19621 1003.3333
19622 8694.083
19623 32382.642
19624 42087.701
19625 45260.266
19626 38336.512
19627 19417.808
19628 9799.2353
19629 9007.1854
19630 10405.621
19631 5717.0502
19632 4422.2687
19633 4817.2228
19634 9799.3731
19635 9329.8486
19636 7655.6775
19637 3021.306
19638 7747.6833
19639 10096.712
19640 10107.668
19641 5597.6946
19642 10742.004
19643 12061.817
19644 5119.2557
19645 12476.388
19646 25638.071
19647 39712.535
19648 28098.143
19649 16882.384
19650 16739.955
19651 23628.267
19652 7214.6174
19653 7754.2092
19654 7733.9355
19655 4063.8116
19656 3384.0632
19657 9157.9235
19658 7925.2051
19659 4777.3798
19660 8361.6486
19661 13669.806
19662 8406.5974
19663 9603.2134
19664 18125.492
19665 5881.228
19666 15579.538
19667 8056.8158
19668 15852.034
19669 11619.692
19670 16004.575
19671 29964.78
19672 8530.934
19673 18743.116
19674 16939.569
19675 15992.234
19676 13382.536
19677 15306.555
19678 7919.1451
19679 18338.093
19680 7667.8218
19681 8045.1361
19682 3752.85
19683 6063.4987
19684 9054.7479
19685 20106.481
19686 12338.62
19687 8967.7603
19688 13115.788
19689 6400.2921
19690 7664.6074
19691 11711.153
19692 8286.5604
19693 10643.306
19694 7574.2107
19695 11405.379
19696 12157.228
19697 11474.138
19698 9935.9482
19699 5521.4315
19700 9586.8388
19701 6124.5661
19702 5956.2886
19703 7424.6723
19704 8389.5851
19705 7518.2522
19706 14914.771
19707 4955.7742
19708 2752.71
19709 20820.311
19710 20749.998
19711 5388.8853
19712 7318.2095
19713 8937.2029
19714 9838.4223
19715 14072.985
19716 11165.626
19717 7869.0606
19718 12923.443
19719 8849.825
19720 8730.1498
19721 15492.334
19722 12062.617
19723 14364.78
19724 11894.843
19725 6799.6925
19726 11079.252
19727 6943.6374
19728 15598.517
19729 8893.2274
19730 7773.1481
19731 11204.63
19732 24016.777
19733 39075.033
19734 12036.921
19735 8609.3694
19736 12876.786
19737 8266.9768
19738 6520.964
19739 11108.608
19740 12442.303
19741 18711.825
19742 14806.054
19743 26032.066
19744 7370.8893
19745 9129.2498
19746 11743.055
19747 5292.5954
19748 22894.567
19749 8694.4372
19750 13920.558
19751 9926.5695
19752 13592.162
19753 9351.8634
19754 14024.149
19755 20184.913
19756 20370.975
19757 13147.803
19758 17334.912
19759 33081.522
19760 9133.6056
19761 9651.4413
19762 15172.387
19763 10699.222
19764 30813.087
19765 8733.0791
19766 8963.6056
19767 9826.7987
19768 17562.902
19769 21487.181
19770 5559.3004
19771 11441.21
19772 13313
19773 10594.814
19774 8620.3156
19775 7944.2787
19776 8855.4637
19777 12413.758
19778 10454.032
19779 16768.863
19780 16940.722
19781 12646.225
19782 6943.9417
19783 10309.798
19784 4656.204
19785 12307.764
19786 12909.922
19787 15999.047
19788 8866.6049
19789 8170.9196
19790 6207.1392
19791 9068.2851
19792 8129.9201
19793 12830.484
19794 14683.423
19795 10799.766
19796 4964.7246
19797 8911.9759
19798 10171.74
19799 8667.82
19800 9675.1574
19801 7937.1995
19802 11749.541
19803 5003.9075
19804 11705.151
19805 8410.243
19806 8480.0431
19807 7724.358
19808 7868.6385
19809 18955.917
19810 6339.186
19811 14362.076
19812 7703.859
19813 6600.475
19814 4589.797
19815 7919.616
19816 7831.5356
19817 6061.324
19818 7703.2613
19819 3197.3589
19820 6620.9411
19821 9677.8567
19822 17780.438
19823 22634.397
19824 7490.8465
19825 13376.402
19826 14121.007
19827 3592.4787
19828 8491.1571
19829 8796.0934
19830 9411.6663
19831 10791.095
19832 7421.5431
19833 10795.927
19834 2963.2198
19835 15418.623
19836 10465.907
19837 11938.059
19838 8547.5386
19839 11999.817
19840 23680.197
19841 9816.7335
19842 11350.843
19843 15246.115
19844 7179.6121
19845 9784.5123
19846 9589.0083
19847 26967.855
19848 39102.201
19849 12666.768
19850 26234.611
19851 14031.353
19852 22360.238
19853 13116.333
19854 13028.503
19855 21854.396
19856 6759.5641
19857 20811.822
19858 23291.885
19859 28513.179
19860 28193.826
19861 20068.821
19862 12113.818
19863 17103.861
19864 17894.128
19865 13999.331
19866 18157.036
19867 13287.743
19868 15287.63
19869 5288.7889
19870 15275.023
19871 43721.348
19872 9789.0718
19873 26094.249
19874 5570.1912
19875 13869.642
19876 13270.525
19877 8277.3629
19878 15510.811
19879 20711.903
19880 5612.585
19881 6116.6854
19882 9004.1884
19883 17543.391
19884 45169.501
19885 8581.0884
19886 21973.632
19887 17095.88
19888 13918.016
19889 7667.5305
19890 10756.837
19891 17831.165
19892 24559.226
19893 7443.8582
19894 9067.4184
19895 12558.349
19896 10000.297
19897 10877.816
19898 7726.5381
19899 7519.9293
19900 5124.9254
19901 19069.288
19902 9212.8535
19903 6370.1505
19904 8697.1583
19905 9178.1942
19906 8110.2165
19907 7184.6638
19908 11609.086
19909 8549.6724
19910 8351.9319
19911 10342.074
19912 23809.879
19913 8343.9959
19914 6977.1524
19915 16077.651
19916 18579.19
19917 20056.496
19918 7141.1108
19919 5346.0841
19920 5960.5273
19921 3579.0081
19922 14385.474
19923 19549.527
19924 12907.352
19925 12473.256
19926 13149.939
19927 13842.313
19928 5502.6217
19929 17588.127
19930 10462.18
19931 12331.265
19932 5210.3048
19933 10753.194
19934 19404.713
19935 6693.2602
19936 12327.759
19937 17693.117
19938 6184.113
19939 17579.334
19940 17009.943
19941 16572.187
19942 15981.026
19943 18477.645
19944 17583.273
19945 5489.9265
19946 19620.82
19947 25968.589
19948 15864.203
19949 14360.233
19950 30314.42
19951 11333.299
19952 5804.0892
19953 17556.887
19954 6285.4748
19955 30203.424
19956 33457.103
19957 15674.986
19958 12955.517
19959 16031.291
19960 17287.701
19961 25033.324
19962 8777.1824
19963 14467.055
19964 8103.7495
19965 8060.0903
19966 12108.408
19967 12077.016
19968 41005.755
19969 8509.9369
19970 19667.114
19971 29356.085
19972 12471.828
19973 7913.5756
19974 5467.2878
19975 9423.7501
19976 12072.904
19977 9869.6849
19978 47781.146
19979 12726.63
19980 20475.132
19981 9863.8143
19982 15407.308
19983 8355.0242
19984 10346.679
19985 37079.34
19986 31000.626
19987 27499.959
19988 54866.692
19989 25338.857
19990 26512.735
19991 26559.6
19992 33422.457
19993 17319.698
19994 21148.997
19995 21868.613
19996 5586.553
19997 5717.2378
19998 10099.2
19999 7656.2602
20000 7121.4407
20001 7615.6147
20002 19844.255
20003 17887.02
20004 10035.725
20005 12692.105
20006 13778.368
20007 16118.626
20008 14218.106
20009 6622.4581
20010 10386.783
20011 5229.8076
20012 12634.365
20013 12839.67
20014 5990.2055
20015 11657.071
20016 15872.958
20017 12540.296
20018 6145.2945
20019 11669.5
20020 9560.873
20021 6920.9551
20022 13879.918
20023 9930.0227
20024 7669.9206
20025 16889.619
20026 18942.437
20027 2117.5077
20028 8657.8615
20029 11508.654
20030 11531.368
20031 14690.567
20032 7363.423
20033 10234.483
20034 8356.7272
20035 12948.179
20036 12587.517
20037 10936.33
20038 9380.2309
20039 11164.32
20040 14564.123
20041 26551.051
20042 27826.333
20043 10275.822
20044 30765.834
20045 18853.858
20046 9618.6616
20047 2604.8598
20048 10329.458
20049 5905.0405
20050 1803.9356
20051 7584.0316
20052 16547.646
20053 20232.273
20054 26046.16
20055 12347.022
20056 19559.442
20057 15315.479
20058 11086.982
20059 17833.61
20060 6949.6393
20061 19509.578
20062 37998.124
20063 16814.242
20064 49894.716
20065 31980.458
20066 16478.498
20067 24039.655
20068 22873.218
20069 24652.783
20070 13913.77
20071 6382.9343
20072 5162.843
20073 13415.007
20074 5508.2104
20075 29499.585
20076 12551.355
20077 16294.012
20078 10020.439
20079 15076.954
20080 10668.389
20081 8761.5525
20082 15529.535
20083 9021.9142
20084 7033.3415
20085 19496.216
20086 20923.269
20087 27226.22
20088 10763.511
20089 12799.053
20090 13979.568
20091 9604.6339
20092 6326.0698
20093 19082.213
20094 20791.111
20095 13748.85
20096 16546.131
20097 24679.535
20098 13456.905
20099 12709.324
20100 6130.0195
20101 12753.821
20102 11473.266
20103 17024.717
20104 22082.804
20105 17861.264
20106 15192.234
20107 8384.6696
20108 10498.004
20109 11665.063
20110 15862.38
20111 13400.236
20112 7148.8379
20113 12467.462
20114 17600.335
20115 12622.792
20116 19316.936
20117 9838.5844
20118 8920.8145
20119 11994.354
20120 15043.335
20121 12081.685
20122 13802.317
20123 17122.808
20124 15039.457
20125 56334.245
20126 40138.806
20127 9114.3039
20128 17338.077
20129 13378.238
20130 22796.395
20131 35693.237
20132 23303.679
20133 19224.343
20134 11205.172
20135 18195.636
20136 12933.065
20137 45206.112
20138 27074.633
20139 14483.901
20140 40392.382
20141 19942.593
20142 21025.526
20143 9776.6381
20144 18348.426
20145 21468.827
20146 24117.872
20147 21018.878
20148 12022.335
20149 14783.763
20150 11631.315
20151 12357.245
20152 13081.057
20153 9920.5862
20154 15254.771
20155 20545.478
20156 18796.953
20157 36912.576
20158 18321.998
20159 18373.718
20160 35395.917
20161 3516.0175
20162 6162.5674
20163 9197.2584
20164 14086.487
20165 34793.227
20166 19261.966
20167 9311.7335
20168 6174.4505
20169 3814.7051
20170 8108.3746
20171 19249.897
20172 25985.497
20173 14901.747
20174 51911.368
20175 39960.758
20176 17490.017
20177 37294.977
20178 10524.5
20179 27426.466
20180 16894.33
20181 12295.844
20182 14382.699
20183 10966.069
20184 10292.348
20185 8462.447
20186 15866.947
20187 6995.244
20188 9792.6313
20189 20109.754
20190 16338.978
20191 8733.2106
20192 4211.7769
20193 3899.9581
20194 7920.9483
20195 5068.6681
20196 11054.093
20197 14375.608
20198 12390.098
20199 11574.666
20200 14006.772
20201 15450.072
20202 39706.191
20203 16552.524
20204 11194.233
20205 11600.919
20206 9110.9684
20207 17352.226
20208 15654.669
20209 9340.0047
20210 20107.247
20211 8876.0592
20212 17010.047
20213 18413.998
20214 8655.1943
20215 41526.311
20216 35857.18
20217 22658.484
20218 8298.843
20219 9281.9271
20220 6513.5361
20221 9774.1906
20222 26006.629
20223 26937.756
20224 18228.662
20225 6716.9987
20226 11889.396
20227 6801.3206
20228 9198.8926
20229 10219.659
20230 7413.7871
20231 8253.1124
20232 3865.1975
20233 3420.2509
20234 10961.401
20235 10774.27
20236 15893.354
20237 25826.539
20238 23313.322
20239 11527.05
20240 27144.646
20241 18378.315
20242 19361.851
20243 18128.749
20244 18565.832
20245 13603.688
20246 7244.7946
20247 11523.439
20248 15223.32
20249 23702.875
20250 26157.068
20251 7938.1366
20252 18995.998
20253 20188.491
20254 43719.457
20255 11531.355
20256 41224.925
20257 11840.394
20258 26016.204
20259 22543.73
20260 38089.723
20261 15179.227
20262 21044.182
20263 26337.764
20264 7527.6216
20265 18497.164
20266 14092.622
20267 10950.257
20268 14484.08
20269 4739.8797
20270 7151.0986
20271 22128.762
20272 11050.005
20273 15769.364
20274 5634.1954
20275 14717.359
20276 10511.523
20277 20438.319
20278 19463.401
20279 16812.504
20280 22847.572
20281 4335.6395
20282 11110.692
20283 5267.8621
20284 33672.113
20285 17216.866
20286 31688.044
20287 41960.975
20288 21401.195
20289 19351.446
20290 4925.2821
20291 16153.794
20292 12652.656
20293 7996.5985
20294 16773.745
20295 10978.246
20296 6124.9424
20297 5871.7633
20298 9153.9373
20299 10978.973
20300 16229.245
20301 13629.051
20302 6227.2863
20303 8893.9883
20304 8375.1266
20305 16026.126
20306 13679.663
20307 6259.3145
20308 15903.279
20309 11383.629
20310 22469.277
20311 10799.381
20312 14430.048
20313 9032.7584
20314 6774.9746
20315 5746.3515
20316 13827.563
20317 16344.843
20318 28236.233
20319 18945.988
20320 42109.85
20321 34732.863
20322 10308.353
20323 70425.24
20324 47352.651
20325 25856.409
20326 14484.471
20327 21696.045
20328 20413.331
20329 11419.544
20330 14861.701
20331 14818.455
20332 11415.984
20333 10275.374
20334 5819.5304
20335 6040.4383
20336 9665.2355
20337 13026.279
20338 18081.659
20339 17826.868
20340 36724.301
20341 61539.13
20342 455633.57
20343 1662117.2
20344 781521.21
20345 739547.48
20346 500296.55
20347 124454.23
20348 0
20349 140.96492
20350 5782.9244
20351 18365.231
20352 20458.49
20353 16251.923
20354 6407.4092
20355 5491.3544
20356 11469.965
20357 6357.7666
20358 4615.0089
20359 4789.7074
20360 4790.5074
20361 6073.3701
20362 11889.198
20363 3766.3894
20364 8095.9568
20365 17930.368
20366 14991.57
20367 8848.6519
20368 9342.4244
20369 11414.611
20370 12683.755
20371 5894.8189
20372 11184.499
20373 10512.737
20374 9036.4989
20375 8998.1593
20376 13273.938
20377 22052.634
20378 25145.364
20379 19641.905
20380 13688.647
20381 25540.136
20382 28946.572
20383 18477.706
20384 15893.366
20385 29724.133
20386 11687.291
20387 20151.242
20388 16840.133
20389 9918.1156
20390 4931.93
20391 7414.3949
20392 8749.1802
20393 6953.9237
20394 6529.04
20395 5860.9665
20396 13726.854
20397 6116.5203
20398 14442.344
20399 7044.5854
20400 5542.1209
20401 10943.936
20402 14312.039
20403 7920.0846
20404 12492.951
20405 8477.3857
20406 13448.367
20407 13061.865
20408 13564.493
20409 7374.81
20410 7704.2667
20411 7798.061
20412 15569.088
20413 15248.139
20414 14879.796
20415 25582.556
20416 11505.149
20417 12392.751
20418 25430.487
20419 16548.097
20420 5536.219
20421 14137.034
20422 15337.523
20423 21808.572
20424 20012.296
20425 17073.666
20426 20077.655
20427 27507.106
20428 29326.611
20429 33754.702
20430 24616.624
20431 17997.198
20432 22898.656
20433 19231.104
20434 11812.882
20435 5600.7312
20436 4368.4811
20437 7911.7387
20438 5271.9486
20439 8575.2763
20440 12125.948
20441 9619.6449
20442 15708.14
20443 19237.211
20444 6160.3134
20445 11313.228
20446 11550.18
20447 12656.589
20448 13072.414
20449 10116.203
20450 8623.7164
20451 19967.153
20452 19232.469
20453 21232.428
20454 25435.662
20455 14307.787
20456 18201.82
20457 10231.523
20458 6787.7998
20459 5890.243
20460 11220.546
20461 12416.743
20462 10282.936
20463 7463.2835
20464 8858.5049
20465 6730.5528
20466 6306.7675
20467 5392.5356
20468 10573.972
20469 29736.456
20470 17527.862
20471 13150.826
20472 8978.5785
20473 9989.0437
20474 11238.38
20475 19694.864
20476 17623.088
20477 4503.7919
20478 7963.8752
20479 9703.212
20480 17802.902
20481 30202.452
20482 25599.242
20483 10829.03
20484 8898.0966
20485 12606
20486 9924.8902
20487 6802.5913
20488 5185.3968
20489 8068.6158
20490 5135.0074
20491 6295.065
20492 14930.386
20493 16935.771
20494 14818.533
20495 5788.1187
20496 12052.029
20497 10906.605
20498 9541.5137
20499 11361.252
20500 12692.889
20501 18111.574
20502 12357.581
20503 25051.881
20504 9169.0516
20505 5478.3077
20506 9708.7026
20507 7868.151
20508 13817.496
20509 6624.4017
20510 14843.45
20511 26988.803
20512 32747.613
20513 15076.12
20514 7537.8954
20515 8903.6452
20516 14051.738
20517 17501.769
20518 10315.352
20519 17124.021
20520 20849.713
20521 17673.314
20522 14129.365
20523 26167.804
20524 23600.84
20525 9148.4781
20526 6001.4695
20527 7356.5149
20528 7099.9616
20529 15643.471
20530 27966.049
20531 14138.26
20532 12768.748
20533 13630.102
20534 5134.4699
20535 14969.023
20536 14842.608
20537 5112.0805
20538 6907.341
20539 13646.843
20540 8463.0008
20541 9332.5175
20542 11065.309
20543 7595.6026
20544 13305.929
20545 9240.1842
20546 15607.297
20547 11063.308
20548 10931.672
20549 9888.3411
20550 9108.0421
20551 6969.6875
20552 7518.7986
20553 12538.904
20554 14569.264
20555 8038.7909
20556 8116.2929
20557 3640.3943
20558 12016.933
20559 8218.2306
20560 17318.136
20561 22524.623
20562 15507.228
20563 12587.635
20564 4891.642
20565 9202.0352
20566 10168.226
20567 16448.557
20568 20360.901
20569 11698.172
20570 8226.2372
20571 12736.559
20572 17228.53
20573 11026.59
20574 4527.7707
20575 6350.0972
20576 10960.922
20577 7905.885
20578 6363.3164
20579 7051.3323
20580 13130.683
20581 21284.646
20582 34839.026
20583 771083.58
20584 2012089.7
20585 1138175.2
20586 976440.67
20587 449346.11
20588 121794.32
20589 124612.6
20590 0
20591 60.0792
20592 1521.438
20593 3282.1554
20594 2037.2134
20595 25241.549
20596 14005.63
20597 18402.497
20598 32925.099
20599 50737.978
20600 13448.541
20601 13732.894
20602 15043.739
20603 16784.699
20604 16440.079
20605 14710.128
20606 2775.9839
20607 51117.279
20608 17742.642
20609 13349.995
20610 57559.576
20611 6646.183
20612 26470.779
20613 11043.255
20614 19302.447
20615 16917.121
20616 9679.9107
20617 14327.825
20618 9117.3482
20619 7537.308
20620 14800.65
20621 8627.5477
20622 6685.6339
20623 5391.1074
20624 7342.0409
20625 11565.466
20626 6729.3076
20627 7993.9426
20628 9296.1629
20629 6750.7259
20630 9140.2825
20631 12429.481
20632 8931.0845
20633 9668.9547
20634 16220.862
20635 9789.574
20636 25849.398
20637 17827.059
20638 15310.246
20639 11194.132
20640 17909.754
20641 16406.76
20642 16334.739
20643 11974.603
20644 8353.9533
20645 17457.367
20646 9790.1956
20647 19271.911
20648 24660.158
20649 11211.362
20650 8815.2746
20651 13744.681
20652 22620.839
20653 20482.809
20654 11820.364
20655 10236.949
20656 6071.8736
20657 7539.5095
20658 4737.5176
20659 8100.5908
20660 10285.268
20661 10861.002
20662 6940.3994
20663 8855.4645
20664 8293.4236
20665 6022.5636
20666 7388.8845
20667 8169.3609
20668 9888.4936
20669 12040.7
20670 5927.1112
20671 10781.28
20672 9897.004
20673 7964.0809
20674 9262.254
20675 12103.787
20676 7072.3736
20677 5885.9673
20678 7936.7492
20679 10330.794
20680 6916.6467
20681 13706.647
20682 11368.432
20683 17210.541
20684 26624.736
20685 6116.5675
20686 14215.654
20687 11002.206
20688 10802.086
20689 11856.906
20690 7015.7707
20691 21060.157
20692 10618.313
20693 15269.202
20694 9027.5336
20695 8602.4449
20696 10068.909
20697 4811.3039
20698 8029.8681
20699 11598.005
20700 13537.675
20701 9669.3443
20702 8149.5936
20703 23304.42
20704 10833.271
20705 8109.2015
20706 6407.6513
20707 5342.4064
20708 6734.4376
20709 7572.4068
20710 10839.725
20711 8377.9348
20712 10742.163
20713 13335.203
20714 18619.864
20715 17634.921
20716 12098.464
20717 7414.845
20718 6048.0834
20719 5346.2345
20720 4999.7421
20721 10113.813
20722 8355.6735
20723 6270.809
20724 12119.668
20725 10844.45
20726 5017.7439
20727 7023.5069
20728 11410.852
20729 9054.1709
20730 5265.8666
20731 5246.6399
20732 5044.2701
20733 6962.096
20734 7863.2709
20735 9226.3938
20736 5521.3545
20737 14561.991
20738 8361.0053
20739 8941.4635
20740 5569.0562
20741 3673.3859
20742 6802.1075
20743 6267.6616
20744 5631.5191
20745 10760.606
20746 8301.29
20747 10733.558
20748 6905.8194
20749 7002.0019
20750 5005.0685
20751 10005.743
20752 11432.327
20753 13355.798
20754 16959.289
20755 12020.052
20756 11838.281
20757 4031.2903
20758 6584.4542
20759 8976.854
20760 2880.9603
20761 5004.044
20762 6393.3036
20763 7980.1665
20764 11044.657
20765 13175.595
20766 5783.6668
20767 8381.9356
20768 8498.6112
20769 16449.757
20770 3570.1914
20771 8539.2887
20772 13605.024
20773 9556.6342
20774 10538.375
20775 14224.114
20776 9877.9078
20777 8664.4551
20778 6494.8219
20779 13999.553
20780 10024.444
20781 9980.8722
20782 8823.4992
20783 7272.6406
20784 6756.3427
20785 4756.4062
20786 7671.0045
20787 10310.081
20788 8534.1749
20789 9274.8724
20790 6748.0026
20791 2754.3362
20792 8519.4843
20793 13691.194
20794 10815.571
20795 12181.66
20796 8168.432
20797 6813.832
20798 4562.6244
20799 3395.8018
20800 5860.6803
20801 12969.049
20802 14444.537
20803 3474.0655
20804 5639.1087
20805 33963.956
20806 45994.65
20807 22236.706
20808 7915.1712
20809 7010.642
20810 8286.7016
20811 9172.8696
20812 17762.887
20813 16734.04
20814 16870.299
20815 14877.054
20816 8397.7169
20817 9477.9848
20818 8189.1149
20819 6426.0548
20820 13183.863
20821 12016.546
20822 5691.2398
20823 16959.441
20824 17384.183
20825 13287.779
20826 12980.573
20827 15579.203
20828 14358.751
20829 5840.6229
20830 12230.068
20831 25722.844
20832 24457.791
20833 38412.362
20834 17445.9
20835 22407.777
20836 15388.349
20837 21302.262
20838 19642.472
20839 8009.3067
20840 5151.7886
20841 7154.6217
20842 7326.1555
20843 4484.5215
20844 14542.32
20845 9254.865
20846 9270.1183
20847 10482.259
20848 9663.172
20849 12466.522
20850 6296.2439
20851 10859.803
20852 12906.377
20853 6149.5733
20854 22597.09
20855 18804.17
20856 7613.0624
20857 18494.301
20858 20175.222
20859 8994.9848
20860 9266.6852
20861 5652.3634
20862 14135.761
20863 11795.323
20864 6234.0694
20865 13469.854
20866 11468.426
20867 3990.5009
20868 6838.1778
20869 5581.9739
20870 3641.6168
20871 7954.6567
20872 12040.178
20873 5968.094
20874 7665.9635
20875 13304.53
20876 14401.815
20877 9335.2782
20878 29466.276
20879 27885.908
20880 13557.554
20881 15811.554
20882 64597.786
20883 44288.254
20884 8129.111
20885 12794.865
20886 14082.547
20887 12805.095
20888 16130.6
20889 14163.246
20890 7470.3732
20891 6635.938
20892 4687.4329
20893 9985.5598
20894 23576.238
20895 23154.53
20896 8686.1417
20897 8531.2354
20898 10385.464
20899 6755.465
20900 7812.4543
20901 11210.406
20902 10197.85
20903 12207.439
20904 10626.666
20905 15187.111
20906 9878.5419
20907 10333.089
20908 14461.858
20909 8823.7784
20910 8158.9585
20911 4332.1562
20912 4428.073
20913 4221.0257
20914 15800.118
20915 17543.544
20916 8064.6574
20917 6264.5453
20918 7143.7029
20919 18563.863
20920 27745.388
20921 25837
20922 18416.324
20923 15328.065
20924 15160.692
20925 17912.418
20926 14808.947
20927 3823.8379
20928 10192.362
20929 12569.209
20930 11482.744
20931 7157.3824
20932 8799.1159
20933 4279.101
20934 8041.0628
20935 12254.802
20936 16601.346
20937 28605.505
20938 15270.06
20939 4928.5975
20940 6967.9423
20941 7421.8216
20942 4640.3052
20943 4930.1878
20944 7741.5082
20945 8649.9843
20946 5446.9142
20947 6308.814
20948 4452.5883
20949 5851.3762
20950 7306.579
20951 8054.4759
20952 8762.7275
20953 3057.4556
20954 2900.8019
20955 5679.4207
20956 5223.6051
20957 4123.1768
20958 8372.8714
20959 3990.4542
20960 4079.681
20961 4813.0165
20962 4894.2515
20963 7927.5269
20964 4394.2037
20965 7259.7028
20966 4650.9568
20967 4613.3767
20968 7840.7248
20969 8693.7858
20970 8450.0306
20971 4925.2001
20972 8405.0158
20973 10097.828
20974 10427.205
20975 7534.913
20976 20709.114
20977 33893.559
20978 27487.23
20979 20448.518
20980 17879.943
20981 8743.8636
20982 21117.346
20983 25610.081
20984 18586.348
20985 6972.1315
20986 15426.387
20987 16814.062
20988 6173.3887
20989 3890.1778
20990 8020.1678
20991 7899.2175
20992 4890.2276
20993 2098.522
20994 2455.3677
20995 3575.8419
20996 3416.2148
20997 4500.3332
20998 7310.0844
20999 7037.608
21000 5760.6915
21001 3330.8893
21002 4180.0395
21003 2140.2264
21004 7215.2517
21005 7925.6978
21006 19499.182
21007 21712.402
21008 5110.8234
21009 5873.5833
21010 6664.1557
21011 3832.3522
21012 4044.082
21013 5913.521
21014 8480.6806
21015 3714.1976
21016 2086.6462
21017 6249.7543
21018 8769.2552
21019 11049.759
21020 12563.037
21021 13910.658
21022 5613.9067
21023 10491.174
21024 4402.0172
21025 3270.7397
21026 4402.9051
21027 6403.0414
21028 9009.0042
21029 11040.793
21030 12176.102
21031 12106.262
21032 5843.2544
21033 14764.491
21034 2345.6688
21035 9479.263
21036 14137.826
21037 3932.8167
21038 10535.328
21039 5603.1594
21040 10618.817
21041 10247.756
21042 17390.352
21043 8884.1879
21044 49920.68
21045 64048.617
21046 55267.868
21047 55964.002
21048 5853.0373
21049 8478.0768
21050 7046.7231
21051 16562.421
21052 9508.427
21053 3206.8272
21054 3245.5207
21055 3924.1061
21056 5638.6093
21057 6504.5172
21058 3329.6192
21059 9125.7791
21060 7963.5503
21061 16586.71
21062 10400.618
21063 4205.3621
21064 6629.3274
21065 6603.3704
21066 4618.8939
21067 6205.5719
21068 3252.2942
21069 5914.9384
21070 5005.26
21071 10613.693
21072 8392.0062
21073 10741.825
21074 9355.2081
21075 6381.5148
21076 22219.748
21077 3279.1352
21078 6985.4222
21079 14289.342
21080 3273.1237
21081 12323.967
21082 3606.0129
21083 7855.5227
21084 3502.3837
21085 4768.1242
21086 4680.4045
21087 3916.0714
21088 15237.991
21089 4611.6397
21090 13856.684
21091 4489.3135
21092 12169.035
21093 3922.1046
21094 16148.157
21095 7319.8453
21096 6172.3313
21097 4799.2915
21098 5140.2561
21099 12183.475
21100 3756.555
21101 12486.306
21102 9434.523
21103 13854.819
21104 4612.8451
21105 19981.568
21106 21523.163
21107 8004.4539
21108 4481.6747
21109 30440.858
21110 33893.63
21111 35365.041
21112 31735.862
21113 3915.3871
21114 5400.1635
21115 3606.3147
21116 3148.2039
21117 3020.3594
21118 5788.5919
21119 4271.1945
21120 3366.569
21121 4182.1546
21122 9096.1848
21123 6146.1416
21124 12764.717
21125 8241.267
21126 8332.4394
21127 8873.3364
21128 6226.4525
21129 9562.8439
21130 33098.613
21131 183181.74
21132 673264.71
21133 883668.11
21134 650272.25
21135 142268.1
21136 127209.8
21137 123632.7
21138 0
21139 182611.89
21140 105447.28
21141 128011.67
21142 40700.273
21143 2805.5042
21144 130286.35
21145 27587.78
21146 25188.063
21147 10002.778
21148 12137.819
21149 40605.573
21150 140262.9
21151 153595.75
21152 88248.079
21153 28428.218
21154 21700.463
21155 2033.6228
21156 4301.316
21157 5891.9174
21158 10560.392
21159 78010.099
21160 67201.385
21161 10212.975
21162 23695.443
21163 21399.459
21164 3338.4413
21165 46852.119
21166 22541.149
21167 38301.503
21168 12303.432
21169 32723.061
21170 43166.055
21171 57994.099
21172 14206.949
21173 127817.63
21174 129783.2
21175 133182.82
21176 104817.71
21177 124721.81
21178 78809.565
21179 126694.86
21180 43304.826
21181 131553.16
21182 12091.253
21183 126082.41
21184 74626.047
21185 83359.36
21186 47144.703
21187 47113.363
21188 3418.382
21189 9818.7226
21190 3771.0419
21191 2523.0344
21192 2360.6164
21193 5333.2989
21194 4403.5988
21195 3183.8612
21196 4465.6701
21197 59707.397
21198 112157.35
21199 124385.79
21200 521660.4
21201 659846.02
21202 123983.99
21203 4550.5261
21204 130174.09
21205 235034.78
21206 215347.83
21207 123277.93
21208 101944.35
21209 260882.57
21210 339702.72
21211 411283.4
21212 113947.98
21213 67701.908
21214 192197.31
21215 285552.83
21216 484369.27
21217 94381.383
21218 28148.781
21219 148818.07
21220 45604.093
21221 155693.88
21222 343223.96
21223 143715.79
21224 282014.26
21225 575517.63
21226 545626.2
21227 216370.17
21228 287632.36
21229 887629.7
21230 701647.9
21231 149464.3
21232 408483.73
21233 1330295.4
21234 903670.88
21235 132673.01
21236 119207.3
21237 482040.69
21238 713161.77
21239 24889.952
21240 119393.3
21241 134274.68
21242 148344.56
21243 92706.71
21244 124116.98
21245 9479.73
21246 81498.898
21247 39636.303
21248 17466.64
21249 3255.5243
21250 3134.3077
21251 21057.66
21252 6135.4025
21253 16732.643
21254 28960.026
21255 44224.028
21256 65686.214
21257 72570.035
21258 50091.437
21259 88046.869
21260 22378.597
21261 136101.43
21262 47303.066
21263 260632.13
21264 136227.92
21265 128270.24
21266 54791.854
21267 40434.682
21268 64775.464
21269 9816.4929
21270 69376.593
21271 6681.6386
21272 33592.863
21273 21953.76
21274 8062.4026
21275 23288.132
21276 65388.559
21277 2812.4016
21278 125851.82
21279 3163.9956
21280 123921.57
21281 14518.746
21282 133854.98
21283 54157.476
21284 66186.214
21285 120230.75
21286 2672.8096
21287 99844.623
21288 48780.163
21289 31366.803
21290 57732.573
21291 16976.714
21292 13350.435
21293 5400.6358
21294 8248.6673
21295 97909.161
21296 2623.8365
21297 62409.99
21298 3341.6495
21299 13916.208
21300 1559.6516
21301 3437.2064
21302 4737.5022
21303 3383.8282
21304 2915.9581
21305 3028.0161
21306 29483.534
21307 25676.865
21308 25012.685
21309 80550.05
21310 54063.205
21311 21865.909
21312 41352.643
21313 2381.0581
21314 966.49647
21315 5265.4507
21316 9739.4283
21317 4271.7816
21318 1413.7318
21319 13475.433
21320 9904.4734
21321 43635.325
21322 101330.19
21323 5956.844
21324 59828.571
21325 35003.56
21326 19675.052
21327 125580.81
21328 433665.01
21329 479596.94
21330 1632248.8
21331 1694772.6
21332 1072220.1
21333 127719.75
21334 107482.05
21335 63186.651
21336 32355.836
21337 15241.522
21338 16257.187
21339 10360.973
21340 6911.3642
21341 3541.802
21342 1254.8674
21343 2083.5595
21344 1428.0246
21345 1384.4622
21346 1123.9702
21347 2214.9627
21348 1973.3075
21349 1616.1076
21350 5997.7013
21351 7419.7775
21352 7301.5417
21353 7314.5347
21354 2768.4231
21355 11574.861
21356 7522.8181
21357 19128.694
21358 110143.2
21359 175564.36
21360 129903.89
21361 105298.59
21362 1697.9861
21363 5427.9162
21364 3938.6139
21365 1815.4995
21366 178541.54
21367 83827.105
21368 69322.193
21369 51699.841
21370 264933.52
21371 141816.44
21372 71103.773
21373 57286.521
21374 43365.948
21375 49607.829
21376 44543.514
21377 74745.463
21378 31889.765
21379 83209.388
21380 57009.67
21381 141183.18
21382 187902.99
21383 148937.59
21384 170612.8
21385 154505.64
21386 162950.68
21387 211315.43
21388 254869.46
21389 127137.71
21390 61216.842
21391 73177.303
21392 804.44472
21393 16578.217
21394 35547.479
21395 24253.091
21396 16893.579
21397 3507.9361
21398 69522.655
21399 98791.847
21400 139699.19
21401 567.845
21402 0
21403 216099.63
21404 124619.75
21405 139971.5
21406 0
21407 267641.79
21408 128595.39
21409 147473.99
21410 45181.937
21411 59403.079
21412 243305.07
21413 127952.53
21414 146646.28
21415 13713.857
21416 207000.78
21417 118564.71
21418 120781.91
21419 424363.87
21420 295306.32
21421 49400.075
21422 157297.59
21423 125453.04
21424 364893.08
21425 377626.02
21426 132027.14
21427 288663.79
21428 1313590.6
21429 1272586.2
21430 121602.07
21431 121990.69
21432 69148.762
21433 45583.936
21434 35989.269
21435 27675.808
21436 17556.512
21437 27913.196
21438 13387.763
21439 37196.202
21440 36008.622
21441 65752.119
21442 18949.397
21443 2889.921
21444 0
21445 0
21446 0
21447 0
21448 0
21449 0
21450 0
21451 0
21452 0
21453 0
21454 3020.3677
21455 5209.7307
21456 12438.783
21457 10480.443
21458 83939.005
21459 31256.975
21460 137897.88
21461 61379.938
21462 223007.51
21463 88190.294
21464 79726.968
21465 44826.029
21466 21529.819
21467 47400.574
21468 19123.592
21469 7947.2244
21470 2539.0189
21471 14.878785
21472 18.334207
21473 19.867912
21474 79.180966
21475 56.939724
21476 14.134435
21477 1.7741944
21478 2033.5149
21479 31024.061
21480 29263.917
21481 5352.6959
21482 33627.502
21483 29524.338
21484 5469.9273
21485 64342.235
21486 142062.01
21487 137799.5
21488 245015.45
21489 329005.72
21490 63431.725
21491 61639.154
21492 19526
21493 16055.18
21494 22294.776
21495 4999.9921
21496 12204.45
21497 14707.257
21498 5912.1216
21499 202.63862
21500 62.37181
21501 1968.1801
21502 10157.217
21503 25556.047
21504 9419.774
21505 18902.583
21506 8503.2691
21507 38760.46
21508 25034.654
21509 21346.533
21510 3674.301
21511 11981.136
21512 14036.675
21513 9141.3531
21514 8202.6111
21515 9107.4765
21516 8056.9859
21517 329.87657
21518 5222.4833
21519 5731.3888
21520 31.945557
21521 34.924021
21522 4529.602
21523 5487.0044
21524 588.245
21525 26569.25
21526 52342.25
21527 131662.6
21528 99609.596
21529 88188.82
21530 53087.863
21531 32847.893
21532 148900.57
21533 77550.436
21534 131132.15
21535 22420.676
21536 153070.85
21537 39588.622
21538 57530.295
21539 7548.0005
21540 15592.376
21541 89386.317
21542 54838.716
21543 37683.645
21544 1462.1142
21545 1251.9794
21546 67.149377
21547 0
21548 0
21549 0
21550 0
21551 494.50524
21552 2879.5273
21553 36109.947
21554 27692.997
21555 21568.954
21556 40105.355
21557 57548.564
21558 92953.376
21559 22698.372
21560 20312.54
21561 16471.3
21562 11570.373
21563 302.60029
21564 197.47925
21565 215.63252
21566 106.67196
21567 55.487773
21568 131.01296
21569 45.221726
21570 104.63704
21571 71.243164
21572 0.125
21573 81.796308
21574 81.796308
21575 0
21576 1769.5697
21577 85321.078
21578 72960.961
21579 9312.4803
21580 23200.743
21581 23555.559
21582 703.83366
21583 407.92847
21584 4933.6028
21585 1564.2537
21586 4934.319
21587 184.76765
21588 293.90992
21589 1172.1546
21590 4044.6582
21591 21417.025
21592 7186.4424
21593 35119.182
21594 4994.0944
21595 3735.9038
21596 6292.5749
21597 6066.9729
21598 10801.962
21599 8548.9481
21600 16308.959
21601 55770.078
21602 13832.953
21603 7676.9363
21604 11610.875
21605 17929.315
21606 117713.82
21607 49305.362
21608 32819.767
21609 34295.369
21610 4301.4806
21611 4951.0654
21612 43019.267
21613 28480.839
21614 33292.753
21615 45.07964
21616 0
21617 0
21618 373.4198
21619 3022.6467
21620 4091.889
21621 22408.828
21622 22134.679
21623 19553.454
21624 17807.071
21625 24009.409
21626 9686.6709
21627 98927.357
21628 217157.2
21629 273128.82
21630 80932.189
21631 148416.63
21632 91679.24
21633 51832.46
21634 15342.007
21635 70038.772
21636 67035.35
21637 55941.229
21638 7244.6545
21639 4698.3511
21640 81.777669
21641 250.48982
21642 237.86296
21643 78.218604
21644 48.190013
21645 12218.505
21646 12759.956
21647 463.0666
21648 0
21649 0
21650 341.02094
21651 10156.468
21652 10017.985
21653 7943.5877
21654 23186.378
21655 26765.444
21656 113015.38
21657 136575.76
21658 132357.31
21659 144780.12
21660 138698.87
21661 125225.33
21662 218311.91
21663 59740.112
21664 66789.198
21665 52204.885
21666 11840.326
21667 558.6137
21668 32152.222
21669 30696.039
21670 112.75944
21671 9.245
21672 0
21673 4983.2861
21674 4983.2861
21675 0
21676 161.06079
21677 255.84015
21678 5338.3816
21679 10163.001
21680 42207.862
21681 22761.822
21682 8675.5509
21683 24499.365
21684 11816.912
21685 21664.989
21686 2260.3854
21687 7019.0425
21688 6243.0011
21689 44.233268
21690 75.52088
21691 57.43827
21692 99.899595
21693 9656.4753
21694 49123.228
21695 43580.206
21696 48574.969
21697 48408.788
21698 4959.1219
21699 17862.517
21700 13821.062
21701 85327.551
21702 50502.734
21703 14717.963
21704 29950.179
21705 43484.018
21706 362339.8
21707 264872.76
21708 16199.559
21709 35515.241
21710 914.87194
21711 1261.3367
21712 1548.2421
21713 797.36573
21714 4273.403
21715 3480.3924
21716 117.12083
21717 186.71511
21718 251.76056
21719 138.25235
21720 2
21721 0
21722 15926.305
21723 4857.0665
21724 10687.621
21725 0
21726 5193.4499
21727 10922.964
21728 18337.276
21729 27551.448
21730 8656.4643
21731 52743.51
21732 73587.156
21733 32888.102
21734 39906.559
21735 43568.607
21736 17764.258
21737 58209.338
21738 117813.35
21739 81897.387
21740 86009.202
21741 25643.614
21742 27021.056
21743 1815.9379
21744 61.095741
21745 35296.39
21746 75354.899
21747 144550.47
21748 13768.341
21749 47866.004
21750 4987.1576
21751 2.42
21752 0
21753 0
21754 8850.6294
21755 8850.6294
21756 2660.6362
21757 12119.239
21758 5723.0214
21759 1988.852
21760 9891.964
21761 15358.786
21762 41379.904
21763 53298.171
21764 47512.744
21765 133654.63
21766 14720.017
21767 77726.719
21768 44370.476
21769 39259.45
21770 77165.391
21771 70895.848
21772 46368.407
21773 57243.295
21774 47146.666
21775 7702.8208
21776 23764.388
21777 10712.392
21778 6743.0279
21779 25543.158
21780 6629.7034
21781 64582.323
21782 212663.62
21783 153744.87
21784 18518.208
21785 9455.4676
21786 0
21787 0
21788 0
21789 23729.565
21790 23827.5
21791 14394.556
21792 21691.624
21793 30618.497
21794 121323.72
21795 28267.811
21796 25625.507
21797 7942.4513
21798 4653.7186
21799 2389.204
21800 90045.363
21801 36271.418
21802 48679.113
21803 7659.1526
21804 137.01323
21805 1.3750008
21806 1.125
21807 0
21808 0
21809 52582.383
21810 106276.42
21811 20060.717
21812 36710.061
21813 99888.967
21814 176926.22
21815 86227.208
21816 164194.98
21817 181848.44
21818 330280.3
21819 346977.29
21820 97639.847
21821 107841.51
21822 101234.59
21823 45637.637
21824 14561.369
21825 47503.376
21826 54980.613
21827 109152.8
21828 121588.8
21829 13600.302
21830 39103.548
21831 89494.801
21832 55762.693
21833 0
21834 8272.9358
21835 8272.4688
21836 348.28434
21837 41349.95
21838 36864.198
21839 111912.64
21840 5537.0959
21841 79264.515
21842 68517.956
21843 82339.98
21844 23295.592
21845 5338.9286
21846 5353.0366
21847 5021.4673
21848 119.13697
21849 0.245
21850 0
21851 26696.901
21852 1807.542
21853 19625.015
21854 2288.9494
21855 3739.3427
21856 23943.566
21857 53660.877
21858 89583.389
21859 58244.252
21860 20356.614
21861 18183.955
21862 18450.743
21863 14474.019
21864 15149.022
21865 14609.171
21866 76223.837
21867 68150.752
21868 18135.31
21869 23364.589
21870 13542.388
21871 31713.422
21872 90057.763
21873 69026.621
21874 44650.42
21875 4171.9605
21876 17289.214
21877 15851.438
21878 106629.97
21879 52695.343
21880 126722.52
21881 35711.57
21882 73846.82
21883 113449.87
21884 145051.08
21885 47777.346
21886 19611.966
21887 19970.528
21888 17.431497
21889 0
21890 597936.11
21891 1098790.1
21892 781903.94
21893 225411.72
21894 48237.901
21895 53810.845
21896 68390.617
21897 46402.887
21898 21395.606
21899 7335.5666
21900 1367.1225
21901 38.62514
21902 45.166205
21903 5.8414163
21904 0
21905 0
21906 24520.487
21907 20426.953
21908 5941.4853
21909 42583.049
21910 35682.807
21911 55828.017
21912 31411.271
21913 22575.696
21914 3318.3188
21915 3328.3491
21916 1941.2517
21917 209.59086
21918 62.170414
21919 8.4898001
21920 0
21921 86.83379
21922 106.15756
21923 1692.6936
21924 8887.0327
21925 12972.281
21926 22823.375
21927 25727.382
21928 14539.032
21929 13224.867
21930 5865.9513
21931 2618.9583
21932 109.13074
21933 0
21934 0
21935 0
21936 0
21937 9571.1606
21938 35538.592
21939 34025.929
21940 17728.042
21941 6805.1233
21942 2525.7054
21943 829.9148
21944 44.338277
21945 1489.4423
21946 36872.047
21947 4597.9321
21948 72812.603
21949 35187.85
21950 46648.351
21951 13572.632
21952 71350.037
21953 45848.195
21954 31684.954
21955 13949.724
21956 73317.738
21957 38428.804
21958 31099.419
21959 36497.517
21960 36497.517
21961 0
21962 698.20467
21963 15409.19
21964 207891.35
21965 99286.067
21966 67331.253
21967 21902.384
21968 26144.922
21969 1269.5092
21970 47.706853
21971 114.43919
21972 87.921241
21973 0.97740125
21974 0
21975 0
21976 0
21977 0
21978 2578.8008
21979 2722.9369
21980 8524.2422
21981 8301.5875
21982 7051.5472
21983 17688.343
21984 9392.7908
21985 5844.1284
21986 1414.5656
21987 4656.1949
21988 18517.54
21989 18070.137
21990 5247.4559
21991 822.67689
21992 0
21993 6115.0658
21994 45434.528
21995 10432.94
21996 137454.12
21997 61462.327
21998 54637.897
21999 55930.159
22000 42518.526
22001 10570.573
22002 19533.921
22003 16331.027
22004 989.553
22005 28.19881
22006 69.339573
22007 51.216778
22008 6.8408926
22009 0
22010 0
22011 0
22012 0
22013 0
22014 0
22015 0
22016 40.741105
22017 3164.0048
22018 11522.367
22019 10902.469
22020 7503.0428
22021 11084.521
22022 12707.235
22023 11448.544
22024 5838.2509
22025 272.15116
22026 41.272023
22027 13.170236
22028 35.203298
22029 54.37978
22030 39.435529
22031 8.1895504
22032 0
22033 0
22034 0
22035 0
22036 0
22037 84.391133
22038 4422.4588
22039 20084.572
22040 20908.011
22041 57925.187
22042 38276.043
22043 19028.252
22044 6655.2032
22045 10865.674
22046 12421.9
22047 7047.8477
22048 9304.7684
22049 71.182103
22050 35.17853
22051 0
22052 0
22053 0
22054 0
22055 0
22056 76.689043
22057 11374.722
22058 19534.304
22059 9750.9606
22060 7957.9096
22061 7128.3242
22062 7235.3991
22063 50374.022
22064 118522.35
22065 193815.44
22066 77772.633
22067 171773.68
22068 42717.685
22069 14103.743
22070 11573.573
22071 11156.336
22072 130.70307
22073 0.65451371
22074 0
22075 0
22076 0
22077 15612.848
22078 6733.4564
22079 24119.56
22080 2856.471
22081 6994.9758
22082 20447.97
22083 127392.12
22084 77758.407
22085 78779.72
22086 6589.0594
22087 18694.358
22088 14144.274
22089 3210.0219
22090 79412.148
22091 53368.687
22092 121679.61
22093 237754.17
22094 149021.22
22095 150812.06
22096 0
22097 3752.4981
22098 27134.476
22099 8973.5818
22100 5738.5834
22101 11080.281
22102 10073.042
22103 9297.8562
22104 15409.263
22105 11116.206
22106 7845.0613
22107 10334.342
22108 19928.943
22109 14947.937
22110 3825.1509
22111 1178.4649
22112 52791.972
22113 46355.456
22114 135548.32
22115 124127.59
22116 0
22117 0
22118 916.49875
22119 4525.8981
22120 1601.7953
22121 8022.0977
22122 10084.865
22123 7499.9918
22124 17725.103
22125 7112.9571
22126 15762.418
22127 24248.753
22128 26340.893
22129 91309.118
22130 89595.299
22131 231964.91
22132 341155.38
22133 540737.45
22134 887341.96
22135 443181.78
22136 124622.22
22137 0
22138 70.382959
22139 1553.1814
22140 7844.56
22141 14697.559
22142 8196.1909
22143 76847.736
22144 60435.798
22145 244900.89
22146 772821.71
22147 576246.08
22148 257524.34
22149 123566.79
22150 0
22151 372.43196
22152 1904.4376
22153 25438.309
22154 48088.599
22155 14636.414
22156 3278.6522
22157 1347.4848
22158 681.15033
22159 81.143918
22160 4.3579208
22161 0
22162 0
22163 0
22164 0
22165 0
22166 0
22167 0
22168 0
22169 2336.5229
22170 9814.6641
22171 10336.654
22172 30880.199
22173 70232.519
22174 192286.88
22175 1178329
22176 756086.41
22177 75980.557
22178 34943.853
22179 32752.701
22180 10097.262
22181 170425.15
22182 152230.12
22183 36153.273
22184 112447.14
22185 82176.56
22186 22981.724
22187 1.125
22188 0
22189 74134.491
22190 74134.491
22191 0
22192 0
22193 0
22194 0
22195 0
22196 1073.0044
22197 1383.7887
22198 10255.277
22199 12278.197
22200 7217.2707
22201 21592.69
22202 23448.313
22203 23831.634
22204 23240.936
22205 11910.246
22206 8162.7733
22207 4229.059
22208 3444.7367
22209 354262.23
22210 327932.37
22211 71665.555
22212 9932.9369
22213 23018.62
22214 771.48908
22215 9571.569
22216 34234.495
22217 41842.721
22218 23464.106
22219 12019.623
22220 97947.217
22221 79038.165
22222 7908.8781
22223 15221.068
22224 18938.387
22225 5741.2582
22226 13798.678
22227 21193.045
22228 12138.796
22229 11509.725
22230 23591.643
22231 12861.12
22232 62.275735
22233 32.148805
22234 21.76251
22235 24.197089
22236 63.798846
22237 45.43482
22238 3.8222371
22239 0
22240 0
22241 0
22242 0
22243 0
22244 0
22245 15.68
22246 830.61539
22247 893.00474
22248 4485.7099
22249 5729.0039
22250 4497.7864
22251 8717.1586
22252 9535.3947
22253 8130.6103
22254 10602.356
22255 18615.258
22256 19691.978
22257 16530.302
22258 15906.655
22259 12668.527
22260 10130.783
22261 894.74599
22262 5060.9021
22263 4773.7085
22264 25.903311
22265 34.588047
22266 52.854183
22267 82.834301
22268 29.325395
22269 37.990208
22270 14.1283
22271 0
22272 0
22273 0
22274 0
22275 0
22276 0
22277 92.48
22278 8042.4256
22279 10912.909
22280 43747.767
22281 28013.404
22282 57774.459
22283 194492.77
22284 71770.82
22285 129669.88
22286 0
22287 8.9891088
22288 1233.8272
22289 3251.0137
22290 12144.145
22291 19134.5
22292 5284.8987
22293 3859.7681
22294 6651.3037
22295 3063.9736
22296 2065.7743
22297 1929.0045
22298 1162.2161
22299 2427.2397
22300 3007.4338
22301 2384.0137
22302 3306.1525
22303 3768.4973
22304 4270.0184
22305 2029.4642
22306 3634.2649
22307 4321.3355
22308 5945.3299
22309 5076.1682
22310 8900.3151
22311 16953.646
22312 39727.138
22313 7655.0472
22314 17290.532
22315 25305.276
22316 17361.434
22317 4334.0424
22318 4038.4598
22319 7856.6617
22320 7399.9576
22321 9932.2863
22322 2856.17
22323 8309.2093
22324 23746.54
22325 5622.3327
22326 14904.763
22327 2129.0026
22328 2148.9942
22329 2275.4585
22330 3778.4263
22331 2791.7647
22332 19182.43
22333 17495.736
22334 21106.808
22335 42836.564
22336 67546.004
22337 164014.83
22338 44254.839
22339 143428.12
22340 63929.455
22341 21593.813
22342 8237.1743
22343 9455.7759
22344 4369.6413
22345 6179.9296
22346 8818.0781
22347 6242.8781
22348 3999.7188
22349 2253.2019
22350 8887.3191
22351 9241.5804
22352 6339.076
22353 2343.8994
22354 47988.309
22355 57346.671
22356 101624.14
22357 0
22358 658.20984
22359 2653.7784
22360 2019.602
22361 5707.2411
22362 11724.464
22363 37269.745
22364 117140.63
22365 18455.143
22366 128158.56
22367 27323.805
22368 41971.468
22369 7389.2877
22370 6618.3163
22371 39934.028
22372 1751.4465
22373 37948.453
22374 6010.3316
22375 21522.644
22376 765.30416
22377 19023.801
22378 369.58996
22379 451.89128
22380 91.92461
22381 0
22382 0
22383 0
22384 0
22385 276.125
22386 2219.9131
22387 4141.1192
22388 4271.0265
22389 43424.081
22390 38646.072
22391 20193.115
22392 22712.949
22393 21624.404
22394 12729.803
22395 8062.3933
22396 59972.165
22397 67444.014
22398 37261.191
22399 12412.204
22400 10907.887
22401 12879.785
22402 3319.1539
22403 39.427973
22404 26.71468
22405 9.0378447
22406 35.961025
22407 43.521338
22408 20.984362
22409 231.83155
22410 372.12543
22411 211.7676
22412 118.55172
22413 23.536611
22414 139.54422
22415 123.60443
22416 0
22417 0
22418 0
22419 0
22420 18838.032
22421 14482.1
22422 10967.657
22423 294774.83
22424 392314.15
22425 263815
22426 1168071.7
22427 1180883.2
22428 123523.66
22429 36281.14
22430 116561.42
22431 222066.97
22432 0
22433 411.67954
22434 20208.2
22435 11179.399
22436 17998.624
22437 41644.309
22438 7523.0223
22439 6813.8572
22440 14491.49
22441 8225.3108
22442 6554.983
22443 5487.4693
22444 17955.96
22445 14794.486
22446 4547.3601
22447 5549.1925
22448 10824.845
22449 11367.068
22450 11170.369
22451 7381.0641
22452 8954.4917
22453 4144.8849
22454 4879.4917
22455 7767.7851
22456 8593.14
22457 6459.7757
22458 9028.4815
22459 9727.4699
22460 7358.6822
22461 5787.0967
22462 7930.2653
22463 11744.912
22464 9456.9982
22465 7170.4564
22466 10061.302
22467 13300.545
22468 9190.8601
22469 10273.906
22470 14204.55
22471 11533.642
22472 5318.9917
22473 13091.362
22474 7983.2104
22475 5956.4967
22476 8327.6195
22477 11844.448
22478 11016.543
22479 8494.2445
22480 12244.683
22481 19885.658
22482 17810.735
22483 7741.3677
22484 5946.4975
22485 15377.893
22486 9946.1626
22487 14918.704
22488 10124.166
22489 11756.162
22490 8612.4687
22491 15007.774
22492 12430.688
22493 10130.405
22494 11179.05
22495 6210.1259
22496 5077.0382
22497 10877.718
22498 7293.9762
22499 5863.5366
22500 8415.437
22501 9589.7795
22502 8079.2658
22503 4722.9151
22504 5448.0779
22505 9760.9321
22506 10455.401
22507 8055.6004
22508 4355.5589
22509 7857.5986
22510 9077.2025
22511 7646.8974
22512 4423.8199
22513 6909.3506
22514 5349.7568
22515 4826.3123
22516 10619.67
22517 10447.073
22518 8347.3141
22519 9589.7675
22520 9510.8903
22521 7649.4401
22522 6738.0642
22523 10960.4
22524 7844.3561
22525 10634.44
22526 9525.4466
22527 11754.689
22528 7543.8699
22529 6378.6908
22530 6724.4792
22531 5569.9779
22532 7890.7424
22533 9646.2981
22534 11021.81
22535 5190.976
22536 4523.7162
22537 7494.382
22538 9048.3211
22539 10681.548
22540 12364.477
22541 5528.15
22542 3721.1218
22543 10983.536
22544 13808.77
22545 8508.5839
22546 103720.66
22547 106657.64
22548 48175.598
22549 15888.393
22550 10022.984
22551 7885.0863
22552 3003.1135
22553 3135.4799
22554 7064.3215
22555 6604.9849
22556 5867.1604
22557 6867.8803
22558 8312.8605
22559 7029.0129
22560 9364.4758
22561 3753.9862
22562 6601.2274
22563 9777.4937
22564 10647.647
22565 7851.542
22566 7025.6855
22567 6480.6848
22568 4237.9025
22569 7493.7403
22570 8290.9557
22571 9787.2894
22572 8999.0484
22573 12858.796
22574 9837.3433
22575 6073.7127
22576 7220.597
22577 8879.8195
22578 10462.961
22579 7208.1807
22580 8564.2491
22581 8047.1578
22582 8592.823
22583 7528.4604
22584 3932.337
22585 4718.5217
22586 9933.5496
22587 11395.605
22588 6964.1027
22589 5165.8436
22590 6720.4718
22591 9509.3922
22592 4561.864
22593 6407.3819
22594 8081.7769
22595 15998.406
22596 43302.683
22597 16599.584
22598 74859.354
22599 46466.211
22600 22393.183
22601 79145.921
22602 21951.826
22603 9760.5462
22604 6633.5285
22605 7130.318
22606 11086.396
22607 10181.95
22608 6102.5434
22609 8037.8351
22610 6502.8862
22611 10570.04
22612 8827.1443
22613 3939.6191
22614 6827.6842
22615 9613.4315
22616 9213.2531
22617 8916.1001
22618 7444.6605
22619 8860.0242
22620 12407.641
22621 10157.022
22622 5898.9692
22623 7191.6882
22624 12801.865
22625 6014.566
22626 13143.735
22627 12216.858
22628 7982.7168
22629 7997.6787
22630 7885.386
22631 8560.6399
22632 10878.197
22633 8181.8207
22634 5300.801
22635 6587.4627
22636 32579.78
22637 20806.609
22638 70686.001
22639 9851.8577
22640 8903.2387
22641 7512.1616
22642 3144.7491
22643 2784.8493
22644 2105.508
22645 2935.0988
22646 2679.9355
22647 3458.7143
22648 2602.7577
22649 4063.8681
22650 4341.7708
22651 8583.0826
22652 10070.794
22653 7723.3019
22654 9482.7168
22655 6930.4396
22656 11195.852
22657 13441.837
22658 9613.4105
22659 12282.041
22660 5221.3712
22661 7015.5086
22662 5212.6644
22663 8968.3103
22664 10010.43
22665 13516.285
22666 8572.2059
22667 8265.0703
22668 9056.9844
22669 7597.9817
22670 6535.2949
22671 7873.589
22672 17771.77
22673 23408.25
22674 10548.5
22675 17041.919
22676 41168.681
22677 29380.622
22678 21026.582
22679 24751.964
22680 14672.129
22681 5850.9916
22682 9120.1559
22683 7314.8657
22684 6814.8943
22685 7772.0514
22686 5333.1331
22687 6110.0468
22688 7150.202
22689 12496.686
22690 15143.107
22691 8572.0977
22692 11071.377
22693 10810.292
22694 5948.0456
22695 6186.3506
22696 8450.2313
22697 9859.143
22698 6596.5731
22699 7636.2599
22700 6347.0883
22701 7029.1745
22702 6899.2964
22703 7448.4114
22704 9667.0028
22705 13006.936
22706 4412.1518
22707 8773.6453
22708 12211.992
22709 11890.984
22710 10998.787
22711 9102.5107
22712 20460.462
22713 31703.845
22714 14632.114
22715 20586.909
22716 9629.5006
22717 10949.558
22718 11147.937
22719 6888.3347
22720 13615.196
22721 20295.458
22722 13140.878
22723 48503.781
22724 11411.495
22725 20048.504
22726 16976.859
22727 17024.418
22728 10460.56
22729 5934.6346
22730 20415.501
22731 18532.552
22732 6787.7845
22733 10808.162
22734 6262.6136
22735 10132.682
22736 43391.439
22737 26542.107
22738 52602.748
22739 46131.344
22740 16133.499
22741 11968.399
22742 11206.99
22743 9276.4281
22744 12677.94
22745 8621.0471
22746 8944.9785
22747 22190.142
22748 43387.917
22749 38730.043
22750 29074.174
22751 57616.597
22752 51156.671
22753 12784.927
22754 11470.777
22755 8964.9187
22756 6031.8148
22757 21446.567
22758 14184.496
22759 16631.206
22760 12713.681
22761 20203.933
22762 22821.989
22763 12516.078
22764 11171.118
22765 16471.586
22766 10895.113
22767 10800.119
22768 10588.601
22769 26602.227
22770 21842.151
22771 13283.618
22772 13885.967
22773 12837.402
22774 18638.186
22775 14745.28
22776 13316.044
22777 15800.463
22778 16723.372
22779 17008.858
22780 21145.325
22781 27977.039
22782 20002.751
22783 8703.1039
22784 10181.225
22785 8970.226
22786 14646.989
22787 11894.243
22788 11956.076
22789 10334.691
22790 9159.0545
22791 8436.8607
22792 5837.5197
22793 10613.615
22794 10626.848
22795 8438.7821
22796 9804.8861
22797 10315.187
22798 9657.4985
22799 11487.396
22800 9161.2534
22801 16857.506
22802 20581.873
22803 8194.1822
22804 11263.708
22805 17373.218
22806 14872.511
22807 16796.422
22808 15416.102
22809 7609.0699
22810 8563.6138
22811 9768.007
22812 34426.955
22813 32834.117
22814 32528.535
22815 13766.317
22816 17885.533
22817 10735.931
22818 19224.621
22819 16164.687
22820 20544.481
22821 13272.558
22822 7131.9771
22823 10948.721
22824 9901.508
22825 9128.3221
22826 12139.003
22827 19629.386
22828 15053.341
22829 8583.8228
22830 9845.6111
22831 42794.791
22832 33920.171
22833 32543.894
22834 70904.361
22835 7412.6749
22836 4948.8556
22837 8675.3349
22838 10738.289
22839 14187.822
22840 10779.591
22841 11706.828
22842 12028.893
22843 18290.026
22844 13130.581
22845 7389.7307
22846 18764.701
22847 16059.155
22848 8715.435
22849 15281.905
22850 16323.113
22851 7712.0009
22852 12870.492
22853 9258.9801
22854 10271.847
22855 13845.695
22856 13032.078
22857 20938.642
22858 14026.935
22859 10888.098
22860 23781.772
22861 18032.11
22862 10975.932
22863 8321.3182
22864 8742.8555
22865 9622.903
22866 12100.037
22867 18904.006
22868 33912.847
22869 30153.835
22870 11753.908
22871 4525.1062
22872 19827.156
22873 21893.36
22874 9925.3174
22875 7341.5027
22876 8247.4362
22877 20543.699
22878 15511.821
22879 34125.654
22880 32809.997
22881 21256.403
22882 15411.52
22883 26294.254
22884 21386.318
22885 6921.0913
22886 6970.6351
22887 10569.09
22888 18784.731
22889 87321.917
22890 202402.84
22891 384056.24
22892 1743873.7
22893 1573526.1
22894 352866.75
22895 352866.75
22896 0
22897 237.21299
22898 2169.9328
22899 4774.3877
22900 164826.1
22901 32087.255
22902 133071.67
22903 13595.495
22904 151208.08
22905 69512.969
22906 129772.14
22907 31032.912
22908 27173.439
22909 5033.2011
22910 2693.776
22911 100.40006
22912 143.12887
22913 37.501987
22914 22.419305
22915 21.162201
22916 15.125
22917 0
22918 130.09525
22919 130.09525
22920 0
22921 0
22922 48927.889
22923 17353.889
22924 50902.992
22925 74218.505
22926 12556.277
22927 160711.45
22928 50370.824
22929 19139.918
22930 121658.84
22931 159302.78
22932 106892.31
22933 57422.917
22934 31072.713
22935 18800.131
22936 38545.189
22937 27386.029
22938 19615.781
22939 18812.126
22940 27797.847
22941 72323.617
22942 39883.705
22943 128275.64
22944 31614.999
22945 81400.283
22946 49767.564
22947 66057.409
22948 38052.968
22949 163572.35
22950 69065.378
22951 72834.241
22952 32721.397
22953 64949.711
22954 61859.798
22955 48821.778
22956 30421.814
22957 78641.6
22958 34834.467
22959 142392.63
22960 39841.165
22961 72153.142
22962 20317.41
22963 10740.354
22964 52345.422
22965 36411.01
22966 95798.394
22967 193375.72
22968 34543.812
22969 87226.556
22970 42889.989
22971 65627.466
22972 82638.386
22973 46908.286
22974 61410.46
22975 17909.015
22976 600.04943
22977 50.533904
22978 29.11686
22979 32811.89
22980 32811.89
22981 0
22982 0
22983 31324.016
22984 65698.956
22985 43344.945
22986 67839.987
22987 29417.383
22988 39025.785
22989 78723.932
22990 21649.963
22991 139589.24
22992 36535.113
22993 35619.711
22994 86.200952
22995 20048.517
22996 19949.296
22997 41.898993
22998 0
22999 3051.2541
23000 9363.918
23001 9262.5295
23002 6372.0486
23003 61457.007
23004 36097.109
23005 216034.73
23006 100188.02
23007 167478.45
23008 27805.65
23009 63133.107
23010 4948.3066
23011 39597.346
23012 84390.151
23013 8734.3496
23014 69810.232
23015 29049.33
23016 1199.7425
23017 11288.76
23018 52266.762
23019 131427.48
23020 96351.412
23021 81189.641
23022 74327.128
23023 54084.003
23024 35452.974
23025 64538.308
23026 42210.005
23027 65196.824
23028 181526.45
23029 92912.29
23030 45790.957
23031 38509.342
23032 31584.476
23033 33551.418
23034 31650.026
23035 793.94478
23036 47463.213
23037 8535.2181
23038 25785.954
23039 15850.471
23040 151588.98
23041 28429.191
23042 76657.825
23043 21161.087
23044 12629.956
23045 25734.195
23046 12718.046
23047 39968.417
23048 47252.432
23049 19416.524
23050 7915.1922
23051 11293.766
23052 35812.307
23053 28534.406
23054 2378.7268
23055 2365.0173
23056 27997.476
23057 28152.134
23058 15174.882
23059 104303.19
23060 29379.729
23061 139168.94
23062 40578.338
23063 71707.92
23064 100548.52
23065 23247.39
23066 66291.251
23067 44820.137
23068 30051.651
23069 50685.238
23070 24106.218
23071 18171.92
23072 95267.227
23073 35930.148
23074 51778.921
23075 48168.471
23076 56808.159
23077 79687.56
23078 101341.77
23079 49891.933
23080 23016.02
23081 107643.57
23082 26155.297
23083 107969.07
23084 22478.436
23085 72685.556
23086 27084.02
23087 39944.339
23088 14998.473
23089 34915.785
23090 16813.746
23091 17821.056
23092 242548.65
23093 115168.4
23094 39426.65
23095 18405.848
23096 47787.429
23097 18760.045
23098 42410.997
23099 110430.06
23100 73498.075
23101 119369.03
23102 174543.24
23103 106079.31
23104 119963.02
23105 10292.914
23106 174236.85
23107 45867.558
23108 41368.12
23109 24607
23110 31599.179
23111 58692.867
23112 76339.008
23113 101873.98
23114 86064.673
23115 39245.208
23116 12420.22
23117 31609.756
23118 39396.358
23119 37445.524
23120 0
23121 5463.2219
23122 11966.735
23123 7173.0813
23124 0
23125 23762.994
23126 46042.516
23127 17151.388
23128 946320.37
23129 912348.36
23130 358640.35
23131 401974.43
23132 977220.89
23133 756916.19
23134 560886.22
23135 474415.35
23136 142812.86
23137 237470.29
23138 123303.32
23139 89078.796
23140 16985.212
23141 31348.735
23142 190057.3
23143 202980.48
23144 172934.4
23145 174137.38
23146 11114.537
23147 39847.846
23148 96800.23
23149 33830.055
23150 16320.73
23151 24644.259
23152 29524.165
23153 17036.693
23154 159388.23
23155 123272.03
23156 51627.141
23157 18433.027
23158 36342.695
23159 424418.12
23160 720550.94
23161 56316.596
23162 113556.15
23163 13800.435
23164 104206.72
23165 272800.09
23166 226885.94
23167 76333.105
23168 18842.468
23169 22463.918
23170 77606.564
23171 116671.99
23172 0
23173 42823.72
23174 103946.02
23175 33623.371
23176 5330.638
23177 13818.236
23178 12578.151
23179 13673.475
23180 15127.715
23181 95584.306
23182 115286.72
23183 0
23184 29652.6
23185 29497.739
23186 7954.6435
23187 7598.9553
23188 179150.27
23189 158378.75
23190 141445.64
23191 196831.78
23192 171043.69
23193 82887.198
23194 25406.676
23195 193131.74
23196 135276.35
23197 37362.788
23198 0
23199 0
23200 0
23201 25.510689
23202 1060.6922
23203 5501.8849
23204 8104.8989
23205 32252.152
23206 27718.371
23207 27544.932
23208 34099.317
23209 33598.135
23210 10805.748
23211 458.36315
23212 40.831007
23213 96.763007
23214 90.53151
23215 30.132892
23216 26.719068
23217 54.547394
23218 71.32483
23219 33.986094
23220 20.194336
23221 16.860649
23222 0
23223 0
23224 22819.834
23225 22819.834
23226 0
23227 0
23228 0
23229 0
23230 0
23231 0
23232 0
23233 0
23234 0
23235 701.91138
23236 8046.7517
23237 14084.553
23238 10437.113
23239 15273.939
23240 15893.156
23241 23969.713
23242 13682.009
23243 12152.567
23244 6733.4454
23245 26063.127
23246 24154.025
23247 15781.09
23248 8448.861
23249 2559.1527
23250 465.45188
23251 33.425722
23252 36.95166
23253 29.301553
23254 4.8683591
23255 38.131817
23256 48.001602
23257 24.416246
23258 66.89746
23259 116.69252
23260 126.49896
23261 76.634767
23262 13.489638
23263 2.42
23264 0
23265 0
23266 0
23267 0
23268 0
23269 0
23270 0
23271 0
23272 0
23273 0
23274 0
23275 0
23276 0
23277 0
23278 1336.0652
23279 3196.8823
23280 2797.2473
23281 5424.2354
23282 28959.479
23283 26508.181
23284 6530.5239
23285 17810.673
23286 22304.881
23287 17532.065
23288 15026.102
23289 261850.47
23290 198690.77
23291 123755.21
23292 5097.4708
23293 0
23294 700.25422
23295 2181.8346
23296 2853.5333
23297 7332.6705
23298 8367.2186
23299 4095.2004
23300 3264.9942
23301 7042.2975
23302 9206.0758
23303 12736.999
23304 13749.109
23305 15421.108
23306 12961.814
23307 15680.41
23308 14386.754
23309 10942.981
23310 14782.042
23311 16927.291
23312 14346.562
23313 13298.358
23314 17301.438
23315 36358.984
23316 39397.109
23317 15194.424
23318 32844.275
23319 37145.999
23320 78484.274
23321 364323.1
23322 394703.37
23323 0
23324 31.696403
23325 1085.2545
23326 25926.544
23327 33588.504
23328 21260.034
23329 36273.282
23330 21382.255
23331 16950.473
23332 20864.742
23333 7682.9158
23334 6873.1745
23335 306.36565
23336 103.08712
23337 25.131974
23338 17.982019
23339 35.059572
23340 49.728939
23341 38.145157
23342 28.117868
23343 22.534756
23344 28.083695
23345 17.340933
23346 17.694518
23347 21.045949
23348 24.042977
23349 14.294889
23350 7.4537654
23351 28.357635
23352 27.623594
23353 20.703439
23354 60.772814
23355 68.937367
23356 35.722633
23357 71.781448
23358 73.46258
23359 81.837886
23360 54.305627
23361 91.229415
23362 127.42726
23363 71.103347
23364 30.686178
23365 0
23366 0
23367 0
23368 0
23369 0
23370 0
23371 0
23372 0
23373 0
23374 0
23375 0
23376 0
23377 0
23378 147.92
23379 3528.8145
23380 9342.3976
23381 24580.665
23382 16252.401
23383 20575.237
23384 32072.833
23385 21174.532
23386 33184.543
23387 46263.709
23388 36418.892
23389 26100.817
23390 10247.425
23391 10144.926
23392 5230.038
23393 1778.7056
23394 26.742851
23395 36.831128
23396 22.519714
23397 9.3628512
23398 30.332214
23399 28.488597
23400 43.081857
23401 77.579831
23402 109.47739
23403 29.202094
23404 73.580682
23405 77.922327
23406 85.085359
23407 62.951297
23408 30.106757
23409 0
23410 0
23411 0
23412 0
23413 0
23414 0
23415 0
23416 0
23417 0
23418 0
23419 0
23420 0
23421 0
23422 0
23423 0
23424 0
23425 0
23426 0
23427 0
23428 0
23429 0
23430 0
23431 0
23432 0
23433 0
23434 0
23435 0
23436 0
23437 0
23438 0
23439 0
23440 0
23441 0
23442 0
23443 0
23444 0
23445 0
23446 0
23447 0
23448 0
23449 0
23450 0
23451 0
23452 1231.1499
23453 1424.0223
23454 1599.5784
23455 3197.5011
23456 6160.0557
23457 9044.8
23458 6512.4775
23459 7072.0199
23460 16813.168
23461 11466.875
23462 16638.622
23463 23273.759
23464 23578.898
23465 13070.9
23466 33756.367
23467 33371.96
23468 10593.772
23469 19235.81
23470 38480.345
23471 22799.695
23472 6222.5741
23473 6804.7301
23474 9175.2446
23475 4315.7535
23476 2146.8445
23477 1849.9072
23478 2430.9824
23479 1654.9772
23480 84.017069
23481 64.231479
23482 78.057293
23483 55.25069
23484 34.365083
23485 42.01076
23486 30.855692
23487 53.086427
23488 38.419789
23489 14.161793
23490 27.004537
23491 29.011389
23492 16.995385
23493 20.903157
23494 21.362116
23495 32.031324
23496 83.376338
23497 67.424685
23498 28.102212
23499 38.000569
23500 89.741779
23501 47.394552
23502 37.058915
23503 45.438671
23504 40.700861
23505 39.782056
23506 28.479929
23507 30.613423
23508 66.499754
23509 42.269837
23510 39.612602
23511 94.268407
23512 79.505019
23513 38.906877
23514 42.05009
23515 135.9752
23516 207.89865
23517 104.03867
23518 95.1778
23519 159.46971
23520 166.10275
23521 138.04734
23522 103.02312
23523 123.48248
23524 37.411431
23525 8.1641044
23526 4.1054108
23527 0.605
23528 0.605
23529 0
23530 0
23531 2.645
23532 2.645
23533 0
23534 0
23535 0
23536 0
23537 0
23538 0
23539 0
23540 0
23541 0
23542 0
23543 0
23544 0
23545 0
23546 0
23547 0
23548 0
23549 0
23550 0
23551 0
23552 0
23553 0
23554 0
23555 0
23556 0
23557 0
23558 0
23559 0
23560 0
23561 0
23562 0
23563 0
23564 0
23565 0
23566 0
23567 0
23568 0
23569 0
23570 0
23571 0
23572 244.205
23573 445.83
23574 307.06429
23575 868.21546
23576 958.72229
23577 1356.0885
23578 16445.943
23579 25505.338
23580 23240.38
23581 33222.522
23582 31615.521
23583 19143.271
23584 43990.874
23585 44677.742
23586 38973.544
23587 38174.986
23588 45331.093
23589 46282.617
23590 28224.99
23591 34828.894
23592 35390.219
23593 10170.396
23594 19786.171
23595 39665.491
23596 14093.912
23597 5399.4314
23598 12417.234
23599 8675.6838
23600 9868.9151
23601 9085.6232
23602 137.96645
23603 629.71967
23604 551.45824
23605 43.204212
23606 54.627144
23607 60.147879
23608 30.720249
23609 32.308838
23610 131.81469
23611 104.89569
23612 69.918599
23613 55.615204
23614 13.425854
23615 0
23616 0
23617 0
23618 0
23619 0
23620 0
23621 0
23622 0
23623 0
23624 0
23625 0
23626 0
23627 0
23628 0
23629 0
23630 0
23631 0
23632 0
23633 0
23634 0
23635 0
23636 0
23637 0
23638 0
23639 46355.732
23640 86860.952
23641 70120.081
23642 14643.951
23643 16761.555
23644 11843.868
23645 8385.3738
23646 12681.133
23647 18663.899
23648 21111.125
23649 16020.787
23650 27828.078
23651 24073.096
23652 17207.72
23653 24205.722
23654 39679.638
23655 34573.801
23656 23621.286
23657 5388.7787
23658 3038.8556
23659 1317.7875
23660 86.799952
23661 43.093289
23662 26.062573
23663 13.428974
23664 6.2584624
23665 16.3311
23666 31.687501
23667 83.334222
23668 126.63422
23669 65.401206
23670 47.45629
23671 50.593142
23672 0
23673 0
23674 0
23675 0
23676 0
23677 0
23678 242303.36
23679 363728.35
23680 189242.27
23681 36917.725
23682 95363.664
23683 95363.664
23684 222.09068
23685 378.86848
23686 1467.8367
23687 1289.7862
23688 3058.2417
23689 9742.9515
23690 8549.2256
23691 4431.9998
23692 8628.0222
23693 14675.548
23694 13680.806
23695 18251.769
23696 33303.636
23697 15096.336
23698 25571.877
23699 35582.801
23700 33421.183
23701 30928.335
23702 19726.286
23703 32658.981
23704 35726.984
23705 13738.353
23706 27791.669
23707 19796.245
23708 6561.3748
23709 5922.8559
23710 43.75883
23711 38.220425
23712 14.509373
23713 25.724626
23714 97.485882
23715 123.43543
23716 58.193943
23717 140.36767
23718 149.9857
23719 49.457416
23720 53.368887
23721 112.24273
23722 56.221607
23723 10.479033
23724 6.845
23725 0
23726 0
23727 0
23728 0
23729 0
23730 0
23731 0
23732 0
23733 0
23734 0
23735 0
23736 0
23737 0
23738 0
23739 0
23740 908.11476
23741 3061.6407
23742 7001.8736
23743 7665.732
23744 5288.8477
23745 11942.386
23746 21177.934
23747 9559.4316
23748 26223.069
23749 20168.281
23750 15931.862
23751 9531.6138
23752 42496.727
23753 41734.103
23754 22719.724
23755 29903.003
23756 47350.205
23757 17783.041
23758 10311.061
23759 11129.372
23760 6009
23761 3287.0934
23762 507.36302
23763 479.61136
23764 42.339925
23765 44.350202
23766 50.602653
23767 29.72743
23768 28.54074
23769 62.268794
23770 61.621836
23771 71.172714
23772 175.92617
23773 145.29556
23774 42.755733
23775 28.138325
23776 2.645
23777 0
23778 0
23779 0
23780 0
23781 0
23782 0
23783 0
23784 0
23785 0
23786 0
23787 0
23788 0
23789 0
23790 0
23791 0
23792 0
23793 234.57797
23794 5013.3124
23795 13753.153
23796 21466.336
23797 36156.389
23798 52692.135
23799 52000.595
23800 36850.298
23801 27594.194
23802 32286.697
23803 41734.757
23804 30563.526
23805 33817.472
23806 35579.158
23807 36002.783
23808 28924.433
23809 16236.768
23810 22746.376
23811 20472.294
23812 25979.788
23813 23638.733
23814 17410.611
23815 14583.668
23816 18661.721
23817 24788.549
23818 20957.432
23819 19781.538
23820 7936.14
23821 20534.178
23822 25716.435
23823 11010.145
23824 3675.5885
23825 7683.546
23826 6471.6568
23827 38.882612
23828 61.637573
23829 40.317634
23830 20.75838
23831 19.517133
23832 43.457014
23833 21.865666
23834 17.657742
23835 38.801751
23836 36.875813
23837 4.8675642
23838 8.1304688
23839 19.52242
23840 31.59671
23841 17.3208
23842 55.680166
23843 82.707867
23844 57.663153
23845 76.000317
23846 225.74666
23847 200.46274
23848 94.888479
23849 163.34948
23850 111.34642
23851 101.18733
23852 66.199886
23853 15.063674
23854 0
23855 0
23856 0
23857 0
23858 0
23859 0
23860 0
23861 0
23862 0
23863 0
23864 0
23865 0
23866 64306.613
23867 89315.759
23868 121743.87
23869 0
23870 255010.24
23871 506807.47
23872 166612.07
23873 151557.5
23874 141557.02
23875 33548.358
23876 44490.891
23877 44741.984
23878 55275.475
23879 28442.981
23880 63190.333
23881 8523.5588
23882 12586.061
23883 19920.379
23884 27253.204
23885 20753.682
23886 16874.662
23887 61703.66
23888 38468.04
23889 15376.744
23890 33962.395
23891 36904.227
23892 16829.204
23893 13105.59
23894 36271.143
23895 26666.216
23896 27330.56
23897 21638.271
23898 15704.966
23899 13241.986
23900 5795.4419
23901 3696.5727
23902 4657.7462
23903 6734.5747
23904 9425.0206
23905 6175.6482
23906 7540.8363
23907 3801.7234
23908 33.417237
23909 47.813507
23910 20.72139
23911 46.72512
23912 80.307632
23913 33.835172
23914 10.162391
23915 0
23916 0
23917 0
23918 0
23919 0
23920 0
23921 0
23922 0
23923 0
23924 0
23925 0
23926 0
23927 0
23928 0
23929 0
23930 0
23931 4.2911657
23932 4.2911657
23933 796.63662
23934 2826.4411
23935 1977.0114
23936 2325.2251
23937 10182.41
23938 10459.341
23939 12723.789
23940 14824.604
23941 28091.681
23942 21319.66
23943 31609.389
23944 20409.847
23945 11261.368
23946 15320.614
23947 16140.664
23948 13390.049
23949 11814.529
23950 2933.0617
23951 622.17946
23952 1266.1826
23953 64.63959
23954 90.594784
23955 57.20001
23956 66.568597
23957 179.23503
23958 129.67508
23959 66.371241
23960 90.652299
23961 73.823149
23962 3.691305
23963 4.205
23964 5.8173623
23965 2.645
23966 0
23967 0
23968 0
23969 0
23970 0
23971 0
23972 0
23973 0
23974 0
23975 0
23976 0
23977 0
23978 0
23979 0
23980 0
23981 0
23982 0
23983 0
23984 0
23985 0
23986 0
23987 0
23988 0
23989 0
23990 0
23991 0
23992 4686.6007
23993 5237.6516
23994 1346.64
23995 4988.2357
23996 5820.4372
23997 16735.254
23998 0
23999 64165.07
24000 50632.807
24001 36996.963
24002 1788.4609
24003 16731.816
24004 14367.508
24005 30928.753
24006 9571.4034
24007 18339.866
24008 5712.1077
24009 853.95458
24010 12870.258
24011 10697.937
24012 9608.7858
24013 6878.4623
24014 13419.373
24015 6770.4605
24016 2277.4047
24017 1658.7831
24018 5096.7043
24019 17358.19
24020 15415.119
24021 14269.712
24022 11310.848
24023 31886.971
24024 48476.434
24025 27194.753
24026 136556.13
24027 46424.659
24028 93872.784
24029 65147.958
24030 91381.356
24031 69929.846
24032 120360.45
24033 120936.4
24034 22538.774
24035 89256.439
24036 51426.472
24037 19434.959
24038 121119.16
24039 21971.564
24040 133780.5
24041 126078.74
24042 65655.268
24043 127081.08
24044 38009.149
24045 125588.22
24046 23338.639
24047 113780.67
24048 201944.03
24049 252873.67
24050 98857.422
24051 19977.959
24052 100974.85
24053 29320.716
24054 55692.48
24055 26986.283
24056 19908.206
24057 27126.666
24058 17113.887
24059 45736.302
24060 22060.972
24061 28436.818
24062 49898.927
24063 25251.206
24064 105519.68
24065 87815.315
24066 142224.04
24067 122646.26
24068 41373.525
24069 130019.49
24070 44793.529
24071 80311.101
24072 79903.923
24073 27813.412
24074 69241.368
24075 15148.067
24076 48497.706
24077 4762.3186
24078 12098.217
24079 12413.916
24080 6655.9434
24081 6491.9778
24082 18529.041
24083 11315.576
24084 7982.1869
24085 25076.11
24086 33158.837
24087 49626.774
24088 43691.072
24089 27238.832
24090 37138.95
24091 25735.818
24092 78799.521
24093 56678.482
24094 49093.986
24095 100159.76
24096 14833.446
24097 52247.114
24098 25558.16
24099 67142.843
24100 48091.236
24101 31591.632
24102 125281.34
24103 20400.365
24104 69755.266
24105 14699.224
24106 71899.868
24107 27974.326
24108 63914.757
24109 85191.372
24110 17048.148
24111 76084.724
24112 6283.5525
24113 66642.072
24114 71297.818
24115 50612.545
24116 39329.632
24117 80619.769
24118 70721.339
24119 58902.571
24120 100977.93
24121 22693.214
24122 124774.68
24123 14598.703
24124 109062.17
24125 46153.76
24126 112762.48
24127 133099.3
24128 20001.788
24129 126742.64
24130 13570.851
24131 98872.317
24132 22173.189
24133 36818.766
24134 141860.12
24135 118132.35
24136 158270.95
24137 138293.73
24138 40649.287
24139 101013.16
24140 50382.556
24141 86418.842
24142 26321.927
24143 134314.7
24144 43702.727
24145 67883.751
24146 129040.52
24147 40860.097
24148 135836.13
24149 41256.465
24150 50394.922
24151 46589.172
24152 68096.317
24153 69675.526
24154 29621.547
24155 112791.19
24156 228625.03
24157 79208.432
24158 131342.71
24159 96744.022
24160 161031.77
24161 71948.244
24162 28521.251
24163 23786.677
24164 95087.878
24165 67794.735
24166 87295.596
24167 25737.18
24168 58014.689
24169 34003.852
24170 31155.718
24171 80360.964
24172 64820.636
24173 18999.989
24174 22968.704
24175 37595.196
24176 47611.865
24177 33305.072
24178 45226.899
24179 14346.587
24180 144794.8
24181 128757.64
24182 61927.206
24183 34101.087
24184 60466.606
24185 113292
24186 146366.19
24187 353147.47
24188 443842.92
24189 122214.6
24190 9516.9037
24191 41788.155
24192 33645.195
24193 42081.154
24194 47277.095
24195 68497.505
24196 122033.61
24197 93086.678
24198 29229.283
24199 57248.876
24200 46548.866
24201 27332.54
24202 17429.703
24203 55492.844
24204 139726.29
24205 666811.4
24206 272258.07
24207 90327.058
24208 172312.12
24209 35546.836
24210 325412.24
24211 935837.17
24212 653114.73
24213 221816.29
24214 46909.852
24215 27618.58
24216 51613.271
24217 88434.65
24218 60003.866
24219 36015.19
24220 34759.518
24221 24326.888
24222 23972.334
24223 22093.572
24224 21815.979
24225 61920.159
24226 14351.943
24227 72450.495
24228 20140.207
24229 1498.387
24230 0
24231 67.100185
24232 67.100185
24233 0
24234 0
24235 0
24236 0
24237 0
24238 0
24239 0
24240 0
24241 0
24242 0
24243 0
24244 0
24245 0
24246 0
24247 0
24248 0
24249 0
24250 122899.36
24251 253906.66
24252 80088.548
24253 163842.48
24254 40046.923
24255 566837.01
24256 1172843.5
24257 586561.14
24258 123528.98
24259 391808.62
24260 479325.5
24261 750513.81
24262 926244.73
24263 322161.65
24264 37783.796
24265 29698.657
24266 29631.685
24267 4762.0596
24268 417.18471
24269 0
24270 0
24271 0
24272 0
24273 0
24274 0
24275 0
24276 0
24277 0
24278 0
24279 0
24280 0
24281 0
24282 0
24283 0
24284 0
24285 0
24286 0
24287 530.90756
24288 522.30672
24289 464.98717
24290 1097.6863
24291 2298.8311
24292 7851.8456
24293 6985.0061
24294 9813.7439
24295 16128.829
24296 13407.811
24297 8732.7916
24298 11499.972
24299 14788.583
24300 24608.58
24301 21829.09
24302 13956.879
24303 17416.443
24304 23618.087
24305 13067.686
24306 19635.24
24307 20421.278
24308 28529.562
24309 50774.408
24310 20642.722
24311 46498.596
24312 43684.078
24313 31375.856
24314 17116.08
24315 30029.354
24316 49602.069
24317 37421.462
24318 43327.491
24319 29166.352
24320 19913.923
24321 41653.696
24322 65965.553
24323 47406.283
24324 18888.428
24325 55325.413
24326 55755.761
24327 35645.365
24328 14810.783
24329 47444.671
24330 36471.062
24331 42118.536
24332 31453.507
24333 25532.793
24334 38290.476
24335 32402.489
24336 27834.702
24337 19182.205
24338 32401.325
24339 191289.28
24340 160711.08
24341 38462.965
24342 18762.589
24343 25392.807
24344 26220.762
24345 4492.5156
24346 3095.4543
24347 461.83363
24348 364.56947
24349 268.71175
24350 39.028464
24351 736.87691
24352 1702.8313
24353 965.82453
24354 35.016126
24355 53.117997
24356 69.070118
24357 86.238854
24358 100.96829
24359 136.46825
24360 70.956661
24361 0
24362 0
24363 0
24364 0
24365 0
24366 0
24367 0
24368 0
24369 0
24370 0
24371 0
24372 0
24373 595.6719
24374 595.6719
24375 223.80099
24376 2529.0209
24377 5052.719
24378 6092.5127
24379 9526.9588
24380 28166.986
24381 9064.5271
24382 20368.731
24383 19409.309
24384 11534.783
24385 31596.023
24386 17102.445
24387 27799.994
24388 18878.608
24389 17678.978
24390 26018.511
24391 24849.238
24392 20978.748
24393 25275.312
24394 13034.772
24395 40796.418
24396 27567.637
24397 23369.965
24398 26296.987
24399 20126.002
24400 15035.555
24401 13471.039
24402 8799.027
24403 17608.867
24404 15512.504
24405 6475.6562
24406 6965.8194
24407 3069.0236
24408 6508.8326
24409 5758.9827
24410 418.53551
24411 443.18938
24412 882.06359
24413 627.7181
24414 284.21225
24415 8885.4357
24416 10687.763
24417 552.30864
24418 0
24419 0
24420 0
24421 0
24422 0
24423 0
24424 0
24425 0
24426 0
24427 0
24428 0
24429 0
24430 0
24431 0
24432 0
24433 0
24434 0
24435 0
24436 0
24437 0
24438 0
24439 40.03081
24440 57.909683
24441 105.55864
24442 112.6539
24443 109.46118
24444 132.09387
24445 41.397596
24446 47.542956
24447 60.588845
24448 13.262679
24449 38.789419
24450 1617.5082
24451 2647.6615
24452 3421.567
24453 35020.975
24454 48168.628
24455 24235.437
24456 31154.774
24457 23862.225
24458 22969.484
24459 45303.705
24460 57271.126
24461 33955.78
24462 19598.486
24463 47297.431
24464 24103.705
24465 15693.423
24466 21845.026
24467 30790.668
24468 15777.737
24469 15085.252
24470 30173.193
24471 13661.437
24472 6816.3902
24473 26333.536
24474 20210.679
24475 17858.343
24476 28026.948
24477 36471.181
24478 21788.666
24479 13740.793
24480 17016.679
24481 19947.211
24482 22714.3
24483 10166.47
24484 11871.91
24485 19636.19
24486 28242.869
24487 30677.731
24488 20626.482
24489 49126.213
24490 40038.752
24491 31344.812
24492 28896.67
24493 64154.701
24494 41959.816
24495 42686.732
24496 36717.65
24497 30930.863
24498 36919.613
24499 36585.382
24500 82200.407
24501 72074.442
24502 40677.208
24503 18577.898
24504 26318.19
24505 11741.963
24506 2049.5824
24507 399.59636
24508 1037.1753
24509 649.73041
24510 1292.6191
24511 1332.5578
24512 43.077638
24513 45.652396
24514 46.398199
24515 15.234492
24516 25.152322
24517 114.266
24518 148.63134
24519 146.14574
24520 50.59084
24521 11.549705
24522 0
24523 0
24524 0
24525 0
24526 0
24527 0
24528 0
24529 0
24530 0
24531 453.76354
24532 4356.5868
24533 10658.586
24534 45075.123
24535 30000.946
24536 32714.573
24537 27168.851
24538 46314.012
24539 31910.315
24540 25604.794
24541 18266.768
24542 13761.145
24543 482.92283
24544 83.242977
24545 112.9773
24546 25.131159
24547 0
24548 0
24549 0
24550 0
24551 67.28
24552 1204.2702
24553 6528.7275
24554 43528.8
24555 71534.674
24556 18737.612
24557 23325.186
24558 20013.302
24559 75.391408
24560 74.55699
24561 125.2337
24562 89.865794
24563 0
24564 0
24565 0
24566 0
24567 14.045
24568 1760.6859
24569 10786.793
24570 32564.446
24571 49777.184
24572 53023.338
24573 67819.421
24574 59811.423
24575 2825.8468
24576 685.52238
24577 12.267448
24578 79.62664
24579 52.767596
24580 0
24581 0
24582 0
24583 0
24584 0
24585 1593.311
24586 9493.9224
24587 39023.158
24588 34335.576
24589 29721.829
24590 9770.8726
24591 1413.8649
24592 70.199607
24593 89.034256
24594 29.992331
24595 0
24596 0
24597 0
24598 0
24599 335.02688
24600 3149.4833
24601 11165.141
24602 45538.162
24603 51369.554
24604 33871.315
24605 20932.594
24606 14511.037
24607 1839.128
24608 30.770911
24609 56.984519
24610 8.6471244
24611 0
24612 0
24613 0
24614 0
24615 7078.8778
24616 8184.1124
24617 5642.4596
24618 38872.141
24619 27330.211
24620 26243.705
24621 14380.818
24622 64.628427
24623 120.5595
24624 115.86785
24625 62.782024
24626 13.869284
24627 0
24628 0
24629 27.676838
24630 1973.9152
24631 31361.56
24632 47166.125
24633 42427.631
24634 27708.753
24635 5445.7415
24636 57.820251
24637 56.860293
24638 51.212144
24639 33.04299
24640 18.009899
24641 0
24642 0
24643 561.125
24644 850.39355
24645 7539.9621
24646 26319.098
24647 42877.287
24648 31671.551
24649 25708.092
24650 28274.918
24651 14008.765
24652 82.602663
24653 60.59693
24654 125.90025
24655 34.284754
24656 1.1120276
24657 0
24658 0
24659 0
24660 1297.2814
24661 3039.3939
24662 19458.411
24663 33165.286
24664 63147.063
24665 34254.614
24666 4961.32
24667 29.094724
24668 108.34519
24669 79.632133
24670 0
24671 0
24672 0
24673 0
24674 10109.795
24675 57395.494
24676 53398.197
24677 39522.652
24678 10413.102
24679 7081.7743
24680 124.46874
24681 26.64787
24682 54.165627
24683 40.905459
24684 0
24685 0
24686 0
24687 0
24688 0
24689 1297.1097
24690 5250.368
24691 15929.699
24692 48210.821
24693 73716.506
24694 49526.447
24695 10791.59
24696 3015.0005
24697 16.190022
24698 88.813357
24699 52.189075
24700 6.6133445
24701 0.125
24702 0
24703 0
24704 0
24705 0
24706 5325.1613
24707 17527.658
24708 18541.436
24709 31262.767
24710 20814.127
24711 28361.261
24712 35592.318
24713 11331.573
24714 2002.2972
24715 90.426277
24716 34.270979
24717 155.25928
24718 63.427845
24719 3.266763
24720 0
24721 0
24722 0
24723 0
24724 1769.1836
24725 15155.201
24726 26546.613
24727 15296.115
24728 44156.3
24729 29573.444
24730 27946.04
24731 928.89432
24732 97.404089
24733 134.65902
24734 51.121223
24735 0.245
24736 0
24737 0
24738 0
24739 276.92502
24740 11790.735
24741 18014.966
24742 26477.319
24743 60772.053
24744 43807.68
24745 33486.401
24746 12312.178
24747 36.451015
24748 39.905987
24749 67.624765
24750 19.589808
24751 0
24752 0
24753 0
24754 0
24755 6422.507
24756 20456.389
24757 34984.977
24758 68359.828
24759 30298.506
24760 7839.6145
24761 2220.2949
24762 86.324547
24763 62.711434
24764 5.7441345
24765 0
24766 0
24767 0
24768 438.08
24769 1132.2658
24770 6081.4121
24771 15590.643
24772 40625.384
24773 48830.034
24774 42130.179
24775 24097.659
24776 8301.657
24777 690.0911
24778 21.314927
24779 54.354068
24780 28.196784
24781 2.2063848
24782 0
24783 0
24784 0
24785 0
24786 1450.5946
24787 7509.2877
24788 28371.978
24789 47779.065
24790 33580.986
24791 14987.842
24792 4402.6216
24793 36.362183
24794 99.980341
24795 157.9869
24796 77.409581
24797 0
24798 0
24799 0
24800 0
24801 3598.6769
24802 13438.483
24803 25815.988
24804 39177.369
24805 13919.431
24806 1650.2512
24807 56.097017
24808 60.721478
24809 161.12053
24810 55.046616
24811 0
24812 0
24813 0
24814 42.977038
24815 4302.197
24816 16667.699
24817 32726.84
24818 23502.149
24819 10383.989
24820 2181.5498
24821 23.963328
24822 79.764504
24823 57.912245
24824 0
24825 0
24826 0
24827 339.2771
24828 14826.184
24829 28986.275
24830 62129.339
24831 71779.157
24832 971.74478
24833 58.035321
24834 17.414549
24835 0
24836 0
24837 0
24838 7994.1631
24839 67920.5
24840 62872.017
24841 19793.637
24842 5396.9222
24843 90.132045
24844 32.14145
24845 12.802437
24846 0
24847 390.98121
24848 251.59331
24849 7569.1909
24850 29250.149
24851 32235.345
24852 9325.5173
24853 3131.0581
24854 54.380185
24855 63.483538
24856 0.57931934
24857 0
24858 2338.9987
24859 4250.5875
24860 24494.104
24861 83974.076
24862 26422.567
24863 441.99866
24864 110.09678
24865 74.703735
24866 0
24867 0
24868 348.18996
24869 7649.3515
24870 36876.905
24871 24693.954
24872 16997.289
24873 4392.9382
24874 133.35215
24875 74.335087
24876 87.788087
24877 0
24878 0
24879 543.21575
24880 8767.2663
24881 28550.447
24882 44092.708
24883 25483.195
24884 6592.7149
24885 53.015465
24886 3.6910855
24887 0
24888 0
24889 1166.8266
24890 20551.794
24891 41345.165
24892 34161.01
24893 6095.0534
24894 50.87496
24895 51.623319
24896 19.79472
24897 0
24898 0
24899 83.082837
24900 25708.764
24901 48485.563
24902 33987.041
24903 12078.096
24904 48.023252
24905 52.082738
24906 3.235877
24907 0
24908 7203.3502
24909 14594.805
24910 21326.834
24911 39509.701
24912 23039.689
24913 2534.3742
24914 74.062075
24915 82.466424
24916 13.474487
24917 0
24918 0
24919 8199.6025
24920 16580.598
24921 36717.215
24922 20604.027
24923 11213.652
24924 507.88914
24925 36.299406
24926 76.499917
24927 20.50908
24928 0
24929 0
24930 627.61623
24931 5479.8647
24932 50991.512
24933 40567.528
24934 37463.546
24935 1684.3909
24936 88.367892
24937 91.704409
24938 0.89597742
24939 0
24940 0
24941 1366.1483
24942 19202.529
24943 39575.25
24944 51444.335
24945 33237.815
24946 47.067252
24947 89.685004
24948 81.092527
24949 0
24950 66.34461
24951 9114.0039
24952 33838.358
24953 68623.079
24954 59426.221
24955 6755.7566
24956 1773.3487
24957 125.46632
24958 97.668256
24959 0
24960 0
24961 5532.209
24962 6794.7696
24963 56078.732
24964 20090.421
24965 1230.4007
24966 118.27314
24967 36.028675
24968 0
24969 0
24970 0
24971 12830.252
24972 40317.628
24973 30820.142
24974 87021.174
24975 8647.08
24976 1601.0829
24977 43.017574
24978 0
24979 17.405
24980 1943.5823
24981 15990.613
24982 31023.529
24983 32040.346
24984 2074.7367
24985 125.71637
24986 35.464534
24987 42.429832
24988 0
24989 0
24990 437.24135
24991 16512.15
24992 33362.065
24993 29538.588
24994 10885.814
24995 1751.7573
24996 32.261692
24997 22.515589
24998 0.045
24999 0
25000 0
25001 4415.5333
25002 31599.134
25003 72270.211
25004 34443.026
25005 11300.286
25006 1374.4015
25007 55.790396
25008 20.125383
25009 0
25010 0
25011 4647.742
25012 15573.829
25013 42790.796
25014 28397.855
25015 7567.5961
25016 1205.8837
25017 75.939589
25018 75.25663
25019 15.474551
25020 0
25021 1445.9163
25022 14511.371
25023 46017.346
25024 33305.194
25025 17851.184
25026 8764.1305
25027 135.73537
25028 86.99128
25029 0
25030 0
25031 3115.1892
25032 15104.361
25033 26673.425
25034 39066.37
25035 12592.467
25036 409.7149
25037 216.80008
25038 13.786806
25039 0
25040 0
25041 931.13396
25042 12399.279
25043 32313.57
25044 59915.805
25045 30715.037
25046 74.221066
25047 111.59256
25048 18.007885
25049 0
25050 0
25051 2659.9799
25052 11516.838
25053 68495.029
25054 24009.813
25055 19327.812
25056 182.95142
25057 74.53532
25058 20.047202
25059 0
25060 0
25061 0
25062 6989.5123
25063 42939.372
25064 70498.424
25065 16786.817
25066 38.826969
25067 72.164295
25068 17.302387
25069 0
25070 317.52
25071 1707.9516
25072 18019.648
25073 49207.287
25074 23233.263
25075 4687.9179
25076 90.356427
25077 56.322831
25078 0
25079 4283.4011
25080 8673.3844
25081 30400.155
25082 58811.168
25083 20772.066
25084 1942.4014
25085 43.48776
25086 34.649854
25087 0.21129544
25088 0
25089 1829.2815
25090 12845.694
25091 31070.214
25092 25473.424
25093 10100.273
25094 475.81553
25095 51.299679
25096 34.820901
25097 0
25098 0
25099 0
25100 2458.28
25101 21697.196
25102 25410.053
25103 56189.292
25104 25016.151
25105 26633.292
25106 311.25171
25107 37.801773
25108 28.662386
25109 8.339063
25110 0
25111 38.72
25112 4614.4896
25113 17062.003
25114 60925.716
25115 40964.174
25116 14672.513
25117 558.36818
25118 473658.6
25119 785212.28
25120 698616.6
25121 602904.59
25122 212672.48
25123 241949.43
25124 313705.88
25125 635345.38
25126 1198616
25127 742615.47
25128 234136.36
25129 123580.43
25130 0
25131 1162.8455
25132 31308.055
25133 55411.197
25134 84519.909
25135 93488.292
25136 49954.246
25137 25634.161
25138 15673.424
25139 7206.6144
25140 1870.3711
25141 1810.761
25142 832.04922
25143 8691.7452
25144 10339.901
25145 7661.0664
25146 14622.608
25147 45793.1
25148 56038.891
25149 60453.33
25150 53031.982
25151 23429.336
25152 8290.0892
25153 2979.393
25154 1485.1352
25155 8153.4395
25156 113040.45
25157 116396.46
25158 23823.629
25159 26201.557
25160 17496.971
25161 16227.659
25162 12800.711
25163 19804.764
25164 37949.38
25165 18817.751
25166 124964.17
25167 105017.52
25168 22628.939
25169 16035.688
25170 21388.316
25171 11595.318
25172 6051.2834
25173 3096.0428
25174 271.06789
25175 167.92165
25176 1422.5035
25177 6446.2896
25178 8116.6073
25179 10301.705
25180 27384.651
25181 26954.375
25182 20753.723
25183 8946.8092
25184 3780.7135
25185 61921.555
25186 39436.97
25187 36306.216
25188 33513.36
25189 7658.0243
25190 9025.9225
25191 13142.902
25192 9333.1449
25193 10423.889
25194 12139.464
25195 4764.5036
25196 1981.2569
25197 26557.912
25198 47941.097
25199 57479.273
25200 37797.141
25201 6787.2675
25202 5402.1973
25203 15783.581
25204 12469.167
25205 19537.569
25206 3699.2301
25207 3816.9202
25208 564.5038
25209 0
25210 436.08556
25211 3410.6411
25212 7492.0641
25213 25500.189
25214 39977.236
25215 36241.987
25216 21570.492
25217 23230.9
25218 5367.1173
25219 5206.0259
25220 2722.1953
25221 818.84608
25222 3413.306
25223 7606.7109
25224 9124.1135
25225 27906.833
25226 25747.308
25227 43896.835
25228 23075.104
25229 16994.01
25230 9224.5975
25231 6047.0977
25232 5401.2053
25233 8550.3483
25234 3943.6355
25235 2443.1827
25236 2651.5205
25237 2051.3604
25238 9658.4436
25239 19330.309
25240 11171.18
25241 49497.882
25242 16560.359
25243 48697.408
25244 11323.406
25245 3279.3864
25246 41331.871
25247 40758.652
25248 1402.6322
25249 29002.088
25250 67834.356
25251 35446.462
25252 36768.831
25253 53664.531
25254 58458.998
25255 28888.459
25256 51698.897
25257 37768.818
25258 11622.791
25259 4985.6557
25260 50865.166
25261 53312.576
25262 4834.3666
25263 44541.822
25264 51101.177
25265 55832.029
25266 43587.234
25267 16342.212
25268 43903.606
25269 27090.775
25270 15356.935
25271 103082.56
25272 31680.784
25273 42360.567
25274 45377.84
25275 64121.361
25276 49038.518
25277 24410.168
25278 32662.844
25279 58222.501
25280 28096.432
25281 31225.71
25282 39532.176
25283 111227.77
25284 132746.39
25285 102443.98
25286 73893.26
25287 41936.542
25288 40353.603
25289 78310.067
25290 23049.223
25291 11292.046
25292 33972.256
25293 65696.35
25294 31257.804
25295 26696.056
25296 42671.367
25297 27115.213
25298 39056.57
25299 51095.903
25300 42692.992
25301 3893.5026
25302 18979.452
25303 32238.524
25304 13750.91
25305 31058.421
25306 29584.11
25307 17392.586
25308 12232.23
25309 51334.832
25310 79417.246
25311 30454.667
25312 42953.234
25313 4136.3616
25314 300.99958
25315 42.547608
25316 0
25317 63.845
25318 4540.7042
25319 4805.9555
25320 4893.6229
25321 10066.832
25322 9104.5141
25323 6239.5754
25324 19077.295
25325 24861.959
25326 5160.8096
25327 2259.7386
25328 48872.522
25329 46676.004
25330 5479.3001
25331 28737.931
25332 33422.191
25333 7696.3136
25334 24780.983
25335 50223.948
25336 19635.244
25337 17528.261
25338 64176.156
25339 68136.667
25340 11538.498
25341 3175.6955
25342 207.39971
25343 0
25344 0
25345 10264.783
25346 75129.327
25347 17201.178
25348 81334.705
25349 33814.668
25350 13290.939
25351 11062.336
25352 6489.8107
25353 2425.1025
25354 1307.6778
25355 0.02
25356 0
25357 172.05392
25358 316.40318
25359 2579.381
25360 10406.954
25361 8311.1551
25362 9423.8802
25363 10667.587
25364 9397.3967
25365 8928.8167
25366 5676.616
25367 3666.8691
25368 6776.7625
25369 6771.1298
25370 339.86478
25371 32378.603
25372 73219.574
25373 41080.328
25374 3461.726
25375 4523.931
25376 3700.9781
25377 9222.6631
25378 12824.847
25379 8708.8927
25380 11800.311
25381 11625.938
25382 9404.9541
25383 4281.6124
25384 600.76001
25385 139.89503
25386 0.98
25387 0
25388 21145.495
25389 72397.237
25390 114080.41
25391 40277.352
25392 46933.462
25393 184841.46
25394 311909.28
25395 133591.19
25396 66305.188
25397 29469.86
25398 3851.4722
25399 35120.377
25400 24317.314
25401 1947.6973
25402 2842.2542
25403 115971.76
25404 66992.546
25405 34346.087
25406 8385.7609
25407 24919.839
25408 23908.451
25409 34785.374
25410 20838.116
25411 2321.5102
25412 34.915279
25413 26298.416
25414 26573.316
25415 14225.293
25416 40411.661
25417 73430.36
25418 38812.213
25419 33429.85
25420 15559.155
25421 21337.553
25422 7193.4527
25423 39244.838
25424 39642.937
25425 17216.947
25426 17194.911
25427 460.47857
25428 10585.151
25429 31065.438
25430 22440.456
25431 13933.055
25432 112461.41
25433 79089.496
25434 23678.415
25435 172142.01
25436 178922.96
25437 21077.25
25438 14570.931
25439 21784.835
25440 16183.985
25441 1535.281
25442 463.41403
25443 24932.199
25444 24463.11
25445 0
25446 38468.92
25447 53686.973
25448 30591.173
25449 62966.234
25450 144735.75
25451 125306.69
25452 20439.197
25453 51119.007
25454 40850.517
25455 19333.869
25456 31626.62
25457 38654.256
25458 24979.436
25459 16237.436
25460 54882.423
25461 63024.46
25462 14207.372
25463 3604.9143
25464 35040.428
25465 34256.722
25466 46315.456
25467 59793.889
25468 77549.485
25469 12188.09
25470 23367.427
25471 13637.328
25472 1178.408
25473 44234.943
25474 61501.673
25475 17716.578
25476 10786.705
25477 16038.299
25478 12558.095
25479 9289.9982
25480 39160.282
25481 65564.009
25482 17530.364
25483 35839.324
25484 39857.74
25485 54899.157
25486 28617.529
25487 10350.195
25488 28759.022
25489 43705.701
25490 24884.233
25491 11696.527
25492 161572.87
25493 240728.59
25494 172011.63
25495 106070.63
25496 7399.8281
25497 35018.031
25498 32024.715
25499 706.39481
25500 13158.428
25501 64847.482
25502 34941.653
25503 7972.55
25504 6565.5427
25505 37480.141
25506 26368.133
25507 39864.679
25508 3501.6418
25509 20451.114
25510 82932.058
25511 96665.997
25512 37602.66
25513 0
25514 0
25515 977.97577
25516 2638.2282
25517 439085.78
25518 643458.76
25519 548428.06
25520 321081.82
25521 87513.003
25522 170432.91
25523 55334.734
25524 96295.472
25525 27445.929
25526 16908.358
25527 41679.312
25528 33785.466
25529 55173.709
25530 29105.416
25531 33251.168
25532 119401.57
25533 85414.323
25534 3904.2566
25535 13542.205
25536 43498.58
25537 39372.178
25538 4840.1009
25539 23842.882
25540 32473.591
25541 20942.57
25542 22295.386
25543 7382.5635
25544 9174.4075
25545 17750.984
25546 8721.3701
25547 7521.0204
25548 7564.8059
25549 1051.4272
25550 44882.777
25551 123235.72
25552 85522.114
25553 8931.6371
25554 59672.416
25555 30575.507
25556 39986.565
25557 757.30337
25558 41428.164
25559 42814.37
25560 569.17645
25561 33247.005
25562 121258.05
25563 88231.227
25564 86370.637
25565 77468.991
25566 55509.594
25567 261618.67
25568 190499.09
25569 37269.828
25570 31576.114
25571 26832.285
25572 16769.407
25573 44.18
25574 1276.3621
25575 55169.694
25576 64208.308
25577 34716.226
25578 23804.642
25579 12202.417
25580 9806.7393
25581 11472.455
25582 33685.225
25583 85656.859
25584 73706.664
25585 3359.6595
25586 15196.47
25587 48886.791
25588 36649.224
25589 18.089183
25590 2451.6716
25591 2520.8945
25592 15212.683
25593 15397.415
25594 584.5543
25595 5040.4185
25596 11804.531
25597 21983.427
25598 67841.483
25599 45762.874
25600 62669.642
25601 92377.466
25602 48856.465
25603 153359.19
25604 65855.99
25605 60268.326
25606 14987.958
25607 24622.316
25608 25141.673
25609 26727.651
25610 26717.777
25611 15213.638
25612 16991.238
25613 50375.404
25614 49515.748
25615 56735.307
25616 81905.973
25617 79380.839
25618 60226.51
25619 70666.125
25620 112910.78
25621 50068.912
25622 38555.071
25623 35421.782
25624 21697.015
25625 21691.642
25626 27211.521
25627 27211.521
25628 40469.035
25629 51677.851
25630 7149.5614
25631 10050.857
25632 12647.799
25633 15416.326
25634 16301.482
25635 13630.227
25636 26230.807
25637 29537.947
25638 7494.6818
25639 337.92319
25640 0
25641 0
25642 1501.3176
25643 4885.0173
25644 7359.3447
25645 9477.9164
25646 11528.132
25647 12379.963
25648 27530.309
25649 34911.558
25650 32202.471
25651 16761.41
25652 14834.56
25653 10003.879
25654 8082.9576
25655 9120.072
25656 2866.0114
25657 686.65548
25658 4757.9826
25659 4363.8969
25660 1118.08
25661 3471.3455
25662 9727.6083
25663 9901.3703
25664 12121.82
25665 25987.247
25666 46557.744
25667 19337.719
25668 37891.795
25669 33500.033
25670 20969.366
25671 10902.112
25672 4935.843
25673 5053.7418
25674 3413.3715
25675 1509.1652
25676 18.605
25677 24.34175
25678 2061.5221
25679 5965.8501
25680 6387.9681
25681 6485.8601
25682 9642.0009
25683 15861.956
25684 20368.931
25685 14803.416
25686 19019.109
25687 27557.062
25688 21178.1
25689 10226.09
25690 4708.8888
25691 4145.3197
25692 5844.2972
25693 6213.2576
25694 2944.4122
25695 187.67884
25696 2595.0395
25697 5857.5249
25698 6076.283
25699 13663.697
25700 19176.954
25701 12711.514
25702 24262.051
25703 19197.857
25704 14633.573
25705 19617.058
25706 6238.859
25707 6442.7466
25708 2759.9535
25709 4380.1213
25710 5920.3073
25711 6215.1193
25712 1227.3981
25713 3297.5371
25714 7518.7179
25715 3302.4038
25716 62621.893
25717 103831.85
25718 62474.702
25719 19358.641
25720 47229.618
25721 81760.337
25722 29608.518
25723 5914.0833
25724 9282.5151
25725 8395.8294
25726 5184.856
25727 1920.9591
25728 2412.5781
25729 1248.2989
25730 1065.3076
25731 3602.5162
25732 2307.3278
25733 2091.5207
25734 2447.7137
25735 4659.742
25736 7535.9749
25737 11834.162
25738 11773.105
25739 41758.313
25740 21413.834
25741 20711.111
25742 17668.17
25743 59419.865
25744 160116.21
25745 100532.89
25746 925.61634
25747 914.17677
25748 645.14967
25749 585.41584
25750 62.957728
25751 954.44323
25752 949.1265
25753 911.44248
25754 4738.1776
25755 8830.0545
25756 5921.7226
25757 14230.669
25758 73927.316
25759 30097.512
25760 94128.778
25761 9003.7499
25762 33760.824
25763 19941.743
25764 11021.51
25765 6624.5877
25766 33400.412
25767 35658.257
25768 13534.083
25769 6399.2135
25770 18736.196
25771 19978.573
25772 29427.345
25773 86900.328
25774 34905.193
25775 62661.13
25776 37842.277
25777 68197.366
25778 84900.516
25779 39477.446
25780 278685.34
25781 295114.02
25782 23587.447
25783 20036.338
25784 35543.31
25785 34151.365
25786 24906.932
25787 50860.847
25788 32939.964
25789 34377.793
25790 34481.416
25791 22253.461
25792 22911.654
25793 44376.98
25794 81162.773
25795 46141.949
25796 41369.351
25797 21697.835
25798 38483.934
25799 33814.957
25800 26797.086
25801 84412.397
25802 54398.391
25803 31120.748
25804 40329.464
25805 13374.889
25806 6855.4903
25807 3282.2177
25808 12666.882
25809 8420.0299
25810 32864.532
25811 33930.413
25812 11685.174
25813 7199.0445
25814 110617.95
25815 97423.845
25816 84282.815
25817 41601.764
25818 64756.074
25819 47439.99
25820 32413.603
25821 39700.775
25822 45395.172
25823 59902.793
25824 54329.488
25825 53414.795
25826 57967.236
25827 473020.83
25828 910136.33
25829 290824.3
25830 82073.836
25831 85543.473
25832 30756.498
25833 29605.26
25834 4089.7103
25835 11032.785
25836 3789.9611
25837 2952.9143
25838 1204.5738
25839 3703.7182
25840 23428.413
25841 22412.289
25842 43805.952
25843 72977.836
25844 31128.211
25845 19779.961
25846 36744.172
25847 48571.666
25848 91199.799
25849 89578.598
25850 78338.663
25851 86047.693
25852 43042.252
25853 8607.3219
25854 12512.227
25855 34539.522
25856 25304.61
25857 83274.902
25858 378587.44
25859 263491.43
25860 83544.794
25861 57777.604
25862 24366.967
25863 33206.25
25864 33415.523
25865 27245.649
25866 9343.1052
25867 21938.804
25868 41544.82
25869 32092.463
25870 25467.905
25871 31497.915
25872 18759.263
25873 15837.588
25874 31939.008
25875 11936.667
25876 18041.971
25877 20742.628
25878 70397.526
25879 166847.02
25880 47005.342
25881 102691.11
25882 88640.804
25883 60979.14
25884 81039.299
25885 80150.366
25886 52907.295
25887 109743.86
25888 31896.679
25889 9920.6084
25890 14588.263
25891 60500.516
25892 47203.009
25893 28992.862
25894 62825.647
25895 28767.826
25896 40936.817
25897 41042.686
25898 16879.655
25899 35834.699
25900 17041.126
25901 33.661837
25902 29.261333
25903 553.10029
25904 936.97347
25905 281.91301
25906 817.37664
25907 2097.3156
25908 17693.016
25909 18943.183
25910 51405.361
25911 202997.94
25912 102895.24
25913 122747.26
25914 35821.366
25915 61439.985
25916 59459.036
25917 40700.276
25918 100680.39
25919 105643.56
25920 37054.563
25921 48899.965
25922 73942.212
25923 47041.758
25924 9328.8662
25925 11735.77
25926 18718.983
25927 13407.339
25928 33779.108
25929 42148.331
25930 11056.659
25931 37016.19
25932 86319.863
25933 42257.814
25934 51647.656
25935 49371.343
25936 1688.2791
25937 65553.309
25938 69718.4
25939 8951.448
25940 30662.676
25941 71557.515
25942 112815.93
25943 76058.198
25944 29923.569
25945 175554.05
25946 68742.672
25947 66115.411
25948 45877.532
25949 46349.409
25950 53324.817
25951 31207.441
25952 35689.251
25953 38227.689
25954 53387.653
25955 47573.368
25956 17405.537
25957 8998.0415
25958 31514.259
25959 31558.486
25960 23665.491
25961 23437.895
25962 29761.322
25963 30853.192
25964 30733.521
25965 31269.256
25966 24887.469
25967 84678.291
25968 82147.851
25969 96516.969
25970 44718.973
25971 119574.14
25972 71644.607
25973 33997.41
25974 102270.39
25975 112928.11
25976 64080.844
25977 37883.519
25978 31491.841
25979 30679.604
25980 13539.916
25981 24643.266
25982 31841.265
25983 22911.074
25984 23693.776
25985 10837.134
25986 9146.0228
25987 25644.127
25988 25111.144
25989 24721.747
25990 62196.346
25991 72871.129
25992 48615.894
25993 7654.1004
25994 7520.7511
25995 33083.04
25996 102609.42
25997 71760.998
25998 39539.656
25999 37254.755
26000 59397.012
26001 56064.007
26002 25084.82
26003 130439.9
26004 64407.053
26005 63893.369
26006 26432.924
26007 99013.449
26008 202326.14
26009 110577.63
26010 32939.4
26011 41654.183
26012 16105.974
26013 29171.578
26014 21963.985
26015 27860.948
26016 28180.193
26017 13470.114
26018 12844.009
26019 33539.779
26020 61085.55
26021 37116.39
26022 43936.491
26023 24805.276
26024 3364.102
26025 30907.271
26026 29843.933
26027 424.32329
26028 49670.543
26029 51551.132
26030 1844.9857
26031 3139.5113
26032 4122.7805
26033 8183.4241
26034 8099.0384
26035 34823.731
26036 33274.127
26037 13997.772
26038 43469.748
26039 50002.694
26040 14018.445
26041 40824.149
26042 57538.499
26043 55577.396
26044 60538.167
26045 59733.091
26046 29169.316
26047 13553.824
26048 4013.0824
26049 2332.6661
26050 1202.2721
26051 1944.1019
26052 22083.596
26053 89012.63
26054 132075.15
26055 20135.284
26056 33488.569
26057 1648.9199
26058 114.005
26059 114.005
26060 0
26061 1437.8341
26062 1420.7945
26063 10.811376
26064 1244.1283
26065 1564.685
26066 795.48432
26067 677.21758
26068 5246.6104
26069 8015.4355
26070 2981.1954
26071 15055.46
26072 7069.156
26073 31229.061
26074 10239.085
26075 13862.863
26076 49940.57
26077 26368.338
26078 72668.818
26079 17879.424
26080 41110.287
26081 14469.457
26082 16783.807
26083 31350.814
26084 30164.691
26085 26362.335
26086 10702.77
26087 10679.104
26088 5513.8783
26089 3102.4029
26090 7601.776
26091 8141.0386
26092 3490.7399
26093 854.53727
26094 1786.9421
26095 3252.5614
26096 939.90617
26097 3155.2493
26098 3601.4208
26099 2022.5142
26100 1695.2305
26101 3566.2278
26102 4032.0336
26103 1962.2103
26104 2006.3046
26105 5072.6083
26106 13458.012
26107 10361.63
26108 17308.118
26109 21249.071
26110 37429.624
26111 22804.592
26112 13739.198
26113 17045.104
26114 32399.271
26115 18874.646
26116 15426.114
26117 31377.283
26118 26710.635
26119 16438.842
26120 10394.179
26121 11979.752
26122 22203.975
26123 21358.332
26124 6609.7318
26125 7115.7461
26126 1829.7756
26127 3984.5907
26128 6108.8403
26129 3155.4694
26130 2452.402
26131 3520.401
26132 10822.617
26133 21262.775
26134 7488.8804
26135 17799.713
26136 5641.2301
26137 8500.1584
26138 10681.193
26139 4179.43
26140 8812.3925
26141 52778.985
26142 63646.538
26143 22215.595
26144 67432.874
26145 46073.794
26146 44076.885
26147 30794.665
26148 36590.376
26149 56855.254
26150 24743.354
26151 14867.147
26152 23996.263
26153 27848.847
26154 8599.9967
26155 13757.49
26156 5330.221
26157 4782.802
26158 1492.3579
26159 18031.035
26160 17526.454
26161 2807.6315
26162 26734.953
26163 20497.191
26164 2476.0407
26165 1427.6891
26166 26917.442
26167 28667.181
26168 1675.1389
26169 2257.9489
26170 24717.774
26171 38910.091
26172 13183.989
26173 35109.467
26174 40460.876
26175 15756.841
26176 10527.67
26177 27021.216
26178 27687.455
26179 13964.657
26180 7959.9491
26181 31471.921
26182 30909.559
26183 5943.383
26184 23735.177
26185 33524.598
26186 7071.0695
26187 4963.0523
26188 17257.097
26189 24346.939
26190 3785.8208
26191 5285.6966
26192 2517.6345
26193 7641.4826
26194 1807.0882
26195 3170.7011
26196 11995.869
26197 7541.8588
26198 27636.743
26199 25912.312
26200 7641.7583
26201 6602.6883
26202 40428.922
26203 67662.733
26204 7978.4835
26205 10292.814
26206 20847.954
26207 34320.208
26208 8419.7776
26209 15757.806
26210 20071.247
26211 19889.917
26212 2511.2287
26213 9923.7418
26214 14472.894
26215 9776.5158
26216 6166.456
26217 4164.6917
26218 10931.224
26219 10970.753
26220 6231.8141
26221 9892.0975
26222 5325.9334
26223 5885.4975
26224 10507.761
26225 84327.287
26226 37289.07
26227 9456.5384
26228 17253.269
26229 28284.66
26230 8271.3701
26231 23754.209
26232 13558.917
26233 6165.78
26234 3688.7507
26235 2333.4481
26236 931.95631
26237 1076.3505
26238 1890.7111
26239 3113.3626
26240 3649.641
26241 13581.577
26242 86419.084
26243 122829.61
26244 23937.887
26245 278532
26246 184697.83
26247 32324.719
26248 160412.96
26249 182126.9
26250 196842.01
26251 0
26252 40468.321
26253 294406.99
26254 751576.02
26255 673184.89
26256 244906.71
26257 441509.46
26258 152223.1
26259 127302.48
26260 0
26261 389506.24
26262 530233.89
26263 268070.9
26264 585970.13
26265 704706.51
26266 369905.49
26267 406040.66
26268 289336.53
26269 123696.3
26270 3196.5782
26271 89801.462
26272 46102.391
26273 244455.26
26274 241137.4
26275 124545.7
26276 371323.89
26277 282380.98
26278 163663.1
26279 55374.267
26280 136082.47
26281 68541.544
26282 139313.66
26283 125901.62
26284 127042.9
26285 663346.28
26286 1175435.2
26287 293929.98
26288 124616.6
26289 0
26290 130993.39
26291 204960.23
26292 138644.45
26293 80652.731
26294 342681.49
26295 349993.76
26296 917091.18
26297 768872.2
26298 154930.96
26299 10519.965
26300 1887.6939
26301 64206.816
26302 124903.02
26303 31578.009
26304 16401.906
26305 9051.3557
26306 6192.0144
26307 2541.7701
26308 2614.3562
26309 118531.15
26310 152459.04
26311 255979.06
26312 603164.52
26313 363826.81
26314 396065.44
26315 140758.66
26316 499012.01
26317 470578.2
26318 1003176.4
26319 1861878.4
26320 1064691.2
26321 179639.62
26322 12587.776
26323 59337.642
26324 12979.905
26325 52948.324
26326 116905.19
26327 200971.15
26328 73050.051
26329 350990.21
26330 777949.12
26331 522571.89
26332 100452.42
26333 204706.97
26334 163728.65
26335 88143.306
26336 82838.896
26337 230350.56
26338 711643.02
26339 1308948.8
26340 706859.04
26341 110112.77
26342 549177.32
26343 1298126.1
26344 608053.2
26345 351294.87
26346 226559.53
26347 128433.4
26348 125992.03
26349 157216.95
26350 146859.11
26351 124602.61
26352 112657.56
26353 314720.37
26354 194464.75
26355 124301.99
26356 136649.17
26357 298264.36
26358 156165.47
26359 123057.78
26360 4104.4145
26361 424107.25
26362 366992.89
26363 465206.11
26364 494823.51
26365 617854.52
26366 544858.92
26367 404142.57
26368 2034222.9
26369 1008351.8
26370 668844.99
26371 651754.02
26372 757640.98
26373 504002.78
26374 149663.95
26375 200699.84
26376 233103.94
26377 730855.37
26378 946337.4
26379 793760.98
26380 668007.28
26381 410664.03
26382 704911.72
26383 121801.84
26384 1118883.9
26385 1428058
26386 749231.29
26387 179360.26
26388 234668.5
26389 692484.49
26390 664618.1
26391 124164.39
26392 139006.46
26393 60695.98
26394 384480.52
26395 288671.32
26396 124958.07
26397 2497.5777
26398 441240.67
26399 410258.92
26400 386412.82
26401 475623.23
26402 327385.57
26403 742614.89
26404 542735.74
26405 386366.29
26406 463541.35
26407 269636.92
26408 1217566.2
26409 1351948.2
26410 478956.07
26411 657350.85
26412 205175.65
26413 880803.93
26414 367309.59
26415 154913.78
26416 91471.178
26417 126173.9
26418 130392.66
26419 117802.74
26420 26622.094
26421 212801.38
26422 120467.56
26423 110718.89
26424 129793.92
26425 108301.49
26426 121948.76
26427 142838.41
26428 269052.25
26429 131782.57
26430 117600.73
26431 9357.8733
26432 208516.02
26433 549934.8
26434 340579.53
26435 163076.26
26436 523348.88
26437 349930.33
26438 317641.94
26439 377930.84
26440 337214.01
26441 324007.95
26442 7612.4774
26443 881332.93
26444 758629.3
26445 136382.83
26446 288950.56
26447 877401.03
26448 473939.59
26449 101880.71
26450 127478.59
26451 677961.87
26452 965193.24
26453 137962.98
26454 115873.49
26455 146630.05
26456 346929.15
26457 102653.21
26458 80991.388
26459 82649.558
26460 296096.8
26461 166142.61
26462 85964.473
26463 491270.83
26464 524719.11
26465 140350.26
26466 173346.88
26467 310651.85
26468 539748.56
26469 261982.27
26470 245568.83
26471 565626.79
26472 644151.06
26473 491086.32
26474 199408.68
26475 184862.32
26476 57695.861
26477 57527.016
26478 255779.71
26479 891057.83
26480 594180.6
26481 178803.96
26482 305945.9
26483 1554726.9
26484 1843781.6
26485 1102358.2
26486 663635.79
26487 429017.97
26488 695422.26
26489 1236031
26490 709070.31
26491 506329.74
26492 179386.85
26493 79376.484
26494 418537.47
26495 304691.69
26496 626487.32
26497 329222.51
26498 1024412.9
26499 1206277.2
26500 185187.72
26501 331462.06
26502 281476.09
26503 1066471.1
26504 1278263.7
26505 504584.85
26506 160971.36
26507 163346.99
26508 129263.77
26509 128315.06
26510 258919.78
26511 1333403.6
26512 918244.09
26513 122731
26514 713962
26515 1173670.9
26516 147461.66
26517 216220.69
26518 666520.13
26519 564082.7
26520 125801.83
26521 125893.95
26522 999188.44
26523 779737.42
26524 132410.84
26525 47654.404
26526 121751.16
26527 119243.43
26528 357693.71
26529 979081.01
26530 1211496.7
26531 438377.82
26532 146103.56
26533 125827.4
26534 1735408.5
26535 1595866.3
26536 124276.61
26537 303627.97
26538 229843.08
26539 124787.51
26540 479391.9
26541 820161.72
26542 740853.86
26543 608573.13
26544 471354.89
26545 445828.49
26546 373144.1
26547 363601.81
26548 630810.48
26549 1403826.5
26550 1467511
26551 588253.32
26552 127699.04
26553 299716.98
26554 381535.4
26555 68418.687
26556 40219.122
26557 11052.65
26558 30666.798
26559 47799.252
26560 70528.655
26561 62628.965
26562 177567.08
26563 433094.09
26564 263800.08
26565 168537.19
26566 237172.86
26567 246720.55
26568 276986.01
26569 166475.23
26570 315295.67
26571 672176.06
26572 401069.35
26573 323678.6
26574 783881.43
26575 985167.83
26576 678043.11
26577 981829.92
26578 1271360.1
26579 494797.4
26580 258453.14
26581 521321.33
26582 894067.99
26583 175440.36
26584 516801.95
26585 645873.06
26586 196104.23
26587 177333.17
26588 174396.76
26589 529357.94
26590 262844.74
26591 475747.46
26592 421379.52
26593 408403.92
26594 604920.13
26595 370985.32
26596 120400.51
26597 1000429.6
26598 786065.08
26599 477639.44
26600 211332.58
26601 457782.24
26602 492173.89
26603 790954.16
26604 602892.08
26605 1030912.1
26606 1131718.5
26607 862023.3
26608 968453.89
26609 532334.66
26610 359641.63
26611 125789.06
26612 366254.33
26613 2038655.7
26614 2023801.6
26615 438041.91
26616 476598.37
26617 1418662.1
26618 1849477.9
26619 882128.86
26620 439810.49
26621 283397.03
26622 265187.07
26623 148768.08
26624 151760.5
26625 339638.63
26626 358227.27
26627 306886.06
26628 246528.42
26629 244621.52
26630 195136.92
26631 224138.6
26632 350219.13
26633 156543.3
26634 155913.17
26635 128422.2
26636 0
26637 0
26638 672.72113
26639 804375.58
26640 1482094.7
26641 855641.09
26642 481935.92
26643 1043403.9
26644 1997285.5
26645 1054608.9
26646 398554.12
26647 609716.78
26648 748455.29
26649 791758.46
26650 651122.64
26651 951947.26
26652 1444613.6
26653 932282.13
26654 513473.33
26655 852577.74
26656 591117.43
26657 395657.62
26658 241672.67
26659 128406.13
26660 59870.605
26661 215137.01
26662 826389.69
26663 1261606.7
26664 592484.56
26665 234424.7
26666 505010.11
26667 341002.35
26668 347494.95
26669 435149.43
26670 892318.54
26671 1052623.2
26672 955584.8
26673 1205091
26674 1686356.1
26675 1076947.4
26676 967055.53
26677 880881.19
26678 698725.09
26679 637138.23
26680 405883.72
26681 640141.58
26682 255124.36
26683 151359.52
26684 625407.53
26685 1601434.3
26686 1957558.1
26687 1543091.2
26688 1825863.4
26689 2141004.2
26690 1598922
26691 694121.17
26692 1260451.4
26693 2314861.3
26694 1818847
26695 497546.2
26696 586515.55
26697 1440412.6
26698 1410379.7
26699 789582.94
26700 735841.45
26701 975186.92
26702 766480.2
26703 258764.96
26704 148254.5
26705 123903.6
26706 19269.626
26707 1946.3012
26708 70724.125
26709 136305.71
26710 102575.17
26711 92560.305
26712 53008.059
26713 34.168154
26714 2727.4477
26715 28391.096
26716 41005.609
26717 8365.5296
26718 15524.216
26719 14282.305
26720 5849.7481
26721 3799.5658
26722 2862.3896
26723 1710.3328
26724 64625.355
26725 75296.431
26726 136671.43
26727 0
26728 127.13369
26729 1726.1522
26730 2890.8596
26731 1277.4153
26732 2443.8507
26733 73782.875
26734 68966.863
26735 214266.56
26736 143910.07
26737 36571.785
26738 105759.75
26739 101947.48
26740 28783.425
26741 28339.358
26742 37843.498
26743 20504.703
26744 28915.584
26745 4000.1177
26746 48823.646
26747 10814.126
26748 122882.34
26749 16454.216
26750 140229.85
26751 14070.27
26752 426.02544
26753 22578.757
26754 31031.11
26755 29390.506
26756 17847.213
26757 100173.38
26758 29420.015
26759 92070.446
26760 54486.827
26761 33858.64
26762 22035.27
26763 37361.826
26764 25166.155
26765 2841.1055
26766 1423.3695
26767 1248.5793
26768 1594.251
26769 5892.8308
26770 5232.4395
26771 155722.78
26772 191678.38
26773 41314.5
26774 24997.613
26775 22097.24
26776 22135.389
26777 37.80922
26778 933.12
26779 36303.205
26780 38431.483
26781 60057.87
26782 21674.838
26783 55850.719
26784 52249.184
26785 66235.725
26786 30110.086
26787 9938.2977
26788 26714.643
26789 55462.917
26790 39204.912
26791 10381.242
26792 665.67454
26793 724.42995
26794 86.021352
26795 28.197723
26796 4502.2871
26797 4502.2871
26798 0
26799 11681.609
26800 19816.685
26801 149660.16
26802 55263.977
26803 66378.863
26804 231964.73
26805 549639.75
26806 464814.81
26807 558162.5
26808 1193223.8
26809 732414.72
26810 158103.32
26811 17605.42
26812 12197.193
26813 41026.681
26814 104720.13
26815 296505.62
26816 75746.612
26817 4630.6806
26818 3312.5615
26819 8428.6748
26820 80890.295
26821 65890.689
26822 73259.377
26823 42255.985
26824 105428.82
26825 75952.884
26826 30305.487
26827 51294.902
26828 58725.954
26829 70829.276
26830 6757.5066
26831 5935.5852
26832 41679.818
26833 37261.367
26834 167.08172
26835 8022.8816
26836 65136.13
26837 15947.517
26838 27467
26839 50674.391
26840 280505.74
26841 245797.67
26842 821693.12
26843 911778.89
26844 249887.92
26845 33604.325
26846 156775.87
26847 270471.17
26848 121350.79
26849 124977.69
26850 0
26851 130172.25
26852 216996.6
26853 96006
26854 50349.9
26855 91501.001
26856 153281.59
26857 131154.35
26858 0
26859 33876.452
26860 48162.417
26861 32651.839
26862 3618.2944
26863 41545.499
26864 33566.431
26865 4294.4117
26866 11658.216
26867 51641.169
26868 43188.831
26869 2886.1856
26870 18518.969
26871 48303.312
26872 88380.729
26873 56319.3
26874 79513.99
26875 51891.051
26876 130208.83
26877 119081.72
26878 36308.048
26879 67858.529
26880 254131.44
26881 304727.65
26882 51586.561
26883 75358.919
26884 297525.12
26885 210891.96
26886 65273.703
26887 74412.35
26888 108947.06
26889 90642.432
26890 45097.319
26891 134963.75
26892 140858.41
26893 585631.61
26894 910026.04
26895 689495.95
26896 162330.06
26897 28109.306
26898 37289.726
26899 61457.485
26900 77316.967
26901 31251.986
26902 4707.1429
26903 20171.826
26904 10965.217
26905 38652.542
26906 37831.362
26907 32856.928
26908 54935.028
26909 223479.66
26910 147870.99
26911 18995.969
26912 21166.141
26913 25002.592
26914 6932.1162
26915 3988.3299
26916 5715.9533
26917 5692.9654
26918 94.049411
26919 35075.452
26920 81696.607
26921 75286.751
26922 53155.972
26923 18923.736
26924 0
26925 36674.132
26926 69732.946
26927 10914.524
26928 32621.856
26929 36477.278
26930 78694.008
26931 17936.317
26932 45434.658
26933 18509.54
26934 97996.369
26935 36303.502
26936 74353.289
26937 41829.089
26938 64965.766
26939 54374.138
26940 31698.762
26941 46215.362
26942 140391.15
26943 240459.43
26944 704965.29
26945 447904.57
26946 204753.59
26947 87786.071
26948 70548.737
26949 117177.26
26950 190901.98
26951 0
26952 6.6803314
26953 1091.1146
26954 37408.452
26955 55839.513
26956 88673.406
26957 41401.201
26958 101802.59
26959 863145.59
26960 753515.41
26961 121888.74
26962 416374.86
26963 725820.18
26964 561037.13
26965 129065.25
26966 107844.25
26967 68890.591
26968 15498.621
26969 209621.25
26970 282046.71
26971 194737.76
26972 28397.186
26973 199308.95
26974 432591.78
26975 196218.86
26976 86757.92
26977 226096.57
26978 175033.66
26979 638152.17
26980 563322.82
26981 123002.76
26982 283890.64
26983 364833.01
26984 304842.98
26985 135629.22
26986 262423.65
26987 507632.44
26988 172953.19
26989 68505.511
26990 126224.62
26991 15597.844
26992 18553.609
26993 48519.915
26994 1366948.2
26995 1887008.8
26996 587428.38
26997 101446.17
26998 44240.992
26999 442984.79
27000 340809.65
27001 141478.88
27002 63432.645
27003 155960.22
27004 5925.4261
27005 6947.1787
27006 47873.992
27007 67173.083
27008 61466.88
27009 52898.7
27010 13488.415
27011 19706.954
27012 15767.451
27013 10717.606
27014 12146.053
27015 1108.5601
27016 2607.3568
27017 5448.6581
27018 3467.0807
27019 565.47424
27020 1831.2904
27021 483508.18
27022 532511.17
27023 470688.87
27024 666399.64
27025 611496.16
27026 262834.93
27027 71463.826
27028 159607.91
27029 99209.921
27030 96571.774
27031 223080.57
27032 220757.67
27033 64545.011
27034 0
27035 57.057389
27036 249720.02
27037 146796.85
27038 128047.82
27039 0
27040 234320.89
27041 149841.25
27042 180858.9
27043 43763.236
27044 18944.313
27045 19691.91
27046 42507.086
27047 71425.591
27048 132044.12
27049 126030.81
27050 123931.26
27051 139666.06
27052 143179.59
27053 577699.19
27054 292357.39
27055 80938.85
27056 43989.648
27057 18048.998
27058 137102.62
27059 435575.86
27060 336756.49
27061 67881.964
27062 157144.36
27063 447132.45
27064 491664.84
27065 613642.29
27066 847430.57
27067 170272.07
27068 20419.03
27069 17654.169
27070 8494.9816
27071 84181.537
27072 43896.983
27073 52384.02
27074 10075.599
27075 11127.147
27076 8241.6258
27077 7044.5164
27078 3943.9628
27079 6180.2289
27080 5799.6782
27081 57.10627
27082 159.58419
27083 7084.7558
27084 21336.28
27085 18566.64
27086 63120.977
27087 48604.342
27088 23664.321
27089 8080.974
27090 18782.617
27091 13656.066
27092 30338.234
27093 34337.693
27094 16275.955
27095 693.2929
27096 8631.6834
27097 8831.4425
27098 368.41169
27099 7208.5698
27100 4055.4373
27101 34242.257
27102 41628.258
27103 123304.29
27104 55760.597
27105 122418.87
27106 22920.477
27107 64921.992
27108 252325.65
27109 351156.62
27110 145421.64
27111 124373.05
27112 50145.174
27113 20227.383
27114 23014.944
27115 16543.77
27116 9893.0055
27117 9197.0601
27118 333695.73
27119 531852.13
27120 147349.17
27121 136368.26
27122 141358.23
27123 112271.77
27124 35255.08
27125 16131.487
27126 66806.898
27127 2497.8746
27128 117656.38
27129 17715.05
27130 21354.078
27131 72.649665
27132 32.586406
27133 21.335141
27134 28.594853
27135 83.607103
27136 69751.138
27137 94254.54
27138 123690.51
27139 149196.84
27140 281572.28
27141 115718.39
27142 220706.05
27143 238964.25
27144 121836.16
27145 64595.965
27146 149124.64
27147 136741.58
27148 32
27149 15330.524
27150 72241.631
27151 47656.859
27152 113368.5
27153 118698.68
27154 23072.217
27155 4044.3033
27156 55685.362
27157 89732.86
27158 28176.706
27159 31639.789
27160 22048.155
27161 7731.3388
27162 36.343931
27163 97746.122
27164 37017.695
27165 127240.87
27166 51258.261
27167 36969.751
27168 254054.07
27169 289344.02
27170 140064.78
27171 48373.569
27172 241145.41
27173 777075.01
27174 814133.87
27175 115735.88
27176 60055.917
27177 84255.151
27178 319971.59
27179 523845.56
27180 159217.51
27181 126867.33
27182 37874.487
27183 131794.44
27184 11085.33
27185 191539.08
27186 214492.54
27187 15073.691
27188 136601.95
27189 170107.38
27190 66412.069
27191 81002.228
27192 54409.394
27193 32248.934
27194 36305.483
27195 37978.133
27196 38030.169
27197 37902.78
27198 36744.089
27199 42790.894
27200 103136.96
27201 18999.15
27202 38839.364
27203 99651.424
27204 310194.6
27205 526837.13
27206 491634.81
27207 218646.77
27208 108077.47
27209 268015.57
27210 235185.9
27211 132389.67
27212 113417
27213 79869.173
27214 12543.133
27215 14604.204
27216 35314.242
27217 189015.22
27218 185426.6
27219 85562.674
27220 96262.311
27221 189768.6
27222 598117.79
27223 319773.85
27224 68794.887
27225 573618.08
27226 559868.41
27227 88761.767
27228 200977.77
27229 253390.37
27230 108422.37
27231 38028.283
27232 35861.759
27233 139396.45
27234 85160.523
27235 125769.72
27236 85028.063
27237 0
27238 23500.578
27239 27405.324
27240 2187.5251
27241 99905.862
27242 142495.26
27243 125900.92
27244 124598.98
27245 17765.325
27246 242779.3
27247 217778.76
27248 12062.35
27249 545106.31
27250 889401.25
27251 582249.09
27252 591326.45
27253 222887.6
27254 126738.83
27255 130269.15
27256 0
27257 159.94196
27258 5905.8018
27259 21898.749
27260 21782.549
27261 16991.887
27262 26069.603
27263 45101.531
27264 21139.48
27265 84382.943
27266 35445.123
27267 39640.452
27268 14793.196
27269 25330.326
27270 35258.486
27271 9671.4816
27272 49299.384
27273 16570.013
27274 59422.955
27275 5047.3115
27276 46546.777
27277 26678.121
27278 18011.882
27279 31346.417
27280 11328.308
27281 16994.247
27282 15453.898
27283 32395.84
27284 110516.4
27285 356278.5
27286 279816.72
27287 17898.421
27288 34319.605
27289 14216.446
27290 5076.9029
27291 4574.8076
27292 3138.7226
27293 3941.9661
27294 6374.7959
27295 90881.564
27296 99615.494
27297 81468.704
27298 12304.426
27299 16020.387
27300 9362.4467
27301 7605.8804
27302 6199.4402
27303 2631.6733
27304 48760.916
27305 41139.659
27306 2124.6356
27307 4427.93
27308 7044.5447
27309 5463.431
27310 4589.3141
27311 3643.0126
27312 5256.1978
27313 28247.134
27314 38574.207
27315 50714.767
27316 32486.245
27317 55804.87
27318 30511.5
27319 48218.938
27320 26175.59
27321 8740.9948
27322 8535.1754
27323 13730.499
27324 13849.67
27325 4126.5384
27326 38098.8
27327 32497.286
27328 24921.465
27329 32243.5
27330 7721.0835
27331 67574.735
27332 40927.419
27333 46126.317
27334 23140.602
27335 88706.96
27336 90811.102
27337 136113.92
27338 91900.802
27339 16882.654
27340 9210.7743
27341 6529.0615
27342 5118.3317
27343 30816.865
27344 34397.695
27345 4797.9515
27346 1357.742
27347 3221.2905
27348 4980.1102
27349 2839.1841
27350 2182.8829
27351 2493.1827
27352 2712.3041
27353 1519.2343
27354 26823.368
27355 29164.724
27356 2544.8069
27357 11527.99
27358 19403.614
27359 12644.337
27360 26355.769
27361 33442.694
27362 43984.238
27363 46812.319
27364 16348.031
27365 55946.972
27366 39225.098
27367 25392.354
27368 63019.219
27369 17616.807
27370 30306.05
27371 45499.929
27372 116247.9
27373 209536.52
27374 251052.18
27375 136398.27
27376 170656.26
27377 61584.299
27378 12708.153
27379 36839.032
27380 16965.715
27381 6998.0247
27382 6185.3046
27383 14694.663
27384 17612.765
27385 11823.342
27386 7841.9538
27387 1324.8336
27388 9060.2605
27389 6988.2382
27390 329.23044
27391 878.15156
27392 54764.706
27393 57818.344
27394 4243.8274
27395 17856.593
27396 30582.377
27397 15072.738
27398 27995.536
27399 25498.432
27400 48509.411
27401 36928.612
27402 35932.276
27403 72146.614
27404 30842.954
27405 21684.019
27406 64218.256
27407 46116.978
27408 4823.9015
27409 38058.8
27410 62411.248
27411 28858.998
27412 2207.3718
27413 106908
27414 30436.271
27415 38539.724
27416 72057.068
27417 147463.02
27418 175432.66
27419 158892.74
27420 56125.741
27421 85343.288
27422 82221.377
27423 53356.197
27424 27186.568
27425 7341.0261
27426 3082.4829
27427 7317.3152
27428 5494.8138
27429 3474.4666
27430 7175.9679
27431 11934.661
27432 16289.602
27433 46831.768
27434 39152.067
27435 8265.7391
27436 23022.015
27437 56266.967
27438 53475.096
27439 6148.1324
27440 33274.793
27441 93917.825
27442 90977.223
27443 25284.369
27444 10462.784
27445 5494.1111
27446 1284.2737
27447 3558.8817
27448 8469.0637
27449 8381.7582
27450 17803.639
27451 43467.2
27452 6040.1666
27453 25876.571
27454 8569.5495
27455 66743.837
27456 309954.44
27457 315965.35
27458 85457.012
27459 142497.11
27460 204526.53
27461 65222.198
27462 12738.731
27463 8570.2793
27464 266142.94
27465 302443.04
27466 125510.05
27467 179208.24
27468 183101.17
27469 146601.52
27470 25970.78
27471 81303.394
27472 77460.652
27473 45187.173
27474 73035.091
27475 172501.9
27476 210575.87
27477 128722.55
27478 10558.044
27479 77544.388
27480 254610.84
27481 166813.98
27482 56607.779
27483 14654.401
27484 7353.1819
27485 3258.1557
27486 3139.4964
27487 4105.5947
27488 2173.4726
27489 6354.7091
27490 6119.993
27491 6931.3138
27492 6537.8231
27493 6389.1875
27494 7018.1998
27495 5648.1263
27496 5424.3306
27497 6509.0977
27498 5720.0098
27499 5307.7485
27500 6152.437
27501 4393.5624
27502 4310.2285
27503 6765.5165
27504 4989.7455
27505 3631.6016
27506 3880.2673
27507 4468.8241
27508 7558.89
27509 2952.5662
27510 3325.9106
27511 9485.8457
27512 10424.302
27513 60953.966
27514 23543.329
27515 28388.225
27516 7176.9173
27517 65756.245
27518 101261.28
27519 8633.4152
27520 19688.349
27521 11091.438
27522 23466.088
27523 13788.828
27524 5522.4464
27525 4786.6951
27526 5080.6612
27527 5373.1324
27528 4287.5139
27529 5190.727
27530 7132.4986
27531 5791.5241
27532 2844.7962
27533 4705.9826
27534 31434.434
27535 19347.75
27536 8755.948
27537 71611.172
27538 14971.183
27539 45774.362
27540 51324.591
27541 27384.086
27542 24155.561
27543 137504.88
27544 171724.08
27545 50676.298
27546 105527.84
27547 74507.603
27548 30497.9
27549 17374.245
27550 7882.2313
27551 10239.014
27552 6403.7494
27553 7131.8539
27554 7408.6793
27555 6961.3515
27556 4079.5835
27557 3958.8491
27558 8984.0307
27559 10057.784
27560 4374.1231
27561 7751.7498
27562 3602.2298
27563 4776.1103
27564 3066.9383
27565 5247.356
27566 2999.0411
27567 5220.8511
27568 9823.1462
27569 6641.0223
27570 6714.8197
27571 6031.2116
27572 7767.0556
27573 4748.3262
27574 21720.165
27575 9580.3188
27576 18594.694
27577 9313.9289
27578 15911.417
27579 28093.642
27580 7557.2546
27581 30224.724
27582 8098.0426
27583 26146.461
27584 7278.8678
27585 15533.773
27586 16500.023
27587 18219.963
27588 16840.076
27589 9373.1478
27590 38565.946
27591 8381.6573
27592 38892.591
27593 2596.8834
27594 30308.396
27595 10247.162
27596 20338.341
27597 48461.114
27598 19862.243
27599 28941.659
27600 12339.665
27601 30556.777
27602 12255.487
27603 20431.937
27604 11024.288
27605 17678.039
27606 20549.665
27607 13002.84
27608 27738.448
27609 5711.6651
27610 32289.713
27611 1993.2405
27612 21070.433
27613 3142.5709
27614 10009.053
27615 4151.8641
27616 16220.298
27617 13382.907
27618 31231.591
27619 33398.393
27620 10682.321
27621 35089.808
27622 5464.8873
27623 36283.535
27624 10365.642
27625 17304.576
27626 11195.99
27627 22453.595
27628 29493.216
27629 7221.9853
27630 18012.817
27631 2773.0277
27632 6771.0733
27633 13370.37
27634 2393.2138
27635 20629.82
27636 6404.9171
27637 20980.28
27638 2468.8123
27639 15577.541
27640 4390.0935
27641 11381.236
27642 7459.5592
27643 8690.9161
27644 7624.9465
27645 12930.356
27646 14393.635
27647 13383.727
27648 11595.662
27649 5954.0221
27650 12259.274
27651 10019.348
27652 22114.962
27653 7253.1063
27654 16722.308
27655 9883.3987
27656 15436.164
27657 1706.6044
27658 23712.695
27659 8707.7441
27660 28775.062
27661 22264.131
27662 14076.466
27663 25726.926
27664 4811.4806
27665 20991.737
27666 14543.019
27667 5334.8111
27668 36006.377
27669 9731.3555
27670 18708.713
27671 12193.235
27672 8460.6823
27673 16349.772
27674 9485.8137
27675 13824.9
27676 6763.4061
27677 7857.0452
27678 15982.994
27679 9575.5198
27680 15157.832
27681 4826.1673
27682 11587.816
27683 1670.6627
27684 4133.6402
27685 3655.5051
27686 3761.4453
27687 10088.798
27688 5323.6364
27689 14139.136
27690 11470.108
27691 15292.583
27692 14306.892
27693 13176.616
27694 26559.996
27695 11156.772
27696 20281.281
27697 33825.735
27698 4642.7926
27699 11310.711
27700 4755.8197
27701 18589.18
27702 9242.5506
27703 7474.1043
27704 15810.009
27705 6362.5976
27706 22773.011
27707 13073.498
27708 21377.863
27709 11339.531
27710 16361.639
27711 5701.09
27712 14503.712
27713 3082.4809
27714 9085.2738
27715 9616.9382
27716 8337.1017
27717 30999.499
27718 6043.6504
27719 25991.9
27720 7318.8858
27721 31602.305
27722 10982.217
27723 23058.642
27724 23659.156
27725 11541.739
27726 25212.252
27727 7302.0807
27728 15345.82
27729 8807.4665
27730 17311.717
27731 6871.4138
27732 14801.109
27733 15811.556
27734 5647.0977
27735 10050.354
27736 2586.416
27737 4961.1869
27738 7903.089
27739 12086.315
27740 28454.573
27741 14031.405
27742 2996.3932
27743 9225.0004
27744 8431.4597
27745 13436.277
27746 14496.394
27747 7881.163
27748 13579.646
27749 3720.1458
27750 9353.2512
27751 5046.8541
27752 4751.9081
27753 5088.3915
27754 6934.1884
27755 10864.558
27756 17713.624
27757 12311.4
27758 13729.242
27759 11130.05
27760 4354.0432
27761 10850.789
27762 5365.4944
27763 12285.183
27764 12577.822
27765 40703.324
27766 51471.22
27767 27909.109
27768 19096.181
27769 52366.918
27770 65176.55
27771 13587.586
27772 14955.718
27773 40388.823
27774 24588.464
27775 36951.788
27776 8479.796
27777 49065.019
27778 19700.1
27779 38272.294
27780 13210.826
27781 14906.254
27782 29154.577
27783 10823.18
27784 31654.4
27785 8493.9641
27786 20702.954
27787 7454.6386
27788 31675.205
27789 7828.1727
27790 38211.747
27791 5399.7305
27792 42661.757
27793 11522.014
27794 32373.276
27795 7731.5627
27796 26110.75
27797 11475.382
27798 12108.514
27799 9903.2999
27800 10164.453
27801 37220.189
27802 6127.7958
27803 42823.96
27804 16738.879
27805 18188.177
27806 16216.637
27807 40169.476
27808 12110.284
27809 7111.8918
27810 75509.977
27811 6127.963
27812 73358.122
27813 9228.4925
27814 19689.322
27815 13712.599
27816 11669.326
27817 12889.046
27818 17171.473
27819 16596.112
27820 20691.895
27821 23369.565
27822 7728.1529
27823 28780.399
27824 8314.3764
27825 8684.0479
27826 10038.274
27827 10206.975
27828 3121.5063
27829 21025.892
27830 5960.4516
27831 28801.16
27832 2150.2487
27833 30689.851
27834 5478.4989
27835 12087.732
27836 8466.8662
27837 24605.659
27838 5181.3684
27839 33824.759
27840 5950.3145
27841 14403.269
27842 7619.4548
27843 13630.563
27844 5856.1898
27845 20444.669
27846 10635.125
27847 31721.201
27848 11865.82
27849 47403.796
27850 7947.2729
27851 38474.674
27852 8208.2876
27853 13200.681
27854 12080.993
27855 14424.383
27856 16338.026
27857 19461.582
27858 4891.6252
27859 16191.534
27860 7038.3887
27861 6423.6218
27862 7514.143
27863 10637.332
27864 5640.0884
27865 7857.5574
27866 6826.133
27867 5291.0819
27868 11587.17
27869 7954.1167
27870 5751.0265
27871 7651.3463
27872 10737.398
27873 6913.3392
27874 23343.109
27875 24846.669
27876 11668.724
27877 36976.076
27878 9201.8907
27879 20193.253
27880 9058.6691
27881 11521.776
27882 11965.47
27883 16690.435
27884 14115.201
27885 3806.3896
27886 23014.044
27887 171815.81
27888 165927.79
27889 240698.54
27890 8634.9562
27891 117416.55
27892 50699.946
27893 16224.347
27894 28861.83
27895 24403.836
27896 11215.85
27897 6062.8939
27898 12066.401
27899 111609.92
27900 52727.881
27901 123576.14
27902 141473.52
27903 22594.321
27904 124295.74
27905 138773.28
27906 13629.385
27907 123252.31
27908 146004.22
27909 69371.431
27910 121285.69
27911 4179.2495
27912 123529.53
27913 63263.572
27914 30680.86
27915 32450.073
27916 102396.61
27917 147491.54
27918 327581.69
27919 519422.74
27920 456385.55
27921 2130744.1
27922 1005983
27923 132677.7
27924 157659.59
27925 394508
27926 121777.75
27927 181118.75
27928 527731.63
27929 426660.44
27930 124949.93
27931 222899.24
27932 362924.97
27933 285324.6
27934 758283.21
27935 644619.8
27936 89518.287
27937 125372.3
27938 0
27939 15490.703
27940 2312.4083
27941 2322.7836
27942 158196.23
27943 141449.73
27944 193299.64
27945 169928.78
27946 24384.185
27947 24384.185
27948 0
27949 124341.76
27950 10650.663
27951 123592.45
27952 131988.35
27953 120783.4
27954 217846.32
27955 186010.79
27956 555086.55
27957 721900.46
27958 230207.74
27959 136979.05
27960 545394.72
27961 618058.17
27962 402311.08
27963 335863.56
27964 70487.115
27965 122495.24
27966 42364.876
27967 0
27968 3284.2832
27969 8772.8844
27970 13475.471
27971 284860.6
27972 458239.31
27973 182824.57
27974 16788.411
27975 68703.743
27976 178790.67
27977 279071.53
27978 125212.75
27979 12744.045
27980 193245.65
27981 174541.24
27982 125379.95
27983 3220.6935
27984 124744.49
27985 36002.674
27986 43740.356
27987 459802.6
27988 296569.31
27989 311769.29
27990 564496.93
27991 244477.82
27992 250901.81
27993 257938.4
27994 204756.6
27995 120716.45
27996 207570.7
27997 138830
27998 222340.4
27999 0
28000 146132.97
28001 26347.438
28002 122299.18
28003 187366.24
28004 200473.7
28005 151652.28
28006 133952.43
28007 0
28008 7454.5721
28009 7072.6853
28010 2322.8005
28011 4124.594
28012 246090.8
28013 196820.62
28014 135591.34
28015 140542.94
28016 241145.41
28017 241145.41
28018 256553.28
28019 581995.92
28020 843827.35
28021 160473.98
28022 124937.61
28023 119619.99
28024 126790.13
28025 1995.9773
28026 122998.88
28027 121939.97
28028 115666.77
28029 126486.92
28030 18461.426
28031 149722.05
28032 54033.407
28033 38161.919
28034 464973.7
28035 492842.04
28036 416906.44
28037 245847.57
28038 242446.67
28039 281264.26
28040 251195.46
28041 126610.35
28042 123959.41
28043 142443.35
28044 37687.621
28045 121592.77
28046 101679.67
28047 126234.7
28048 208687.5
28049 185240.9
28050 77648.911
28051 23478.518
28052 4164.7118
28053 6657.1509
28054 1528.3871
28055 1620.3029
28056 67447.577
28057 100022.21
28058 180215.03
28059 0
28060 444.36917
28061 2425.1979
28062 2598.7532
28063 7503.6408
28064 18622.707
28065 23456.062
28066 208338.58
28067 129347.91
28068 129061.02
28069 118866.53
28070 161144.47
28071 134668.13
28072 80353.258
28073 80353.258
28074 0
28075 125437.35
28076 3309.7723
28077 120429.78
28078 119671.21
28079 381947.23
28080 322467.87
28081 164590.31
28082 125601.46
28083 42734.466
28084 29646.913
28085 50451.526
28086 1059.6164
28087 873.98579
28088 1829.2856
28089 1162.5338
28090 1360.4061
28091 1356.0837
28092 81625.907
28093 118573.69
28094 202149.1
28095 65748.193
28096 124482.85
28097 10667.206
28098 124809.62
28099 130349.05
28100 138967.45
28101 32416.96
28102 124418.53
28103 121835.76
28104 120124.28
28105 140362.27
28106 256660.81
28107 346992.1
28108 120952.01
28109 123034.91
28110 270471.17
28111 125440.79
28112 118829.89
28113 161639.81
28114 59052.124
28115 124736.89
28116 94029.903
28117 41918.048
28118 62125.952
28119 45315.408
28120 54481.989
28121 25063.515
28122 78560.115
28123 28350.73
28124 103209.3
28125 7663.1153
28126 127059.79
28127 95421.022
28128 397319.29
28129 389781.09
28130 199042.35
28131 281790.4
28132 256586.38
28133 125380.72
28134 94516.241
28135 228331.71
28136 136211.76
28137 63392.281
28138 177861.61
28139 135430.4
28140 169646.69
28141 213162.02
28142 217285.32
28143 182276.06
28144 133717.89
28145 244634.88
28146 128594.56
28147 125666.15
28148 0
28149 0.28836062
28150 1110.8802
28151 15981.384
28152 43339.024
28153 30114.45
28154 3631.479
28155 6092.0654
28156 3028.5761
28157 75268.51
28158 197850.53
28159 137360.3
28160 145517.67
28161 83447.5
28162 145976.91
28163 265410.74
28164 264307.52
28165 212880.46
28166 142937.75
28167 133566.24
28168 478086.67
28169 476621.18
28170 142778.16
28171 137102.29
28172 186020.24
28173 212171.7
28174 134610.49
28175 97331.691
28176 0
28177 124503.46
28178 48548.179
28179 124925.92
28180 18199.049
28181 0
28182 40059.542
28183 66886.955
28184 25660.385
28185 3633.5105
28186 2778.0043
28187 0
28188 0
28189 97237.567
28190 203989.63
28191 184817.66
28192 123646.08
28193 46582.704
28194 160054.52
28195 505929.06
28196 538471.62
28197 162104.7
28198 267641.79
28199 156314.06
28200 152288.12
28201 180632.19
28202 100840.78
28203 152266.15
28204 0
28205 142583.48
28206 84309.181
28207 124364.07
28208 17367.826
28209 0
28210 4131.6431
28211 60208.197
28212 52684.659
28213 3822.4765
28214 813.45983
28215 0
28216 0
28217 0
28218 0
28219 20574.663
28220 89594.04
28221 101813.81
28222 55322.804
28223 120821.68
28224 106916.29
28225 206854.09
28226 125788
28227 160240.15
28228 248399.92
28229 125292.24
28230 129015.76
28231 178090.02
28232 66826.145
28233 53391.22
28234 14853.942
28235 19791.849
28236 12809.531
28237 261.39977
28238 0
28239 0
28240 0
28241 0
28242 194078.08
28243 307773.13
28244 825827.43
28245 616606.73
28246 62811.356
28247 1278550.1
28248 1436917.1
28249 428924.42
28250 418541.95
28251 46501.315
28252 65386.655
28253 20307.069
28254 19086.221
28255 1825.8962
28256 11098.442
28257 24120.921
28258 27875.382
28259 25487.973
28260 11346.665
28261 138541.02
28262 241396.07
28263 154453.91
28264 45152.866
28265 446271.57
28266 915862.75
28267 1175402.9
28268 1119847.4
28269 183139.85
28270 0
28271 82.667363
28272 6865.4698
28273 6899.7289
28274 2807.0423
28275 4641.4593
28276 110020.79
28277 106294.77
28278 125492.54
28279 127902.58
28280 97196.987
28281 365542.55
28282 109327.18
28283 140018.64
28284 26023.025
28285 124519.26
28286 123235.72
28287 0
28288 332.98644
28289 2268.4807
28290 2666.378
28291 1837.1459
28292 548094.95
28293 453544.22
28294 255925.35
28295 255925.35
28296 121895.69
28297 147810.62
28298 43266.891
28299 108198.59
28300 117019.99
28301 0
28302 119639.97
28303 130018.92
28304 127098.65
28305 139861.89
28306 0
28307 180512.12
28308 55614.059
28309 135597.57
28310 0
28311 121282.46
28312 122447.04
28313 233866.21
28314 442251.97
28315 442729.62
28316 120814.25
28317 320487.82
28318 274322.72
28319 228970.79
28320 621148.67
28321 1405621.8
28322 1489988.6
28323 1097718.4
28324 375036.73
28325 619771.64
28326 1207211.8
28327 644355.58
28328 22797.901
28329 0
28330 734.91413
28331 1640.069
28332 7921.9342
28333 13713.07
28334 45984.01
28335 14737.797
28336 10678.709
28337 7493.7823
28338 2588.4128
28339 0
28340 0
28341 72008.666
28342 160265.8
28343 83845.125
28344 0
28345 0
28346 496244.44
28347 651788.77
28348 202033.74
28349 33820.268
28350 1951.6218
28351 239434.15
28352 182250.29
28353 123407.79
28354 122446.4
28355 126501.83
28356 212877.19
28357 185768.1
28358 119752.44
28359 2514.961
28360 2626.3814
28361 120607.36
28362 117528.14
28363 0
28364 122502.83
28365 3144.6694
28366 346897.14
28367 709549.98
28368 206857.68
28369 124747.37
28370 145971.49
28371 126897.34
28372 4930.9439
28373 121201.07
28374 501606.83
28375 1740852.3
28376 2810708.5
28377 2647917
28378 594689.96
28379 0
28380 49.915388
28381 1415.8691
28382 144630.82
28383 27388.208
28384 90237.853
28385 42064.285
28386 51139.89
28387 54697.828
28388 2524.8824
28389 44787.801
28390 53117.675
28391 303786.36
28392 120123.25
28393 162319.55
28394 319301.86
28395 372866.51
28396 143593.74
28397 234208.72
28398 168759.44
28399 174014.78
28400 107405.09
28401 57481.763
28402 11507.498
28403 118892.28
28404 119580.24
28405 122899.32
28406 122899.32
28407 174527.62
28408 186685.77
28409 0
28410 3856.2773
28411 3848.3921
28412 2989.2293
28413 18836.839
28414 151640.73
28415 667957.54
28416 563060.99
28417 52763.708
28418 49072.761
28419 16993.72
28420 38893.322
28421 56263.427
28422 523766.96
28423 2065560.3
28424 761046
28425 696970.09
28426 321711.34
28427 133807.99
28428 0
28429 121277.74
28430 121056.86
28431 0
28432 199.51804
28433 1922.3934
28434 2895.606
28435 2032.801
28436 2989.0153
28437 11232.614
28438 11602.964
28439 6357.4128
28440 34557.867
28441 48392.406
28442 161032.61
28443 257489.56
28444 149134.36
28445 0
28446 246.02114
28447 266541.91
28448 101144.57
28449 128105.72
28450 2424.4868
28451 5985.8866
28452 8203.7006
28453 268622.31
28454 146549.28
28455 31744.459
28456 12946.796
28457 95638.319
28458 94861.338
28459 279899.84
28460 503301.11
28461 582173.4
28462 260504.33
28463 122306.56
28464 95724.283
28465 246460.57
28466 527398.02
28467 642266.49
28468 561067.6
28469 992784.55
28470 944310.26
28471 119396.96
28472 122027.95
28473 14421.986
28474 16953.742
28475 131148.65
28476 137445.72
28477 0
28478 846.80787
28479 3170.1179
28480 2309.0495
28481 78833.865
28482 63392.692
28483 177728.65
28484 21174.894
28485 107122.89
28486 89574.704
28487 96192.404
28488 85062.214
28489 3778.5641
28490 87540.465
28491 7899.1546
28492 127317.4
28493 8975.6433
28494 100460.7
28495 16046.421
28496 123601.7
28497 101622.88
28498 323636.5
28499 128930.37
28500 268888.97
28501 176651.25
28502 214992.02
28503 90649.889
28504 219528.53
28505 117330.66
28506 126538.51
28507 18131.593
28508 134446.62
28509 104249.14
28510 264710.4
28511 156584.23
28512 47961.911
28513 32013.474
28514 68675.272
28515 2361.171
28516 6062.758
28517 8716.5273
28518 6967.3044
28519 14927.623
28520 10425.709
28521 148654.64
28522 152538.57
28523 77908.362
28524 63425.641
28525 17325.681
28526 92826.763
28527 148413.2
28528 121865.99
28529 117058.98
28530 120506.03
28531 2351675.4
28532 4454658.8
28533 3124211.4
28534 1124888.1
28535 416372.36
28536 135914.72
28537 144655.87
28538 0
28539 121.96181
28540 722471.21
28541 693419.76
28542 348053.83
28543 672609.69
28544 821266.34
28545 285291.48
28546 243896.22
28547 0
28548 256.17257
28549 1938.3928
28550 9187.9156
28551 15336.013
28552 30481.895
28553 24203.098
28554 41158.967
28555 36045.209
28556 69202.184
28557 43495.278
28558 217618.33
28559 164439.02
28560 159255.82
28561 143262.45
28562 465525.46
28563 320487.82
28564 124282.07
28565 117939.73
28566 117290.78
28567 13027.829
28568 118568.48
28569 0
28570 223.22497
28571 33966.052
28572 33860.633
28573 36927.494
28574 52043.58
28575 127323.61
28576 57577.157
28577 182195.7
28578 180418.84
28579 210353.12
28580 149179.88
28581 123783.24
28582 91449.496
28583 674.15728
28584 54387.672
28585 34441.828
28586 27300.578
28587 13411.609
28588 65795.669
28589 12331.145
28590 101363.76
28591 387770.79
28592 2912646.3
28593 2551124.6
28594 103504.99
28595 128821.74
28596 176029.38
28597 291665.85
28598 0
28599 777.12176
28600 3040.5029
28601 12431.106
28602 61649.927
28603 24116.185
28604 5053.2482
28605 3560.2654
28606 75343.386
28607 123245.93
28608 101217.27
28609 0
28610 731.47659
28611 204324
28612 238966.78
28613 116007.84
28614 82364.307
28615 0
28616 137560.71
28617 124414.73
28618 183132.37
28619 395640.83
28620 121825.52
28621 127169.37
28622 0
28623 349.04211
28624 2254.676
28625 2789.261
28626 1829.1794
28627 4199.9808
28628 4389.3779
28629 5125.6883
28630 49731.45
28631 16608.006
28632 77530.581
28633 49884.939
28634 29035.84
28635 151013.87
28636 28616.987
28637 119512.63
28638 56159.844
28639 186486.9
28640 50509.97
28641 62631.613
28642 7417.7011
28643 67914.575
28644 19788.223
28645 96186.683
28646 22524.849
28647 129963.94
28648 10673.544
28649 87209.11
28650 7175.0675
28651 56599.185
28652 24983.226
28653 15156.555
28654 9466.5589
28655 39292.387
28656 17587.309
28657 61090.486
28658 44031.546
28659 77763.143
28660 124579.69
28661 26586.461
28662 129840.3
28663 25656.921
28664 58201.535
28665 5208.1949
28666 23940.267
28667 28474.71
28668 45839.752
28669 16835.727
28670 27875.586
28671 14446.006
28672 24591.971
28673 18004.629
28674 33736.19
28675 7556.4574
28676 14066.984
28677 32953.57
28678 19346.777
28679 75633.5
28680 42290.157
28681 54932.781
28682 59179.574
28683 13433.796
28684 36252.818
28685 23702.749
28686 16728.292
28687 13909.071
28688 19425.533
28689 25878.405
28690 4037.0604
28691 79492.254
28692 32902.469
28693 24973.835
28694 124207.68
28695 5497.5629
28696 111638.89
28697 5954.3833
28698 61969.852
28699 6349.2411
28700 5993.6314
28701 3686.5151
28702 6860.3911
28703 14839.381
28704 3256.5086
28705 64248.779
28706 36571.694
28707 59692.486
28708 43880.134
28709 49552.081
28710 45985.619
28711 35804.789
28712 129930.1
28713 5063.0971
28714 80371.513
28715 12423.898
28716 60117.242
28717 6806.7251
28718 79306.815
28719 5566.244
28720 122079.67
28721 7832.7688
28722 89364.17
28723 9680.8425
28724 16997.918
28725 21542.899
28726 17173.125
28727 32515.931
28728 3944.5442
28729 42753.312
28730 5467.3503
28731 35683.152
28732 6371.7599
28733 11814.826
28734 10798.901
28735 22875.555
28736 22378.943
28737 16592.751
28738 50097.079
28739 5804.863
28740 42138.777
28741 7915.7219
28742 32203.364
28743 38404.507
28744 10113.684
28745 27098.797
28746 12163.259
28747 9751.1849
28748 54720.08
28749 9544.7983
28750 30303.594
28751 20140.981
28752 14856.872
28753 39651.714
28754 4907.2296
28755 35387.892
28756 31091.298
28757 14395.712
28758 17355.696
28759 15090.872
28760 9003.5298
28761 17064.104
28762 8641.8145
28763 11203.709
28764 18888.527
28765 18292.525
28766 24412.697
28767 27010.083
28768 6303.095
28769 12087.832
28770 6407.1037
28771 13169.917
28772 7304.0307
28773 18036.513
28774 25735.362
28775 8818.0701
28776 59583.149
28777 8107.5489
28778 19947.136
28779 10045.504
28780 33226.202
28781 20101.277
28782 13598.874
28783 5426.0055
28784 5845.7577
28785 5462.107
28786 12561.399
28787 8222.977
28788 32746.749
28789 7088.7684
28790 49860.814
28791 12369.356
28792 17279.586
28793 87880.777
28794 25902.322
28795 32459.399
28796 4818.2635
28797 22772.486
28798 14909.21
28799 9077.6235
28800 9288.436
28801 8443.5847
28802 11827.612
28803 4623.9306
28804 3807.1329
28805 4627.81
28806 7288.5736
28807 3056.7656
28808 5722.1381
28809 6996.7113
28810 7750.6727
28811 5111.5815
28812 6403.8891
28813 6160.7481
28814 13831.929
28815 15861.174
28816 14710.805
28817 88443.667
28818 20114.503
28819 68958.255
28820 6306.5691
28821 30287.832
28822 5257.7701
28823 22009.059
28824 8531.0598
28825 96854.419
28826 26466.533
28827 46995.29
28828 21647.27
28829 30520.136
28830 22637.131
28831 42363.098
28832 15321.337
28833 30786.664
28834 21009.025
28835 15029.453
28836 54539.209
28837 14813.941
28838 37251.107
28839 3165.7491
28840 6272.9816
28841 12467.424
28842 10499.335
28843 8180.0664
28844 11095.523
28845 16770.198
28846 16185.515
28847 14302.018
28848 12060.384
28849 15931.01
28850 33260.059
28851 8281.8136
28852 40792.125
28853 8594.2979
28854 29374.274
28855 15933.67
28856 22705.626
28857 7248.059
28858 13376.316
28859 14015.133
28860 11746.61
28861 5011.9784
28862 21193.806
28863 7331.3391
28864 8284.4491
28865 23007.134
28866 18140.32
28867 10505.86
28868 11580.197
28869 10275.867
28870 11337.188
28871 13398.526
28872 9472.6002
28873 7866.8135
28874 13124.576
28875 6355.8214
28876 12456.014
28877 11917.849
28878 11818.27
28879 3775.4034
28880 3914.6096
28881 7265.7409
28882 13796.631
28883 12508.114
28884 6037.8058
28885 6053.0707
28886 8999.0362
28887 8679.4738
28888 6577.0818
28889 5467.6221
28890 73246.752
28891 140258.64
28892 234320.89
28893 1987895.8
28894 3924688.3
28895 1393186.6
28896 455862.54
28897 419912.8
28898 679886.63
28899 562610.46
28900 162619.99
28901 409144.79
28902 553848.77
28903 283050.82
28904 124001.55
28905 169959.49
28906 140385.53
28907 221106.81
28908 110618.07
28909 148862.52
28910 139195.19
28911 189115.07
28912 123332.1
28913 133852.2
28914 0
28915 19.543514
28916 1281.2899
28917 3219.6818
28918 2224.993
28919 1428.8669
28920 952.34568
28921 1271.0655
28922 11023.117
28923 13293.177
28924 5378.3805
28925 5623.8898
28926 16653.951
28927 98761.819
28928 61106.577
28929 82295.843
28930 90616.555
28931 119781.75
28932 101851.47
28933 110938.32
28934 104461.57
28935 10996.314
28936 146809.82
28937 20097.705
28938 132003.61
28939 26692.624
28940 130006.21
28941 2769.5003
28942 125448.74
28943 26414.602
28944 61082.422
28945 43171.52
28946 45451.594
28947 59655.583
28948 1627.66
28949 97831.827
28950 81885.072
28951 58892.77
28952 131098.68
28953 32507.145
28954 158148.88
28955 32196.267
28956 31179.845
28957 39185.022
28958 35821.658
28959 11986.224
28960 111679.49
28961 84765.689
28962 89337.064
28963 35378.6
28964 44278.231
28965 75289.235
28966 19164.075
28967 71336.218
28968 50010.831
28969 87952.495
28970 48036.43
28971 69943.639
28972 72839.114
28973 29924.341
28974 126693.28
28975 48668.108
28976 141693.55
28977 29230.732
28978 102811.9
28979 160312.93
28980 66974.393
28981 139463.37
28982 19520.071
28983 165803.13
28984 25257.9
28985 129664.07
28986 9159.9504
28987 87039.64
28988 37980.369
28989 19661.43
28990 19517.304
28991 15979.488
28992 21171.531
28993 6625.7627
28994 15581.349
28995 3785.1624
28996 45074.851
28997 17820.265
28998 18984.177
28999 12049.012
29000 22075.025
29001 42035.953
29002 13919.561
29003 16480.604
29004 11128.264
29005 34167.566
29006 13187.253
29007 53952.007
29008 26572.715
29009 38227.373
29010 14338.356
29011 105194.97
29012 33980.7
29013 16317.32
29014 7470.5056
29015 11275.279
29016 10833.465
29017 33657.618
29018 7884.0285
29019 12400.642
29020 49744.922
29021 11239.337
29022 32367.497
29023 23910.55
29024 36993.322
29025 12815.261
29026 66778.674
29027 20434.965
29028 18366.192
29029 18804.461
29030 27702.349
29031 48185.491
29032 72237.738
29033 30150.594
29034 21391.476
29035 46231.798
29036 17232.451
29037 20075.279
29038 18245.979
29039 28447.492
29040 42325.164
29041 72601.895
29042 51275.448
29043 13193.156
29044 31186.729
29045 27583.892
29046 16621.004
29047 3467.8107
29048 116204.64
29049 6244.4325
29050 85187.702
29051 14441.372
29052 36178.797
29053 31102.131
29054 6997.3076
29055 31299.699
29056 28057.791
29057 16877.778
29058 8273.434
29059 31725.167
29060 52369.723
29061 20454.775
29062 96468.44
29063 45943.308
29064 53509.081
29065 23901.939
29066 45717.129
29067 21306.882
29068 18747.03
29069 49770.449
29070 37462.621
29071 15698.732
29072 25171.189
29073 25577.659
29074 36507.213
29075 11829.518
29076 85096.576
29077 27728.09
29078 16666.703
29079 43316.362
29080 15605.381
29081 92644.918
29082 41316.588
29083 29101.261
29084 104198.71
29085 44995.832
29086 46499.664
29087 14772.265
29088 46152.637
29089 21716.417
29090 43584.807
29091 7013.482
29092 15784.886
29093 20540.708
29094 28419.055
29095 7519.3737
29096 4834.1144
29097 4258.4931
29098 6561.0087
29099 3563.7101
29100 1509.9151
29101 2483.6047
29102 1540.3334
29103 3461.4367
29104 2555.4734
29105 15957.495
29106 18872.579
29107 20209.857
29108 43081.487
29109 40207.457
29110 20123.363
29111 94493.815
29112 27057.979
29113 10303.292
29114 5831.7897
29115 7080.3795
29116 33243.472
29117 30846.855
29118 14600.758
29119 6252.6142
29120 8784.9404
29121 12452.48
29122 8617.9275
29123 9962.7936
29124 10890.979
29125 11212.953
29126 5115.6548
29127 6060.1386
29128 13288.597
29129 18215.596
29130 17772.861
29131 6649.3323
29132 10167.612
29133 13427.269
29134 9464.032
29135 3378.0635
29136 4533.8883
29137 4323.364
29138 13175.485
29139 36463.161
29140 11581.685
29141 14624.712
29142 4168.4348
29143 20770.991
29144 9485.6174
29145 11357.396
29146 9066.0354
29147 16422.462
29148 46185.387
29149 39402.695
29150 4779.3008
29151 3375.015
29152 7013.5954
29153 12485.214
29154 5420.9508
29155 4351.6296
29156 4081.618
29157 3633.5807
29158 5630.664
29159 8327.6219
29160 8408.1624
29161 9703.7067
29162 8325.2055
29163 7333.2489
29164 6378.5906
29165 5810.5313
29166 5801.3163
29167 11479.277
29168 11814.136
29169 16380.194
29170 6529.3493
29171 43911.132
29172 32303.335
29173 5077.8923
29174 27311.138
29175 41295.283
29176 20289.825
29177 7883.4495
29178 2804.5511
29179 4472.4864
29180 13878.889
29181 8319.3175
29182 3910.0789
29183 3836.1022
29184 3337.3248
29185 6717.5367
29186 8825.0853
29187 20262.271
29188 8223.2149
29189 9869.5658
29190 12071.937
29191 4606.793
29192 4034.8756
29193 7522.7446
29194 15276.561
29195 44558.409
29196 8832.6037
29197 68427.559
29198 15300.21
29199 26628.166
29200 7121.7159
29201 16062.828
29202 40430.864
29203 15153.872
29204 55693.652
29205 8454.8946
29206 7530.3926
29207 1863.1846
29208 7115.978
29209 7694.6043
29210 4499.9342
29211 3383.8594
29212 3505.5687
29213 3789.496
29214 2845.1297
29215 3099.9024
29216 5536.8668
29217 8408.7908
29218 10410.089
29219 9466.7354
29220 18750.55
29221 41778.219
29222 144186.03
29223 210529.94
29224 234571.91
29225 308961.65
29226 358731.05
29227 136757.2
29228 23623.755
29229 47876.437
29230 199547.31
29231 0
29232 758.0916
29233 2925.4306
29234 2432.5074
29235 12625.054
29236 45822.777
29237 88727.658
29238 96969.039
29239 188833.41
29240 6231.8663
29241 27.092978
29242 2.8569295
29243 0.32
29244 0
29245 0
29246 0
29247 17614.896
29248 34272.111
29249 21577.901
29250 17114.72
29251 33941.805
29252 45188.913
29253 44683.363
29254 26569.783
29255 2864.6235
29256 1040.2551
29257 39.194995
29258 50.839859
29259 155.04031
29260 142679.65
29261 98081.872
29262 37658.191
29263 101.52088
29264 0
29265 0
29266 0
29267 0
29268 0
29269 8045.2731
29270 291774.51
29271 281315.69
29272 52433.77
29273 19925.56
29274 317629.44
29275 838570.07
29276 430074.38
29277 682816.67
29278 1299249.8
29279 963441.11
29280 456080.66
29281 100855.52
29282 66395.412
29283 54136.57
29284 47161.499
29285 978.893
29286 0
29287 26457.344
29288 824278.19
29289 940524.58
29290 44169.947
29291 38012.673
29292 8.1612454
29293 41.931479
29294 7080.444
29295 53734.475
29296 63665.826
29297 23349.859
29298 41062.99
29299 56609.113
29300 47820.166
29301 28285.611
29302 60653.653
29303 1754751.9
29304 2046668.7
29305 236702.59
29306 398307.83
29307 497217.92
29308 125591.14
29309 135651.94
29310 0
29311 103677.81
29312 148319.74
29313 45754.524
29314 62955.338
29315 72284.888
29316 54799.332
29317 45463.635
29318 22782.966
29319 26869.496
29320 18668.491
29321 35701.68
29322 37.432977
29323 113.00742
29324 96.066672
29325 94.138949
29326 133.54846
29327 76.518696
29328 0
29329 0
29330 347.21212
29331 362.14492
29332 7122.1064
29333 35590.961
29334 39514.421
29335 38144.211
29336 22586.875
29337 142187.81
29338 5637.891
29339 35263.933
29340 28818.541
29341 64060.389
29342 35433.396
29343 3217.2779
29344 17175.096
29345 193502.84
29346 44805.885
29347 166800.68
29348 70856.893
29349 142935.38
29350 152049.02
29351 110141.5
29352 6602.3136
29353 38507.094
29354 145.66535
29355 121.36138
29356 95.675919
29357 0
29358 0
29359 7549.8993
29360 19443.174
29361 17710.73
29362 20508.814
29363 26318.456
29364 7151.3518
29365 96.545887
29366 1558.6699
29367 6148.8153
29368 4450.1475
29369 21.289657
29370 0
29371 0
29372 7957.3726
29373 27135.033
29374 46584.968
29375 40925.638
29376 20162.615
29377 73.013901
29378 20790.389
29379 70649.211
29380 113215.87
29381 1540728.2
29382 1722115.2
29383 438480.27
29384 1731287.9
29385 2104216.2
29386 806960.8
29387 544421.5
29388 216088.82
29389 519737.14
29390 457014.01
29391 261960.35
29392 978150.7
29393 1149762.8
29394 188562.33
29395 269601.46
29396 326795.16
29397 216806.45
29398 187695.49
29399 53636.122
29400 116131.22
29401 320487.82
29402 234668.5
29403 118012.52
29404 230791.03
29405 127807.72
29406 9881.0275
29407 354.54162
29408 64298.195
29409 106116.62
29410 9049.0347
29411 1045.0585
29412 4637.7562
29413 12083.318
29414 20612.973
29415 5821.4376
29416 5973.053
29417 14609.445
29418 11917.657
29419 8483.5902
29420 6311.6955
29421 6978.2995
29422 5403.1899
29423 3609.2324
29424 3788.4733
29425 5789.7716
29426 5810.548
29427 3469.1724
29428 4823.6631
29429 7494.25
29430 10915.699
29431 11886.803
29432 9306.8504
29433 17068.76
29434 18790.228
29435 7327.7836
29436 6579.1427
29437 5710.9405
29438 9307.0999
29439 7503.3279
29440 5239.0654
29441 2963.2532
29442 8086.3106
29443 4006.7152
29444 3171.382
29445 7028.4582
29446 1995.5079
29447 10696.832
29448 11786.44
29449 5660.8192
29450 2237.2806
29451 3708.3668
29452 5686.8385
29453 4193.2322
29454 9622.7042
29455 6248.1415
29456 8089.2494
29457 13173.997
29458 13435.879
29459 9867.2528
29460 5493.7504
29461 10549.628
29462 7328.9979
29463 6384.5851
29464 7016.5527
29465 7127.0872
29466 7065.4874
29467 7692.93
29468 7336.9663
29469 7113.3483
29470 6178.3437
29471 4968.5937
29472 4377.6675
29473 18020.071
29474 17133.684
29475 8042.4285
29476 5474.4194
29477 2835.0186
29478 11338.492
29479 11836.201
29480 7457.3734
29481 6806.6618
29482 3961.8232
29483 3297.6313
29484 8278.4197
29485 10192.867
29486 12127.749
29487 11070.018
29488 8130.3549
29489 5268.2723
29490 5158.8734
29491 4876.5312
29492 7055.2366
29493 12891.437
29494 8154.8185
29495 4816.8401
29496 4791.7931
29497 8146.3135
29498 3203.0405
29499 4754.5396
29500 12031.049
29501 8388.9026
29502 7883.721
29503 5150.88
29504 5341.6888
29505 13591.091
29506 11514.43
29507 9382.8855
29508 6993.6361
29509 4387.3735
29510 6507.3835
29511 5266.5164
29512 9130.1751
29513 6981.0247
29514 8827.0448
29515 3923.75
29516 5588.7439
29517 5920.9413
29518 5732.0874
29519 4399.1526
29520 5856.6928
29521 7425.544
29522 6287.0319
29523 6116.2811
29524 5484.0538
29525 5960.1896
29526 9816.4262
29527 6264.363
29528 6262.9971
29529 14305.584
29530 7101.9012
29531 3957.397
29532 4389.5508
29533 4344.6667
29534 5809.1747
29535 4369.9948
29536 15664.951
29537 33678.667
29538 25835.579
29539 7828.3615
29540 5556.915
29541 3310.1158
29542 4892.2252
29543 8782.7057
29544 12149.598
29545 14301.076
29546 12610.778
29547 23136.485
29548 19746.647
29549 15399.708
29550 12166.472
29551 11942.167
29552 11193.343
29553 6470.6947
29554 10497.648
29555 5708.47
29556 4310.0255
29557 5008.093
29558 4847.7837
29559 9214.6315
29560 3229.8404
29561 6549.8716
29562 6996.2691
29563 10706.022
29564 6023.0919
29565 4629.3052
29566 4204.8512
29567 3756.1475
29568 12302.514
29569 10325.288
29570 16349.312
29571 12439.651
29572 8432.8756
29573 21733.533
29574 8240.8123
29575 14637.861
29576 14459.112
29577 9717.1249
29578 32349.528
29579 22431.421
29580 18136.927
29581 15842.552
29582 47642.462
29583 21335.093
29584 30998.26
29585 15405.527
29586 23436.879
29587 45929.923
29588 31196.044
29589 54524.999
29590 8998.2044
29591 25410.992
29592 5138.5149
29593 5301.8237
29594 8203.6846
29595 8846.5484
29596 6028.3792
29597 6888.9665
29598 7375.7263
29599 6468.5011
29600 10262.756
29601 4401.2547
29602 7079.8179
29603 3474.791
29604 5901.2297
29605 4242.0478
29606 6936.5401
29607 7444.1106
29608 5798.8979
29609 4376.9961
29610 5398.1452
29611 7874.6922
29612 7171.0105
29613 6528.0983
29614 12534.945
29615 4578.4368
29616 7367.2247
29617 5022.4085
29618 10815.264
29619 5431.9776
29620 7523.0567
29621 10721.671
29622 15971.529
29623 14863.705
29624 26504.548
29625 16998.978
29626 9867.3373
29627 11698.832
29628 6956.9672
29629 17378.253
29630 5975.4309
29631 9290.2445
29632 4694.5855
29633 12683.055
29634 6709.3607
29635 11691.45
29636 4022.4119
29637 8333.7806
29638 8590.8263
29639 14711.959
29640 3439.9347
29641 21616.031
29642 26277.381
29643 11503.67
29644 24643.72
29645 22728.395
29646 23649.297
29647 23040.285
29648 39324.552
29649 6724.5017
29650 16441.607
29651 8029.3968
29652 11085.399
29653 6174.1239
29654 6865.7648
29655 8994.4587
29656 7239.8876
29657 11355.192
29658 6478.8131
29659 10128.056
29660 6709.3697
29661 5613.66
29662 7001.7999
29663 9315.4018
29664 6821.1098
29665 12677.214
29666 4205.9874
29667 7578.9161
29668 11276.566
29669 8702.9645
29670 9926.5284
29671 6677.109
29672 6796.1244
29673 6591.6113
29674 6147.156
29675 5489.6753
29676 7130.8549
29677 7786.3698
29678 20545.778
29679 5378.1654
29680 5445.4919
29681 4646.8963
29682 10332.425
29683 7041.7227
29684 6762.4566
29685 12696.844
29686 6667.5036
29687 14023.139
29688 5210.1953
29689 11386.676
29690 34955.137
29691 46649.516
29692 42548.041
29693 67742.447
29694 21537.326
29695 22710.29
29696 11504.131
29697 23451.134
29698 8703.7898
29699 18791.498
29700 8650.3905
29701 8509.8809
29702 5438.4171
29703 8720.3564
29704 11996.453
29705 15562.043
29706 7150.2073
29707 5475.1156
29708 7247.3355
29709 5601.2039
29710 15518.084
29711 28260.154
29712 19420.136
29713 32203.767
29714 23462.572
29715 31079.194
29716 12485.656
29717 52323.298
29718 5433.4891
29719 15729.336
29720 10103.015
29721 18805.801
29722 15477.394
29723 21406.661
29724 25182.406
29725 25131.031
29726 3813.2097
29727 8820.4939
29728 2147.6749
29729 10379.674
29730 5437.1701
29731 6962.4474
29732 5766.0428
29733 14424.863
29734 28219.744
29735 17513.3
29736 35020.414
29737 12628.597
29738 25194.746
29739 5050.2455
29740 24981.067
29741 12201.43
29742 31609.967
29743 5846.824
29744 35137.253
29745 6914.6364
29746 17987.691
29747 8341.671
29748 35250.829
29749 10287.801
29750 13816.257
29751 9384.1882
29752 26366.646
29753 34645.257
29754 18144.233
29755 41158.93
29756 5405.8063
29757 4466.9008
29758 7939.0531
29759 7321.6666
29760 42786.496
29761 312999.31
29762 732676.48
29763 343549.08
29764 126476.31
29765 127875.26
29766 7397.4894
29767 13196.652
29768 8643.3053
29769 14766.831
29770 9687.1572
29771 5271.311
29772 4546.3613
29773 11541.84
29774 10911.485
29775 3695.1299
29776 3220.5745
29777 6093.4234
29778 6201.141
29779 11039.028
29780 4065.5819
29781 9637.0089
29782 7887.495
29783 13844.508
29784 8784.9901
29785 28196.591
29786 12797.911
29787 28536.545
29788 17675.434
29789 30871.645
29790 5685.9421
29791 73756.296
29792 9242.9636
29793 18463.666
29794 8934.5762
29795 11538.658
29796 6678.2538
29797 5455.4727
29798 4071.3192
29799 6462.5186
29800 4885.7528
29801 26967.516
29802 14528.372
29803 38823.455
29804 16205.512
29805 24035.706
29806 9552.2479
29807 23108.51
29808 14617.474
29809 52340.296
29810 13025.268
29811 59547.618
29812 13837.331
29813 58758.71
29814 8268.992
29815 99291.122
29816 13120.423
29817 54660.944
29818 19065.582
29819 12814.624
29820 16160.703
29821 13189.153
29822 24347.802
29823 5353.4564
29824 21574.75
29825 11068.368
29826 6454.518
29827 7786.8068
29828 7927.5359
29829 7732.2029
29830 4865.2451
29831 14491.236
29832 31616.764
29833 6032.0997
29834 21588.542
29835 4270.0915
29836 5895.8443
29837 7245.5119
29838 14309.911
29839 6079.0292
29840 8616.8577
29841 19463.273
29842 7690.1408
29843 12062.299
29844 8747.8116
29845 10471.527
29846 8255.5973
29847 14260.773
29848 10583.338
29849 14913.784
29850 12566.046
29851 15201.346
29852 13605.557
29853 9908.077
29854 11408.593
29855 8957.4114
29856 6061.2752
29857 8532.2285
29858 9701.6334
29859 7786.1621
29860 5941.1203
29861 3688.5869
29862 7973.1582
29863 11372.16
29864 24388.85
29865 3007.5861
29866 16689.494
29867 4789.2546
29868 23564.029
29869 7446.5714
29870 16255.049
29871 8514.5049
29872 15071.183
29873 5023.8271
29874 19295.023
29875 13187.21
29876 13006.257
29877 7802.3482
29878 18051.028
29879 8293.5303
29880 11589.561
29881 8937.5032
29882 12276.851
29883 8239.7693
29884 15847.6
29885 3021.6491
29886 14332.372
29887 6774.8537
29888 2802.7242
29889 3791.989
29890 6670.1471
29891 8667.344
29892 5096.5613
29893 3460.4898
29894 9650.6564
29895 6587.2628
29896 13864.757
29897 6482.9613
29898 7278.3467
29899 14754.138
29900 5324.1185
29901 10325.791
29902 7825.8855
29903 8851.6197
29904 15963.845
29905 18763.216
29906 27647.986
29907 41130.284
29908 14203.642
29909 17662.382
29910 14128.562
29911 25485.009
29912 9547.017
29913 11804.017
29914 4425.5544
29915 2244.9752
29916 4659.3866
29917 15082.192
29918 8560.2917
29919 5319.977
29920 3986.3657
29921 5197.7152
29922 5567.9117
29923 20050.03
29924 22758.423
29925 26123.356
29926 37393.484
29927 4983.6431
29928 8163.2892
29929 14792.504
29930 13759.323
29931 12185.384
29932 14193.784
29933 7778.3463
29934 12251.055
29935 3864.6472
29936 4436.6357
29937 7875.5953
29938 7636.6603
29939 4506.0172
29940 8453.8957

