0 34868606
1 35799532
2 44473964
3 31090941
4 22521293
5 31403250
6 26096477
7 6501943
8 7189213
9 4907125.5
10 18236.852
11 8682585.4
12 22379465
13 11273585
14 27777811
15 27812909
16 10927943
17 6039609.9
18 8182605
19 19651764
20 9452535.6
21 5944788.2
22 17611259
23 6936420.2
24 1767409.9
25 0
26 272197.27
27 8180019.9
28 8007758.2
29 21922660
30 32279991
31 6790464.3
32 28642286
33 30292446
34 33681397
35 31439010
36 23451764
37 37804213
38 18992128
39 23801446
40 21532920
41 5934780.6
42 3789416.7
43 1797382
44 422307.84
45 8634425.8
46 8644911.5
47 258.18897
48 1472.4246
49 31036.423
50 2876386.6
51 2894711.2
52 9670688.6
53 25640833
54 37646990
55 43148070
56 43764504
57 3917169.3
58 34891592
59 13634498
60 15090524
61 9476509
62 15143207
63 9002661.7
64 2490801
65 107182.01
66 489623.96
67 477087.91
68 212924.77
69 11357019
70 10949681
71 175542.87
72 8053681.8
73 9298330.6
74 0
75 19990541
76 34057468
77 35683380
78 43211134
79 44642495
80 47804881
81 39818962
82 18980671
83 18980671
84 46611305
85 47229589
86 48094815
87 0
88 14229527
89 12297531
90 25978.068
91 72269.616
92 71763.626
93 17246193
94 16170820
95 14955395
96 34601982
97 46813116
98 45657642
99 43074508
100 1742.4508
101 17772685
102 4391997.4
103 33282.847
104 82500.873
105 5495585.7
106 943699.07
107 0
108 15224144
109 17730251
110 49146278
111 49671128
112 31048.92
113 16379114
114 7374072.8
115 336642.08
116 4246815.4
117 0
118 11912601
119 14992628
120 40794.782
121 77189.382
122 3296886
123 4069697.4
124 45351552
125 45845355
126 40564194
127 25717789
128 43883228
129 0
130 17197838
131 9142123.4
132 6640160.2
133 49314502
134 28192817
135 45593263
136 21753469
137 655189.23
138 19329877
139 1672370.3
140 62542.478
141 43755.088
142 77492.539
143 1427774.2
144 7830032.3
145 0
146 12936514
147 13762783
148 32513.571
149 69265.858
150 60687.959
151 43556.444
152 13110685
153 25602440
154 22388042
155 27339168
156 42055695
157 45247896
158 21738603
159 779775.2
160 44217699
161 37406963
162 43323542
163 48860921
164 40560259
165 46193808
166 32288327
167 47658863
168 49613905
169 0
170 28259091
171 42597600
172 30671294
173 6336206.1
174 24268693
175 4007455.8
176 0
177 12404331
178 15122195
179 83282.987
180 271713.65
181 3388962.7
182 10978698
183 45703371
184 0
185 13952464
186 13140690
187 40945.726
188 80017.361
189 81636.565
190 1462235.6
191 802893.72
192 642229.61
193 1576273
194 20563066
195 28361405
196 22237896
197 9355014.9
198 39794723
199 41367381
200 38488935
201 49427223
202 2494695.5
203 9425339.6
204 17466147
205 82655.121
206 79500.703
207 74071.185
208 2044338.4
209 9470461.6
210 5228580.6
211 4117869.2
212 6291642.3
213 7865558.2
214 11809456
215 21385094
216 18760101
217 24074867
218 35633847
219 24887973
220 21428350
221 36211161
222 21696091
223 46411745
224 23470029
225 44492684
226 4878731.7
227 39595643
228 38035958
229 648584.45
230 14694180
231 13168293
232 58704.595
233 16648806
234 24302027
235 4479870.3
236 18329046
237 27778606
238 49683341
239 10631036
240 8162382.8
241 19012266
242 123030.02
243 139682.91
244 99048.192
245 5351263.3
246 4043309.6
247 1714552.1
248 19029855
249 2279675.7
250 32980195
251 37910044
252 30360698
253 712340.79
254 2903761.1
255 2513232.6
256 14548854
257 19235685
258 15510750
259 10631036
260 6519518.8
261 21399024
262 1842257.8
263 28380334
264 33979228
265 21739324
266 45971391
267 0
268 17857109
269 8816600.5
270 81323.581
271 3872933.5
272 49527816
273 36860197
274 39822898
275 45834411
276 3129698.3
277 42881842
278 49427223
279 23049782
280 3636657.2
281 19126597
282 457759.07
283 45595.098
284 47076.594
285 39680.424
286 26915.928
287 1732047.7
288 17845867
289 5959784.3
290 46787466
291 18204807
292 6771873.7
293 28241776
294 2804618.3
295 0
296 17200647
297 8233037.8
298 99875.763
299 3441180.2
300 296858.42
301 40154524
302 40154524
303 21739324
304 21739324
305 7336889.7
306 34579057
307 39705494
308 43795679
309 19693701
310 27109716
311 27109716
312 5083770
313 18972366
314 215168.36
315 69574.591
316 109855.78
317 6223171
318 11709072
319 40731002
320 37454050
321 5960.8252
322 19212899
323 4944106.3
324 240088.62
325 30523085
326 25037361
327 7344529.9
328 36518964
329 246445.12
330 37493848
331 40988938
332 13764996
333 6132696.1
334 20280122
335 193278.63
336 100019.68
337 51451.752
338 178652.05
339 6532209
340 44081663
341 46248618
342 34573370
343 34573370
344 120841.23
345 17885392
346 3853214.1
347 4548410.4
348 0
349 13718731
350 16099920
351 30194155
352 16959042
353 2738653
354 17882696
355 1110921.7
356 46854.252
357 81369.291
358 47793.762
359 7088085.2
360 21313583
361 19216538
362 9342388.6
363 15887675
364 48754.836
365 20758839
366 36233441
367 35314141
368 34156830
369 19693701
370 8585846.7
371 24979744
372 3391188.8
373 40147121
374 44855274
375 17197072
376 14103013
377 36758675
378 35401543
379 48744256
380 28532943
381 3344145.8
382 44228341
383 0
384 28532943
385 42653764
386 49765472
387 0
388 45686682
389 22294145
390 30336546
391 33589499
392 0
393 16025405
394 8586938.6
395 239739.08
396 609891.66
397 133114.78
398 16036.925
399 32578.928
400 39042.582
401 3422790.6
402 8871619.9
403 33979228
404 47251600
405 27109716
406 1641411.6
407 34638134
408 36284566
409 2248175.5
410 21702598
411 816833.51
412 149583.73
413 3360490.7
414 4547568.2
415 55543.944
416 19322359
417 3436236.8
418 51379.553
419 83904.477
420 68759.163
421 53798.22
422 53053.313
423 42441.161
424 14122.305
425 11170.216
426 8759.337
427 2724111.4
428 13007801
429 8070806
430 8042155.4
431 0
432 0
433 0
434 0
435 0
436 12366781
437 626648.71
438 35635802
439 24752668
440 411217.93
441 19954952
442 2055577.2
443 100140.42
444 115014.89
445 470703.25
446 1863684
447 2763.1247
448 20.085793
449 0
450 0
451 0
452 0
453 102.97748
454 859.59698
455 2119.7685
456 907.53108
457 383.69539
458 739.78205
459 519.61559
460 6220815.9
461 17803626
462 0
463 45344385
464 6435575.9
465 6214142
466 31457051
467 28864218
468 0
469 16521543
470 15973044
471 14760151
472 14749010
473 4715156
474 22095755
475 440199.09
476 87605.351
477 106903.78
478 30150.259
479 50530.549
480 29042.392
481 25173.214
482 27285.099
483 3156.5237
484 23482.582
485 31523.912
486 1053.8231
487 5761269.6
488 9647180.8
489 0
490 17299207
491 7007900.7
492 31094.177
493 68566.127
494 57002.872
495 43340.652
496 40839.287
497 38066.837
498 18485.945
499 1058444.2
500 1469898.4
501 1221.024
502 2645.9422
503 760.73724
504 1235.769
505 2112.787
506 1943.6923
507 803.79129
508 2345.4041
509 3604.029
510 2610.6386
511 2724.7276
512 10090213
513 36142564
514 23018608
515 6578802.3
516 14525568
517 2338804.7
518 12654327
519 11600675
520 0
521 8350639.3
522 20111536
523 14464435
524 0
525 173.3137
526 12349005
527 12355712
528 6264.3607
529 527.04449
530 83211.356
531 18502122
532 24406184
533 4536767.8
534 7591747.1
535 29041546
536 9989600
537 28234274
538 30413805
539 8440417.9
540 10880014
541 21533887
542 10095850
543 1068.9552
544 0
545 0
546 5482.6503
547 3746.328
548 251.05613
549 78.898704
550 349.36604
551 705.81615
552 719.15582
553 657.1919
554 161.10234
555 0
556 3683811
557 19807503
558 13141581
559 117155.81
560 0
561 0
562 0
563 0
564 0
565 0
566 515.29687
567 2615.4932
568 85.874985
569 97.841679
570 35.47843
571 832.0138
572 346.11356
573 0
574 0
575 3762885.6
576 22316637
577 11055439
578 7795732
579 12811420
580 5640341.9
581 351219.94
582 0
583 0
584 0
585 0
586 0
587 41.974222
588 1538.716
589 633.02655
590 40.997062
591 27.102604
592 21.699652
593 38.874185
594 46.602378
595 814.2805
596 431.81305
597 0
598 0
599 3636473
600 21136774
601 10033903
602 8285386.3
603 0
604 0
605 0
606 127434.57
607 208784.54
608 2678484.7
609 2688416.8
610 73364.484
611 0
612 73364.484
613 73364.484
614 0
615 0
616 0
617 0
618 0
619 0
620 0
621 0
622 0
623 0
624 1667.8736
625 1331.3054
626 55.327477
627 33.405415
628 105.92599
629 1165.2844
630 934.60155
631 322.12369
632 155.08411
633 55.256583
634 0
635 0
636 0
637 0
638 0
639 0
640 4031601.2
641 19736230
642 19833455
643 0
644 7713020.3
645 5700890.9
646 0
647 0
648 0
649 0
650 0
651 0
652 0
653 0
654 0
655 0
656 0
657 0
658 0
659 0
660 0
661 0
662 0
663 114.89859
664 8721.6005
665 5560.8003
666 609.22163
667 45.802039
668 13.145265
669 57.430133
670 556.71685
671 290.62912
672 0.87414907
673 0
674 0
675 0
676 0
677 0
678 1608031.9
679 21038372
680 18055224
681 12176851
682 0
683 0
684 0
685 0
686 0
687 0
688 0
689 0
690 0
691 0
692 0
693 0
694 0
695 41.242768
696 2176.4404
697 367.4761
698 28.093447
699 34.081346
700 13.706514
701 9.0897079
702 8.4171816
703 10.145071
704 7.1113573
705 7.9008847
706 9.2288501
707 44.834587
708 421.1026
709 271.57747
710 5.8079343
711 0
712 0
713 0
714 0
715 0
716 0
717 0
718 0
719 561322.54
720 561322.54
721 0
722 0
723 0
724 3710833.8
725 10100566
726 8254388.6
727 11945530
728 17724425
729 28973762
730 29917237
731 12415136
732 14893126
733 5340638.7
734 214759.5
735 7462671.4
736 9009447.1
737 4394164.8
738 114983.94
739 276956.22
740 10263452
741 1234486.3
742 1947656.6
743 1947656.6
744 0
745 6615312.7
746 19643118
747 4583739.2
748 34426.677
749 0
750 0
751 0
752 0
753 9830373.3
754 21347008
755 10897825
756 20174803
757 12548829
758 0
759 0
760 7628459
761 10456508
762 6051909.8
763 3015993.8
764 0
765 0
766 0
767 0
768 0
769 0
770 0
771 0
772 0
773 0
774 0
775 0
776 0
777 0
778 0.004375
779 0.004375
780 0
781 0
782 0.01715834
783 2.3865277
784 63.184101
785 94.418395
786 71.298234
787 2446.0458
788 2402.2789
789 298.09954
790 170.38094
791 98.273032
792 227.01213
793 431.7532
794 350.6835
795 121.92523
796 71.02353
797 148.03783
798 76.882899
799 40.416484
800 190.58668
801 305.51214
802 3046.1273
803 3183.5819
804 1867.7345
805 557.44606
806 151.97388
807 0
808 0
809 0
810 0
811 0
812 0
813 0
814 0.109375
815 136.51391
816 197.08849
817 733.30096
818 1508.5124
819 1241.0745
820 389.76502
821 278.05031
822 205.78663
823 319.1203
824 162.65645
825 169.20663
826 144.05282
827 229.26933
828 155.13735
829 262.28278
830 274.69963
831 1264239.3
832 8284892.4
833 10866021
834 4049181.2
835 8692183.4
836 29313834
837 26668641
838 9127466.7
839 841.99759
840 266.68619
841 202.97369
842 10548297
843 7882180.3
844 10821005
845 21176143
846 107427.8
847 252338.69
848 296429.67
849 88977.882
850 33727.013
851 18357.564
852 25363.594
853 22790.261
854 6078.4844
855 48625.99
856 238873.19
857 12975156
858 10960.141
859 12759447
860 48094815
861 0
862 16109330
863 7196863.4
864 37625.501
865 59842.697
866 57092.105
867 5178663.4
868 4144742.3
869 0
870 19500.301
871 351823.37
872 364908.44
873 244649.79
874 169265.39
875 114237.58
876 77984.394
877 55299.754
878 153841.5
879 571490.78
880 12482258
881 4786269.2
882 5788044.8
883 1297474.7
884 1813951.9
885 2584547.9
886 3884076.5
887 6999628.4
888 10260917
889 12545294
890 1704956.3
891 7204976.8
892 6672752
893 15093415
894 19021099
895 19005138
896 22359090
897 13841796
898 14225084
899 7892904.1
900 8135589.3
901 9061646.8
902 6991924.1
903 9899692.3
904 3499645.3
905 847765.17
906 1024563.8
907 1336515.1
908 433961.2
909 331814.74
910 1462293.9
911 1675174.4
912 7597508.7
913 7749105.2
914 4636893.8
915 19523148
916 30246195
917 19490315
918 6979827.1
919 5896223.6
920 10172244
921 11109893
922 6680068.5
923 9791847.3
924 5599550
925 14633440
926 38279248
927 2148106.9
928 7432028.1
929 34959593
930 41154833
931 40107086
932 41074238
933 34503755
934 44417128
935 14629020
936 22258984
937 11395113
938 26570717
939 36161673
940 0
941 15226941
942 10178331
943 35001.502
944 110949.2
945 4528308.7
946 2693027
947 17299.59
948 4234206.4
949 8264936.8
950 9146425.5
951 5196491.4
952 20016970
953 35159854
954 17676119
955 0
956 0
957 0
958 0
959 0
960 0
961 0
962 0
963 0
964 0
965 0
966 14657563
967 44937828
968 10631036
969 4240763.8
970 14045043
971 13272333
972 39747.552
973 93277.065
974 70645.054
975 50408.554
976 33731.801
977 4372616.2
978 25210242
979 49765472
980 0
981 14386049
982 17310205
983 90571.569
984 190672.62
985 216126.45
986 62793.02
987 26418.444
988 20753.893
989 28995.752
990 22964.414
991 5002.0083
992 92113.757
993 4476896.4
994 13152862
995 8860521.5
996 0
997 62255.037
998 423560.63
999 342004.25
1000 243484.56
1001 850876.27
1002 9889049.3
1003 3996942.4
1004 64704.76
1005 8377.0344
1006 70562.25
1007 710710.96
1008 911140.69
1009 258678.84
1010 1707203.1
1011 868542.05
1012 889268.11
1013 12461170
1014 24266950
1015 7183508.7
1016 795132.35
1017 257261.82
1018 507970.43
1019 1435202.4
1020 376795.87
1021 116167.31
1022 89998.937
1023 197956.36
1024 81729.61
1025 87820.502
1026 66244.667
1027 561477.15
1028 654178.58
1029 728953.23
1030 103295.64
1031 518486.57
1032 282975.25
1033 935739.53
1034 945253.76
1035 216659.11
1036 112477.54
1037 158709.77
1038 1358771.1
1039 3732207.4
1040 13271964
1041 1901082.6
1042 2271643.8
1043 1214317
1044 381301.29
1045 133356.83
1046 123982.64
1047 175821.8
1048 127490.55
1049 116126.54
1050 368055.24
1051 885516.61
1052 1080414.3
1053 1230244.3
1054 1144829.9
1055 170167.89
1056 1027931.9
1057 1510076.9
1058 1315741.8
1059 203615.35
1060 596881.55
1061 1049840.6
1062 885836.67
1063 445285.52
1064 366920.82
1065 399432.79
1066 846432.39
1067 139529.4
1068 37714.834
1069 28590.827
1070 65794.38
1071 133701.82
1072 101944.9
1073 42508.99
1074 50276.532
1075 49261.906
1076 25874.761
1077 18863.422
1078 40929.45
1079 167563.37
1080 452677.06
1081 81156.242
1082 356313.57
1083 499218.6
1084 182934.76
1085 64062.263
1086 69189.639
1087 41299.743
1088 56897.381
1089 90046.854
1090 350363.52
1091 577350.63
1092 192279.07
1093 15734.726
1094 24864.076
1095 35795.716
1096 33010.602
1097 28065.248
1098 22182.902
1099 9956.8883
1100 23755.218
1101 33941.106
1102 40371.245
1103 41315.937
1104 106011.79
1105 118775.42
1106 162903.92
1107 184891.03
1108 67266.777
1109 119029.12
1110 173750.7
1111 71522.928
1112 100971.34
1113 199469.48
1114 109439.92
1115 55598.502
1116 74163.081
1117 701730.34
1118 1032795.2
1119 212715.73
1120 52551.726
1121 82650.997
1122 1782789.4
1123 16227539
1124 48373225
1125 24808715
1126 23493226
1127 0
1128 8483457
1129 24635209
1130 44059166
1131 44457045
1132 21185645
1133 0
1134 59427.072
1135 40326660
1136 44888473
1137 36994665
1138 0
1139 11886.374
1140 333295.32
1141 389709.38
1142 256185.28
1143 180762.79
1144 1917306.3
1145 9044212.9
1146 23761036
1147 25054370
1148 2821684.4
1149 296938.77
1150 1405428.5
1151 8352671.3
1152 20208102
1153 2453242
1154 25469240
1155 28056639
1156 32832444
1157 46249867
1158 182888.59
1159 31983212
1160 6682346.3
1161 28316416
1162 42564355
1163 48145010
1164 36123818
1165 0
1166 16113517
1167 21193644
1168 4173321.1
1169 49256478
1170 20302190
1171 20302190
1172 18420.863
1173 14875725
1174 21984294
1175 33616145
1176 0
1177 40451813
1178 11865186
1179 26635.672
1180 495962.89
1181 701296.18
1182 873748.63
1183 3318963.9
1184 3135783.5
1185 989664.09
1186 87628.359
1187 210786.33
1188 398377.22
1189 70254.76
1190 84747.901
1191 72231.69
1192 19841.253
1193 134426.15
1194 986645.53
1195 1456739.6
1196 1292125.4
1197 1163269
1198 269076.63
1199 98286.358
1200 98924.907
1201 107336.12
1202 83080.076
1203 19304.229
1204 23393.038
1205 28151.297
1206 50248.589
1207 91934.522
1208 40523.178
1209 168698.12
1210 303157.63
1211 298504.77
1212 558485.75
1213 149839.93
1214 172273.48
1215 213294.87
1216 12294019
1217 36716328
1218 34659039
1219 31678740
1220 32781795
1221 6990948
1222 21004102
1223 21004102
1224 0
1225 15158435
1226 20908539
1227 1057653.2
1228 3370.7647
1229 231059.97
1230 494325.35
1231 1157402.4
1232 494869.87
1233 392034.31
1234 594789.69
1235 144101.86
1236 119108.01
1237 325640.19
1238 71145.118
1239 40143.561
1240 20375.253
1241 59345.747
1242 57404.906
1243 24887.81
1244 32714.585
1245 34184.758
1246 31252.143
1247 46331.823
1248 44038.202
1249 63435.225
1250 55165.174
1251 33861.313
1252 125235.18
1253 77727.752
1254 40341
1255 40493.723
1256 37833.453
1257 26692.996
1258 35108.45
1259 22805.144
1260 37235.329
1261 159582.32
1262 198039.78
1263 88868.522
1264 109674.3
1265 220959.73
1266 168671.41
1267 160340.7
1268 152645.07
1269 66483.385
1270 65177.036
1271 62047.346
1272 112809.66
1273 120602.04
1274 300715.51
1275 399522.2
1276 158269.06
1277 103000.5
1278 142698.05
1279 191598.56
1280 107958.34
1281 49010.279
1282 178691.25
1283 487721.51
1284 221880.08
1285 57131.745
1286 69288.869
1287 47906.706
1288 28142.391
1289 2019228.4
1290 3050347.3
1291 209399.38
1292 163725.38
1293 122074.52
1294 140081.14
1295 165107.86
1296 206893.9
1297 109290.9
1298 55274.842
1299 109947.54
1300 83487.505
1301 34152.81
1302 35550.825
1303 13561739
1304 34696695
1305 1963961
1306 2674270.8
1307 650777.33
1308 69598.096
1309 193077.68
1310 62175.189
1311 120936.85
1312 86881.747
1313 93889.926
1314 198378.97
1315 254791.02
1316 127047
1317 52793.752
1318 57294.42
1319 38500.177
1320 244181.9
1321 565546.41
1322 598753.14
1323 96723.223
1324 59988.774
1325 26654.827
1326 43178.927
1327 37701.083
1328 24735.232
1329 24425.48
1330 33303.345
1331 24447.421
1332 14742.847
1333 28774.809
1334 53525.419
1335 48450.513
1336 58193.202
1337 52743.892
1338 24306.632
1339 11042.975
1340 46808.106
1341 50688.538
1342 25318.437
1343 31543.985
1344 35451.666
1345 21952.59
1346 239940.82
1347 10463788
1348 33751497
1349 46438276
1350 36332776
1351 0
1352 7216839.6
1353 9188733.1
1354 21954604
1355 35135053
1356 25840364
1357 43262985
1358 9535003.1
1359 13967935
1360 5402639.6
1361 12410337
1362 29825794
1363 34058681
1364 14957358
1365 20049229
1366 20049229
1367 14364654
1368 24559680
1369 154300.16
1370 63770.653
1371 450011.75
1372 900243.23
1373 730581.89
1374 640956.72
1375 125705.01
1376 746047.89
1377 599721.48
1378 472429.5
1379 302224.63
1380 31527.474
1381 485862.89
1382 833532.14
1383 225053.26
1384 87771.977
1385 110565.18
1386 157829.28
1387 177605.37
1388 281278.94
1389 196799.74
1390 42796.547
1391 134418.63
1392 142297.88
1393 60908.444
1394 151467.19
1395 203639.83
1396 164038.46
1397 168732.15
1398 553941.36
1399 783139.71
1400 246328.65
1401 47772.915
1402 27447.033
1403 71149.053
1404 166626.72
1405 432042.52
1406 357126.53
1407 345207.06
1408 14040900
1409 42190775
1410 15218339
1411 0
1412 53107.258
1413 795993.61
1414 16411029
1415 6663875.7
1416 302596.93
1417 37559.012
1418 41957.755
1419 562183.52
1420 2636864.6
1421 17507151
1422 31606919
1423 23839596
1424 49583937
1425 0
1426 0
1427 137610.96
1428 456345.02
1429 295710.24
1430 209627.35
1431 5201414.1
1432 20093069
1433 45843375
1434 16489044
1435 1585238.3
1436 2696508.8
1437 2580875.4
1438 11367034
1439 30439626
1440 27109716
1441 14575227
1442 25917639
1443 231090.36
1444 31537.527
1445 280608.91
1446 424270.98
1447 2067300
1448 1770186.4
1449 108237.16
1450 1107525.7
1451 1229399
1452 139827.56
1453 64558.937
1454 85052.066
1455 125875.75
1456 82173.876
1457 71014.798
1458 71993.578
1459 34491.136
1460 31548.165
1461 30878.525
1462 33228.779
1463 149055.43
1464 125685.61
1465 75017.036
1466 138884.34
1467 124367.65
1468 69996.83
1469 196856.92
1470 428617.55
1471 36186.258
1472 25523.808
1473 16282.92
1474 17783.198
1475 16212.412
1476 222965.98
1477 262674.48
1478 76592.687
1479 35625.715
1480 22573.956
1481 26589.477
1482 37741.321
1483 20011.357
1484 21121.3
1485 15822.739
1486 21980.299
1487 26860.264
1488 18882.834
1489 23243.208
1490 27991.911
1491 39462.794
1492 19803.002
1493 11730.638
1494 14700.659
1495 12643.439
1496 14422.125
1497 15278.699
1498 11989.598
1499 526413.43
1500 556640.26
1501 282558.65
1502 3456796.2
1503 3568212.5
1504 64841.18
1505 38809.472
1506 256633.92
1507 846721.74
1508 246446.5
1509 9649843.9
1510 28653716
1511 44033519
1512 0
1513 2576.387
1514 271670.77
1515 451644.51
1516 14518444
1517 11101480
1518 994691.14
1519 20998516
1520 37542092
1521 287149.78
1522 21946288
1523 7059694.2
1524 237542.08
1525 229835.66
1526 604976.43
1527 427675.52
1528 3225671.2
1529 37030286
1530 31559473
1531 0
1532 19505.032
1533 360525.5
1534 379192.64
1535 256804.76
1536 624662.16
1537 2048399.6
1538 1060134.4
1539 197932.49
1540 3407052.4
1541 18597884
1542 35461367
1543 25527244
1544 38363972
1545 47536172
1546 20098325
1547 9230603.6
1548 131390.8
1549 396033.01
1550 21185481
1551 34732837
1552 17673152
1553 1498216.9
1554 4171663.3
1555 35347119
1556 26901578
1557 37268751
1558 2083944.5
1559 863545.82
1560 2096810
1561 4860040.8
1562 38574528
1563 42428913
1564 19512537
1565 26527569
1566 23698160
1567 20102107
1568 3153668.3
1569 2650040.3
1570 1150471.3
1571 453575.16
1572 125050.48
1573 134962.84
1574 78341.534
1575 79908.838
1576 110613.34
1577 216421.71
1578 58414.646
1579 67698.76
1580 80384.828
1581 49731.333
1582 58968.12
1583 48451.118
1584 83517.056
1585 132587.08
1586 96563.468
1587 50109.831
1588 99895.856
1589 66593.694
1590 38255.562
1591 29685.199
1592 52319.046
1593 30951.488
1594 27865.24
1595 31046.851
1596 82529.358
1597 157618.56
1598 158411.78
1599 176447.46
1600 173033
1601 67321.817
1602 86194.57
1603 57962.093
1604 76229.947
1605 111765.95
1606 176743.64
1607 127282.05
1608 74667.217
1609 73261.587
1610 109534.47
1611 68076.026
1612 24451.988
1613 43680.52
1614 37666.956
1615 18578.81
1616 21989.96
1617 28827.36
1618 55714.742
1619 74647.151
1620 72764.418
1621 94870.298
1622 143328.18
1623 103930.49
1624 63852.613
1625 140336.51
1626 63947.964
1627 30525.099
1628 81863.688
1629 82073.551
1630 71948.211
1631 78765.528
1632 128568.78
1633 270193.79
1634 59178.01
1635 39852.739
1636 22580.088
1637 33166.283
1638 62171.57
1639 69095.999
1640 111398.12
1641 111481.67
1642 84874.37
1643 54788.52
1644 56015.299
1645 46834.475
1646 64017.811
1647 80447.921
1648 44989.524
1649 52326.367
1650 216428.36
1651 141149.47
1652 47845.175
1653 96361.188
1654 143263.75
1655 189702.95
1656 120889.87
1657 49408.796
1658 40100.922
1659 53971.83
1660 59345.505
1661 57625.447
1662 37491.178
1663 23227.35
1664 26356.598
1665 46575.084
1666 42041.936
1667 36430.173
1668 58124.767
1669 45466.33
1670 28077.028
1671 36504.918
1672 38126.986
1673 30839.411
1674 40348.92
1675 43621.2
1676 65870.409
1677 41473.977
1678 27401.943
1679 149252.39
1680 6018205.1
1681 25788627
1682 44714382
1683 20216386
1684 5468632
1685 4084996.6
1686 1734689.4
1687 3260322.6
1688 678198.84
1689 661745.89
1690 218475.64
1691 52192.887
1692 66973.045
1693 52809.563
1694 48543.609
1695 31660.207
1696 43411.456
1697 80698.664
1698 68779.567
1699 378264.43
1700 602006.44
1701 3955593.6
1702 6892634.9
1703 12347408
1704 14594227
1705 9931028.5
1706 941597.02
1707 3497625.2
1708 6233057.3
1709 334928.4
1710 242125.48
1711 150656.56
1712 2225526.8
1713 22332327
1714 25807882
1715 23039093
1716 31752972
1717 36292144
1718 34619990
1719 15469777
1720 9012021.4
1721 2154645.2
1722 338410.51
1723 286238.84
1724 22389.304
1725 43129.639
1726 78489.815
1727 85960.555
1728 2855332.7
1729 3520329.8
1730 1411554
1731 193713.63
1732 85490.748
1733 8406067.2
1734 7309156.8
1735 304737.75
1736 98273.229
1737 53195.507
1738 81369.901
1739 52037.866
1740 57885.736
1741 57240.975
1742 44263.576
1743 43462.755
1744 58046.097
1745 40088.381
1746 51454.294
1747 52696.318
1748 49690.741
1749 55165.756
1750 49574.158
1751 56985.858
1752 63137.901
1753 44132.878
1754 34719.903
1755 33654.311
1756 58508.02
1757 128573.44
1758 119598.02
1759 68427.482
1760 29819.303
1761 49406.234
1762 37151.673
1763 76572.325
1764 117583.71
1765 44249.117
1766 64865.783
1767 81681.932
1768 71180.562
1769 68083.835
1770 54231.194
1771 81008.743
1772 125855.29
1773 71961.091
1774 73553.248
1775 102454.04
1776 161833.86
1777 164781.28
1778 75076.306
1779 70221.012
1780 66867.848
1781 83231.896
1782 64567.369
1783 46772.13
1784 66151.967
1785 64645.454
1786 38902.004
1787 51165.266
1788 66461.748
1789 54586.922
1790 52578.361
1791 56649.469
1792 49126.073
1793 42785.149
1794 55695.962
1795 34346.241
1796 46173.299
1797 45115.849
1798 22113.48
1799 25340.459
1800 44890.088
1801 41589.565
1802 30247.651
1803 46154.242
1804 43901.982
1805 30476.005
1806 42848.053
1807 59062.971
1808 58046.698
1809 57326.664
1810 51485.291
1811 33547.098
1812 40428.145
1813 86720.496
1814 101798.9
1815 67614.962
1816 175753.48
1817 10724457
1818 7296183
1819 28331232
1820 11206050
1821 83895.96
1822 325335.36
1823 9705044.3
1824 21535441
1825 26096622
1826 212843.95
1827 1101513.6
1828 1121523.6
1829 14932629
1830 27189835
1831 27093536
1832 15190338
1833 209159.48
1834 158289.67
1835 2563828.7
1836 7079970.9
1837 9556743.4
1838 25498972
1839 416399.24
1840 10890.329
1841 226643.67
1842 562867.97
1843 1189315.3
1844 919546.15
1845 216857.66
1846 126158.6
1847 81865.792
1848 170694.5
1849 93751.349
1850 343825.98
1851 424478.15
1852 49566.432
1853 147745.9
1854 121048.66
1855 75141.962
1856 163862.08
1857 53500.237
1858 61663.267
1859 67634.167
1860 20833.089
1861 68698.996
1862 56127.171
1863 22071.898
1864 37715.611
1865 51172.08
1866 77630.713
1867 18015.42
1868 7056898
1869 19376850
1870 45188693
1871 0
1872 0
1873 203750.85
1874 16646236
1875 12971105
1876 233330.51
1877 46423.488
1878 621452.61
1879 1052304.5
1880 119727.78
1881 280209.15
1882 367177.9
1883 142060.4
1884 56783.97
1885 50805.7
1886 2964860.5
1887 12867960
1888 46288613
1889 262202.12
1890 0
1891 109794.79
1892 718781.47
1893 1515896.7
1894 1067151.1
1895 326691.89
1896 611855.76
1897 364523.24
1898 140314.02
1899 138984.16
1900 113524.27
1901 65789.354
1902 84243.678
1903 78036.795
1904 66339.991
1905 44429.248
1906 79604.259
1907 56259.469
1908 39494.587
1909 71445.318
1910 36874.445
1911 27889.842
1912 69200.077
1913 36117.168
1914 32341.055
1915 29058.412
1916 26426.593
1917 27498.472
1918 27069.871
1919 26107.219
1920 47127.969
1921 13623140
1922 19770396
1923 8344706.1
1924 416467.48
1925 237666.83
1926 35914.785
1927 93778.397
1928 93527.324
1929 32306.515
1930 70592.786
1931 49469.336
1932 25081.114
1933 44324.205
1934 34493.906
1935 39308.761
1936 44652.38
1937 42797.996
1938 42817.613
1939 50023.132
1940 35490.579
1941 45229.683
1942 64152.55
1943 52260.5
1944 48728.223
1945 104077.89
1946 116007.86
1947 86155.707
1948 43637.32
1949 21221.922
1950 44154.641
1951 83691.56
1952 48519.963
1953 21845.4
1954 30125.579
1955 40681.51
1956 36164.574
1957 32733.032
1958 36339.223
1959 67132.159
1960 69524.966
1961 48391.871
1962 29573.521
1963 28040.242
1964 54238.494
1965 44299.565
1966 38458.693
1967 61326.452
1968 64385.06
1969 151184.17
1970 82245.429
1971 64737.091
1972 65429.9
1973 129529.41
1974 123691.21
1975 36679.629
1976 57755.005
1977 9522660.2
1978 24834157
1979 25938236
1980 25551169
1981 21310207
1982 20201674
1983 22582985
1984 23525.567
1985 113823.59
1986 2037763.6
1987 910713.62
1988 1391469.7
1989 902605.61
1990 181444.1
1991 161649.54
1992 216123.45
1993 94030.612
1994 180183.1
1995 290855.54
1996 114782.44
1997 72146.507
1998 30513.318
1999 37807.762
2000 35025.203
2001 18010.329
2002 21834.976
2003 25357.88
2004 52063.55
2005 44340.201
2006 24750.084
2007 36622.62
2008 38531.28
2009 46896.806
2010 38941.762
2011 34626.21
2012 39449.012
2013 42454.107
2014 50363.615
2015 63594.47
2016 38892.522
2017 35257.725
2018 49622.264
2019 35545.424
2020 27770.874
2021 22901.713
2022 111218.42
2023 133600.18
2024 29871.58
2025 39870.121
2026 32480.951
2027 17676.413
2028 16049.557
2029 20420.956
2030 23833.266
2031 31723.369
2032 32104.082
2033 35833.159
2034 40406.721
2035 17121.912
2036 20051.849
2037 25861.093
2038 41004.783
2039 36991.789
2040 93597.245
2041 67183.88
2042 40260.311
2043 19143.344
2044 22789.451
2045 18934.275
2046 24379.322
2047 22382.453
2048 4652.3548
2049 6953.061
2050 20653.66
2051 21594.816
2052 23947.711
2053 25142.147
2054 30377.093
2055 31018.332
2056 10716.829
2057 24997.59
2058 25309.16
2059 22682.181
2060 34362.233
2061 16010.914
2062 16887.01
2063 18138.4
2064 1645420
2065 1922823.1
2066 277863.59
2067 263572.9
2068 190950.17
2069 47395.64
2070 39099.387
2071 300689.61
2072 526690.83
2073 251021.9
2074 58694.176
2075 28503.912
2076 51255.91
2077 281721.45
2078 261107.18
2079 83154.403
2080 77692.312
2081 1163324.1
2082 19960338
2083 39325626
2084 0
2085 2627709.6
2086 15812070
2087 3764288.4
2088 18439641
2089 39724925
2090 2066562.5
2091 12432038
2092 2309682.2
2093 128377.29
2094 122187.53
2095 133544.85
2096 157298.83
2097 149891.87
2098 21656014
2099 27519835
2100 284700.96
2101 9613217.7
2102 5661899.5
2103 635318.58
2104 57210.176
2105 186803.82
2106 178062.27
2107 203794.8
2108 6226142.3
2109 14008200
2110 48926733
2111 39483034
2112 48290509
2113 30039524
2114 0
2115 24512.837
2116 334513.51
2117 701511.26
2118 1451795.1
2119 1647135.6
2120 945034.37
2121 144714.11
2122 5456498.2
2123 12084432
2124 23134609
2125 28572949
2126 20318542
2127 18036946
2128 712739.79
2129 651862.6
2130 45609.408
2131 89052.303
2132 76971.888
2133 46866.266
2134 30235.561
2135 47615.574
2136 60572.795
2137 53528.564
2138 43555.381
2139 27840.96
2140 32493.569
2141 30106.735
2142 46798.962
2143 442554.89
2144 462957.87
2145 339213.7
2146 653842.25
2147 120229.74
2148 129661.54
2149 72561.973
2150 73523.428
2151 85803.572
2152 60887.262
2153 38822.118
2154 108250.7
2155 138548.78
2156 90710.139
2157 119213.58
2158 93194.724
2159 61427.969
2160 46008.471
2161 64749.266
2162 57326.58
2163 54465.071
2164 67042.409
2165 53547.697
2166 64820.78
2167 43027.606
2168 43677.689
2169 48600.805
2170 61794.472
2171 54853.596
2172 36154.803
2173 99285.233
2174 110514.07
2175 66351.943
2176 53693.667
2177 49202.006
2178 51258.248
2179 74795.732
2180 81278.152
2181 55780.706
2182 83771.753
2183 103899.51
2184 87979.761
2185 100156.22
2186 312781.58
2187 349865.67
2188 227901.45
2189 195612.19
2190 174006.29
2191 54211.168
2192 51731.867
2193 110371.78
2194 129976.1
2195 94645.505
2196 60674.284
2197 110124.56
2198 94918.319
2199 123674.41
2200 172592.65
2201 146383.66
2202 80742.3
2203 105671.9
2204 136278.78
2205 134965.34
2206 196871.78
2207 346448.75
2208 140105.34
2209 67297.142
2210 77714.558
2211 59826.319
2212 114999.43
2213 214855.15
2214 104571.91
2215 31677.578
2216 49741.084
2217 45095.425
2218 53277.422
2219 58123.357
2220 79155.559
2221 73410.539
2222 82861.784
2223 78061.251
2224 48302.829
2225 89243.269
2226 284981.2
2227 262584.42
2228 110538.12
2229 116829.76
2230 63666.077
2231 198149.14
2232 140682.4
2233 130472.95
2234 152468.88
2235 302991.96
2236 210139.53
2237 131218.83
2238 213868.37
2239 224929.9
2240 135576.56
2241 70698.186
2242 152385.26
2243 147641.93
2244 138562.49
2245 141886.95
2246 140719.99
2247 116862.42
2248 74788.118
2249 74720.361
2250 73879.896
2251 111744.38
2252 146087.06
2253 129636.99
2254 135011.16
2255 176569.15
2256 102785.35
2257 70473.865
2258 76997.116
2259 71316.951
2260 68832.752
2261 85759.572
2262 66573.876
2263 50739.148
2264 62163.099
2265 82306.344
2266 54287.627
2267 200928.77
2268 170879.88
2269 84874.64
2270 247781.48
2271 179661.15
2272 175262.78
2273 144970.06
2274 105486.27
2275 67950.45
2276 210427.76
2277 210110.04
2278 73042.763
2279 90481.844
2280 210605.55
2281 266405.04
2282 155853.46
2283 87352.312
2284 46480.31
2285 41914.475
2286 65907.037
2287 68548.94
2288 41343.757
2289 50900.271
2290 50847.555
2291 53140.593
2292 48973.572
2293 28218.087
2294 39791.049
2295 61003.85
2296 69282.123
2297 68457.388
2298 41311.513
2299 38497.267
2300 46901.623
2301 48788.913
2302 58848.542
2303 98149.944
2304 97444.91
2305 71856.288
2306 47386.363
2307 42662.606
2308 85206.515
2309 105937.33
2310 120922.78
2311 91054.888
2312 72761.513
2313 121433.72
2314 113973
2315 71966.581
2316 58402.532
2317 71439.656
2318 93434.342
2319 89116.442
2320 107905.12
2321 76963.097
2322 89695.571
2323 91765.741
2324 112913.96
2325 115757.57
2326 125637.76
2327 84444.182
2328 89149.271
2329 90293.707
2330 98029.615
2331 110473.07
2332 129946.64
2333 123991.78
2334 110715.81
2335 149164.49
2336 129286.09
2337 127533.62
2338 134981.63
2339 118572.54
2340 152175.6
2341 139349.26
2342 124637.11
2343 135671.21
2344 129871.45
2345 141741.7
2346 100574.2
2347 95569.433
2348 99154.704
2349 52333.057
2350 46596.281
2351 61338.288
2352 63058.336
2353 66998.028
2354 85931.324
2355 87469.44
2356 79849.996
2357 66766.067
2358 71074.282
2359 71648.416
2360 55078.789
2361 29689.905
2362 29872.925
2363 47913.875
2364 41232.008
2365 32679.387
2366 44731.674
2367 63016.034
2368 48443.978
2369 75230.793
2370 103706.06
2371 107207.59
2372 95547.411
2373 81834.299
2374 104354.74
2375 87848.096
2376 76966.991
2377 78916.658
2378 375959.94
2379 285736.15
2380 246800.12
2381 247697.74
2382 66877.18
2383 70690.273
2384 71844.976
2385 48990.978
2386 42021.36
2387 61999.22
2388 68525.307
2389 38945.669
2390 23090.585
2391 43931.01
2392 77623.306
2393 86959.291
2394 59386.703
2395 55124.685
2396 44920.108
2397 55760.842
2398 61067.733
2399 45036.426
2400 40624.955
2401 41059.53
2402 133926.73
2403 210041.17
2404 265870.28
2405 12115155
2406 28494778
2407 18649381
2408 27324691
2409 46736714
2410 22466946
2411 15142008
2412 74600.831
2413 174088.77
2414 193047.48
2415 118538.49
2416 106832.48
2417 51223.598
2418 25828.971
2419 28007.97
2420 47674.393
2421 129705.51
2422 168845.66
2423 128043.47
2424 64164.231
2425 76148.533
2426 82769.479
2427 83083.715
2428 127703.41
2429 151903.64
2430 97110.232
2431 41984.184
2432 51715.703
2433 57122.36
2434 61381.26
2435 74454.876
2436 71297.716
2437 87714.997
2438 76943.728
2439 93191.553
2440 66545.764
2441 75112.575
2442 108008.58
2443 100983.67
2444 91791.558
2445 86616.697
2446 82519.909
2447 102983.42
2448 77437.396
2449 45299.22
2450 45829.651
2451 31395.473
2452 26407.884
2453 29643.289
2454 39644.808
2455 33839.722
2456 34189.366
2457 75112.923
2458 75182.508
2459 52892.831
2460 58306.433
2461 103236.6
2462 102815.14
2463 53344.18
2464 70983.467
2465 62064.388
2466 50378.149
2467 51277.004
2468 56609.173
2469 90945.759
2470 88433.345
2471 69367.527
2472 12200268
2473 16498502
2474 9204324.6
2475 579202.81
2476 174675.98
2477 48216.534
2478 59853.83
2479 78814.174
2480 62279.325
2481 62137.836
2482 70993
2483 42944.958
2484 27091.301
2485 51990.437
2486 57524.685
2487 54917.692
2488 74446.584
2489 63377.458
2490 75478.513
2491 44582.91
2492 55090.915
2493 58574.849
2494 41818.34
2495 27160.109
2496 38223.711
2497 33544.231
2498 25644.32
2499 63290.129
2500 113384.46
2501 152514.59
2502 154149.53
2503 7226041.8
2504 13461590
2505 11170553
2506 31346494
2507 46177141
2508 11223070
2509 27363191
2510 32463425
2511 28674939
2512 17701053
2513 17661220
2514 16845581
2515 14149603
2516 41640367
2517 6484449.4
2518 13796883
2519 34594447
2520 30920068
2521 4540208.9
2522 24821791
2523 28922378
2524 18440591
2525 2627464.4
2526 18065596
2527 29709746
2528 10622707
2529 6444913.5
2530 3762576.3
2531 37436506
2532 39938216
2533 38217470
2534 30043914
2535 0
2536 31486467
2537 31486467
2538 20520616
2539 44991113
2540 32027144
2541 30438248
2542 40181164
2543 35285523
2544 20950632
2545 27090872
2546 23157929
2547 36072762
2548 42244041
2549 35923042
2550 32723746
2551 962522.6
2552 391452.63
2553 985610.11
2554 1118193.2
2555 419117.15
2556 241413.47
2557 190960.32
2558 158680.44
2559 114166.08
2560 307820.82
2561 1844955.5
2562 2275253.1
2563 87845.82
2564 162103.36
2565 1332805
2566 919926.03
2567 122433.53
2568 82357.532
2569 92567.002
2570 123538.91
2571 126982.53
2572 155449.55
2573 207962.13
2574 203601.01
2575 158791.31
2576 47253.817
2577 60601.659
2578 85925.197
2579 97597.089
2580 11125465
2581 10084772
2582 706183.46
2583 146039.35
2584 169075.29
2585 57116.533
2586 47032.547
2587 38065.1
2588 72229.442
2589 49878.822
2590 45141.212
2591 85982.555
2592 81878.792
2593 75123.302
2594 84302.493
2595 135285.46
2596 93203.523
2597 38861.096
2598 39036.801
2599 43402.332
2600 49619.317
2601 37333.688
2602 49081.57
2603 37158.328
2604 39739.311
2605 67469.652
2606 94719.092
2607 106637.34
2608 71817.536
2609 87662.768
2610 177307.35
2611 342043.66
2612 409714.95
2613 748578.76
2614 620849.44
2615 128728.77
2616 145517.72
2617 196049.34
2618 214664.96
2619 93254.558
2620 43701.48
2621 65533.907
2622 104977.56
2623 61341.664
2624 53414.346
2625 63268.001
2626 96217.238
2627 300936.82
2628 268505.72
2629 102084.68
2630 193654.43
2631 182781.29
2632 272311.89
2633 153326.42
2634 158559.86
2635 238156.57
2636 182961.03
2637 327255.89
2638 2588678.3
2639 8102038.2
2640 26253204
2641 41074644
2642 24593580
2643 13581956
2644 29374734
2645 12954141
2646 976215.12
2647 81882.062
2648 20465752
2649 24890106
2650 12065497
2651 1286984.4
2652 3145739.5
2653 11005884
2654 34468352
2655 47182781
2656 26566103
2657 21037217
2658 11386531
2659 53560.993
2660 33946.267
2661 584775.64
2662 648400.84
2663 2436974.5
2664 463491.23
2665 17804132
2666 29494718
2667 30091527
2668 41020528
2669 44550511
2670 42410092
2671 289122.82
2672 205711.74
2673 1823156.2
2674 3290817
2675 922280.21
2676 1909189.4
2677 603835.4
2678 169490.84
2679 340830.48
2680 286241.73
2681 42670.614
2682 52976.837
2683 72884.957
2684 218022.13
2685 158812.25
2686 68081.592
2687 329017.97
2688 362682.93
2689 3512531.9
2690 13582324
2691 12464852
2692 10679626
2693 2325210.5
2694 154439.93
2695 140125.96
2696 117708.48
2697 139624.39
2698 148009.97
2699 117102.29
2700 124568.68
2701 268581.94
2702 131225.19
2703 84597.923
2704 393671.62
2705 1166215.8
2706 2783998.2
2707 703731.07
2708 91079.875
2709 102029.52
2710 4633907.4
2711 10407383
2712 4944817.6
2713 396987.9
2714 64320.715
2715 138676.53
2716 93272.583
2717 97869.561
2718 98430.876
2719 302516.77
2720 226055.42
2721 119661.9
2722 322840.92
2723 223915.71
2724 299372.47
2725 393429.96
2726 7595216.5
2727 7623351.3
2728 539274.19
2729 1011264.5
2730 1137359
2731 7708176.8
2732 22491947
2733 34391380
2734 33433262
2735 25067143
2736 14416743
2737 578091.64
2738 558938.38
2739 956026.87
2740 2544643.4
2741 800384.09
2742 355979.63
2743 112482.46
2744 57791.408
2745 85893.111
2746 97974.858
2747 175046.87
2748 53929.285
2749 39292.984
2750 53644.451
2751 63924.329
2752 99860.477
2753 105780.04
2754 85517.756
2755 21440.454
2756 186213.1
2757 210669.91
2758 312753.12
2759 78667.589
2760 59980.985
2761 70643.78
2762 46224.329
2763 76176.594
2764 84405.785
2765 39504.742
2766 51942.92
2767 43588.485
2768 38491.347
2769 38111.179
2770 33059.357
2771 67733.993
2772 43673.226
2773 46828.911
2774 63511.236
2775 66093.879
2776 68200.959
2777 72202.314
2778 131817.43
2779 164672
2780 212759.12
2781 149553.79
2782 123966.38
2783 248670.23
2784 240969.12
2785 241771.26
2786 271107.26
2787 142235.78
2788 104629.9
2789 96561.981
2790 172342.92
2791 359976.84
2792 464698.33
2793 141020.76
2794 418830.18
2795 684960.94
2796 232041.64
2797 184025.73
2798 197144.33
2799 96124.95
2800 70524.005
2801 83393.964
2802 83749.037
2803 112994.17
2804 165949.09
2805 154732.16
2806 103086.38
2807 130200.08
2808 114550.58
2809 261109.19
2810 400334.38
2811 288757.56
2812 69365.63
2813 35648.853
2814 42687.097
2815 47993.166
2816 50260.354
2817 46100.933
2818 52751.568
2819 54673.297
2820 54464.586
2821 48657.247
2822 44058.02
2823 134173.01
2824 241055.19
2825 362351.65
2826 169393.68
2827 89409.04
2828 38736.146
2829 46677.128
2830 59007.547
2831 51418.337
2832 242724.91
2833 313450.87
2834 103870.61
2835 193854.47
2836 105724.57
2837 67066.498
2838 46627.735
2839 37505.382
2840 49824.213
2841 62864.95
2842 97522.249
2843 163099.67
2844 107546.52
2845 620106.25
2846 14705908
2847 25594316
2848 37777524
2849 25384587
2850 10022812
2851 5825021.4
2852 740249.93
2853 654391.52
2854 350902.19
2855 395515.58
2856 883976.06
2857 2227484.8
2858 1092344.4
2859 614017.85
2860 369338.41
2861 317578.75
2862 1725872.8
2863 17278399
2864 26543464
2865 31850908
2866 26730742
2867 18016376
2868 13286732
2869 13376666
2870 8928640.1
2871 21763119
2872 22715945
2873 35845485
2874 24632807
2875 12242438
2876 20350222
2877 3902791.8
2878 403447.52
2879 2052923.2
2880 624747.08
2881 459696.65
2882 302545.4
2883 437013.96
2884 402486.33
2885 405379.08
2886 349598.8
2887 600795.57
2888 1115868.4
2889 5434497.2
2890 13565243
2891 37813455
2892 36796728
2893 31171214
2894 22491935
2895 14096526
2896 44030.289
2897 15768.377
2898 927836.07
2899 520311.84
2900 1186108.9
2901 353570.6
2902 1110354
2903 346319.64
2904 66349.422
2905 184108.67
2906 215448.08
2907 215581.46
2908 508261.64
2909 344389.41
2910 354860.22
2911 14136738
2912 31541841
2913 33116269
2914 12387441
2915 15877758
2916 25197628
2917 47016789
2918 46312818
2919 31734447
2920 44843016
2921 26688387
2922 30804857
2923 33705255
2924 31018517
2925 35297121
2926 32111047
2927 31913845
2928 468610.79
2929 277020.91
2930 26690813
2931 15358133
2932 10343.889
2933 220775.54
2934 656314.75
2935 937451.04
2936 1382549.1
2937 2884821.2
2938 274621.02
2939 591859.92
2940 519842.1
2941 260825.44
2942 362822.4
2943 1658920.4
2944 3115047.1
2945 12268384
2946 30765308
2947 38854041
2948 12892453
2949 0
2950 176823.96
2951 8571096.5
2952 1562711.9
2953 2298855
2954 6227700.1
2955 4235022.3
2956 22492644
2957 247401.9
2958 232988.93
2959 14922.415
2960 861387.55
2961 1776804.3
2962 714692.59
2963 186620.54
2964 131338.74
2965 516070.12
2966 169005.7
2967 175393.45
2968 79669.127
2969 613521.2
2970 340674.51
2971 307347.91
2972 224970.89
2973 458987.28
2974 461683.96
2975 14514.082
2976 52635.01
2977 123181.11
2978 391461.73
2979 94150.51
2980 37959.403
2981 61167.9
2982 49182.688
2983 272670.56
2984 374616.43
2985 183813.62
2986 160532.67
2987 135784.72
2988 6502.0322
2989 29119.26
2990 40263.553
2991 28438.647
2992 117066.55
2993 118195.8
2994 131187.27
2995 74142.693
2996 50238.685
2997 29025.626
2998 95174.551
2999 187210.3
3000 206921.92
3001 79556.005
3002 278610.56
3003 509967.18
3004 318802.96
3005 40635.542
3006 123666.35
3007 79308.359
3008 199430.12
3009 139652.76
3010 61144.391
3011 84853.319
3012 60255.45
3013 53664.019
3014 79024.259
3015 69271.17
3016 83533.199
3017 102448.34
3018 77582.934
3019 58379.084
3020 64406.226
3021 72939.313
3022 130870.44
3023 175264.5
3024 156415.15
3025 296346.52
3026 331546.34
3027 192487.13
3028 158447.76
3029 586728.14
3030 685556.14
3031 262753.13
3032 2731051.9
3033 5614780.6
3034 46593473
3035 13287734
3036 0
3037 21834289
3038 21834289
3039 1201100.3
3040 41580990
3041 44823119
3042 26208225
3043 45511495
3044 45588907
3045 23775552
3046 0
3047 1074982.8
3048 3167946.6
3049 1342075.7
3050 284844.8
3051 297435.75
3052 75278.875
3053 126602.68
3054 193187.99
3055 328744.57
3056 650734.72
3057 416801.89
3058 205529.49
3059 286409.98
3060 314069.49
3061 255963.17
3062 198911.98
3063 302127.01
3064 821436.9
3065 2401038.9
3066 2193881.3
3067 198060.92
3068 274613.12
3069 100255.11
3070 17562777
3071 43157546
3072 13832836
3073 13228897
3074 2036848.1
3075 325366.46
3076 127368.21
3077 77731.42
3078 79749.94
3079 177660.71
3080 115696.53
3081 65165.846
3082 68779.855
3083 47133.382
3084 381810.61
3085 588301.88
3086 712254.34
3087 841036.61
3088 1073039.2
3089 845746.85
3090 231555.97
3091 289038.25
3092 65285.649
3093 104356.86
3094 170087.26
3095 114541.07
3096 591969.35
3097 982777.38
3098 5472480.7
3099 6146515.4
3100 2569253.9
3101 1034834.1
3102 592208.12
3103 613629.9
3104 12227549
3105 23090603
3106 46492510
3107 17479217
3108 17660075
3109 7117585.5
3110 32677677
3111 22327356
3112 5438337.9
3113 32102570
3114 40119797
3115 22054804
3116 20461986
3117 27006348
3118 31340798
3119 21705429
3120 17332278
3121 10328647
3122 8427508.1
3123 986926.73
3124 358054.01
3125 199179.59
3126 143562.04
3127 147717.61
3128 92284.12
3129 200925.48
3130 85116.581
3131 78029.05
3132 1550090.6
3133 8820727.9
3134 12656889
3135 14263142
3136 14694362
3137 8838279.3
3138 14170634
3139 21350618
3140 26753692
3141 36078693
3142 44300338
3143 31337175
3144 40111285
3145 29134002
3146 3694065.4
3147 506159.07
3148 610265.55
3149 635570.1
3150 217748.07
3151 154418.03
3152 75492.693
3153 84807.723
3154 86875.936
3155 144314.97
3156 141837.04
3157 125770.29
3158 243385.41
3159 21096685
3160 25666862
3161 9945681.2
3162 270558.87
3163 141135.4
3164 119841.53
3165 63710.952
3166 84725.99
3167 282929.2
3168 318731.88
3169 156230.67
3170 150688.54
3171 114031.12
3172 81473.252
3173 2805774.8
3174 26672669
3175 34666933
3176 16702441
3177 1532296
3178 691777.85
3179 13354764
3180 33196183
3181 11145088
3182 3006264.7
3183 164248.32
3184 104290.65
3185 376480.25
3186 254902.42
3187 197785.33
3188 233404.93
3189 145108.51
3190 92618.479
3191 51055.501
3192 50654.936
3193 95465.754
3194 65523.036
3195 127941.31
3196 158689.35
3197 11310667
3198 21636659
3199 38575587
3200 36437968
3201 15413707
3202 860054.76
3203 294619.48
3204 453879.05
3205 282254.44
3206 222141.35
3207 117870.84
3208 162010.74
3209 707047.17
3210 1048139.9
3211 468178.69
3212 5977712.1
3213 25663133
3214 27733632
3215 24045999
3216 17903815
3217 12945.758
3218 16255.52
3219 876317.36
3220 1291746.5
3221 23616782
3222 34364441
3223 23401807
3224 8424869.6
3225 0
3226 16297576
3227 22205007
3228 209201.6
3229 28030.08
3230 617176.68
3231 970148.17
3232 13942470
3233 27962620
3234 9483934.6
3235 10952766
3236 460418.07
3237 165173.71
3238 211833.53
3239 202620.9
3240 113216.87
3241 272583.69
3242 269576.81
3243 417314.66
3244 502561.09
3245 478233.1
3246 187252.19
3247 183167.41
3248 199697.31
3249 119566.46
3250 75564.81
3251 411224.93
3252 549517.24
3253 363506.9
3254 258102.68
3255 185451.12
3256 261117.5
3257 266646.29
3258 1695297.1
3259 1939892.2
3260 237928.62
3261 81945.591
3262 186905.46
3263 210771.66
3264 159332.19
3265 217520.4
3266 130378.01
3267 43956.63
3268 32056.736
3269 36101.545
3270 38298.414
3271 31731.884
3272 50914.868
3273 103438.56
3274 69478.347
3275 60329.588
3276 239774.55
3277 262126.95
3278 127667.87
3279 11579661
3280 27281605
3281 40077647
3282 47054817
3283 360680.28
3284 0
3285 129472.17
3286 484681.63
3287 266835.07
3288 1220320.9
3289 1848158.5
3290 1380775.8
3291 387832.85
3292 307095.11
3293 218565.75
3294 198015.34
3295 133276.71
3296 173346.62
3297 141844.14
3298 126826.35
3299 144601.1
3300 213324.57
3301 135890.38
3302 55813.835
3303 139339.01
3304 179649.67
3305 116914.87
3306 1653992.7
3307 1951257.9
3308 301177.44
3309 176747.61
3310 92491.088
3311 82397.977
3312 53731.255
3313 70574.16
3314 9996599.3
3315 8583365.6
3316 29815074
3317 19983016
3318 15.355972
3319 165848.08
3320 993795.7
3321 24461388
3322 39952448
3323 1693575
3324 33217344
3325 33155202
3326 38491731
3327 578533.29
3328 39212069
3329 30739694
3330 35969313
3331 11820622
3332 40189619
3333 32978366
3334 8380542.5
3335 14588399
3336 26463773
3337 47658863
3338 38908696
3339 30451197
3340 43369943
3341 37134259
3342 4734823.8
3343 30863177
3344 3108390.7
3345 36265.741
3346 579558.39
3347 759924.49
3348 6157789.5
3349 41444962
3350 39270.48
3351 2067429.9
3352 34811212
3353 36281953
3354 7876591.9
3355 22356200
3356 10730808
3357 2319970.8
3358 40188026
3359 30656246
3360 21917646
3361 6626880.9
3362 33732827
3363 17695331
3364 16602908
3365 70477.261
3366 338821.15
3367 900797.28
3368 168340.45
3369 154246.41
3370 191201.78
3371 4825678.6
3372 6020661.4
3373 115545.7
3374 3687748.4
3375 13007298
3376 21755317
3377 27308057
3378 36768620
3379 32890600
3380 48438102
3381 20714223
3382 29428762
3383 46763907
3384 22634418
3385 15653541
3386 10741957
3387 12221435
3388 4501082.2
3389 18414307
3390 20935883
3391 147050.26
3392 27328.018
3393 585692.91
3394 1738809.6
3395 1082646.8
3396 701115.38
3397 293313.34
3398 80119.551
3399 196716.12
3400 170900.92
3401 53769.741
3402 54663.525
3403 186101.02
3404 230969.05
3405 96429.529
3406 140031.79
3407 99220.009
3408 73909.439
3409 98637.166
3410 86831.089
3411 63793.55
3412 65327.942
3413 36471.817
3414 57902.804
3415 61856.549
3416 60038.364
3417 39126.991
3418 55293.272
3419 43354.445
3420 26714.041
3421 44118.63
3422 37104.257
3423 60607.481
3424 108275.54
3425 141780.59
3426 136479.04
3427 98214.501
3428 49552.043
3429 38858.696
3430 23953.912
3431 19748.281
3432 51304.319
3433 94195.812
3434 173945.04
3435 126362.76
3436 133798.3
3437 140512.71
3438 237078.67
3439 542129.22
3440 188101.23
3441 225076.42
3442 235163.94
3443 122626.3
3444 83432.521
3445 118205.74
3446 127789.02
3447 76733.204
3448 66253.289
3449 153917.68
3450 136834.73
3451 60347.937
3452 71736.593
3453 59559.446
3454 52059.785
3455 139429.43
3456 132962.88
3457 153468.23
3458 179104.04
3459 64128.818
3460 66193.392
3461 71502.528
3462 51402.895
3463 109353.87
3464 212420.98
3465 221202.18
3466 107603.5
3467 40364.391
3468 57676.424
3469 101196.57
3470 118795.03
3471 121843.55
3472 109042.71
3473 72055.549
3474 85108.46
3475 201837.8
3476 178686.84
3477 97774.288
3478 168516.23
3479 245807.91
3480 5247598
3481 12409474
3482 18673609
3483 29495851
3484 45979983
3485 24707263
3486 6529106.9
3487 308080.44
3488 17332301
3489 10929484
3490 141635.32
3491 394632.71
3492 3262663.9
3493 5359048.6
3494 5229985.8
3495 1997956.6
3496 33492308
3497 39198025
3498 20672780
3499 36527734
3500 36527734
3501 1988455.8
3502 37996867
3503 4322356.4
3504 49917.39
3505 497679.33
3506 305640.7
3507 686843.19
3508 1055721
3509 106686.08
3510 750321.97
3511 977641.86
3512 322097.44
3513 202296.87
3514 186691.12
3515 223359.62
3516 206647.49
3517 83678.998
3518 26871.334
3519 35123.273
3520 56377.953
3521 72880.681
3522 101261.14
3523 134551.64
3524 66232.306
3525 137124.08
3526 130725.96
3527 63549.897
3528 69876.769
3529 145755.36
3530 291561.11
3531 298869.39
3532 338260.79
3533 643096.06
3534 289777.41
3535 73495.912
3536 113719.33
3537 156848.19
3538 92471.148
3539 270445.29
3540 341574.47
3541 3130937.9
3542 4140409.7
3543 207312.64
3544 73708.225
3545 110008.59
3546 232284.07
3547 127816.17
3548 74832.386
3549 156909.62
3550 109352.87
3551 40440.326
3552 137020.43
3553 148053.12
3554 76694.779
3555 119183.37
3556 253232.93
3557 650928.72
3558 7903716.8
3559 31006413
3560 3418465.4
3561 1088717.8
3562 3947404.1
3563 12529289
3564 17367571
3565 37043642
3566 33364189
3567 0
3568 10634.153
3569 42583104
3570 42089609
3571 27719139
3572 3694564.1
3573 33107050
3574 34206681
3575 36909944
3576 35317763
3577 35386407
3578 0
3579 698.04848
3580 296614.2
3581 23173365
3582 13869678
3583 40460.214
3584 105735.29
3585 824397.79
3586 308818.66
3587 1058652.4
3588 19890175
3589 40453245
3590 25804570
3591 0
3592 26809.108
3593 391100.09
3594 1331535.5
3595 2772276.9
3596 1149954.4
3597 461652.63
3598 871419.95
3599 209441.7
3600 3476381.8
3601 27603025
3602 41393536
3603 20121.875
3604 19440732
3605 3956028.1
3606 58854.236
3607 89694.487
3608 88239.868
3609 71645.121
3610 33592.129
3611 15425.456
3612 7520.1673
3613 8580201.5
3614 4143196.5
3615 0
3616 123318.94
3617 460830.24
3618 315883.01
3619 210554.12
3620 141007.77
3621 93857.109
3622 63221.958
3623 42091.067
3624 28545.183
3625 15793.683
3626 195422.32
3627 1186418.7
3628 682242.13
3629 235946.4
3630 27285.109
3631 42162.237
3632 23622.096
3633 19370.105
3634 44183.494
3635 120110.76
3636 96826.949
3637 141813.94
3638 125628.42
3639 170283.03
3640 223034.18
3641 197695.2
3642 171289.82
3643 55918.359
3644 162975.2
3645 108047.24
3646 169216.89
3647 189225.07
3648 176268.74
3649 10157611
3650 7429875.9
3651 38773653
3652 17967330
3653 24598986
3654 3294793.6
3655 217118.9
3656 868088.05
3657 478765.12
3658 454823.75
3659 353245.62
3660 973298.84
3661 132262.67
3662 195153.5
3663 3481582.5
3664 3715122.6
3665 3836787.6
3666 3709440
3667 15940296
3668 40975660
3669 30671294
3670 1647321
3671 21101144
3672 937867.04
3673 74844.476
3674 85936.022
3675 69009.049
3676 66128.419
3677 47330.5
3678 17592.6
3679 8217.9912
3680 3467858.2
3681 9341352.7
3682 0
3683 10790.635
3684 328084.32
3685 385794.39
3686 258668.2
3687 172797.01
3688 115625.23
3689 1331907.4
3690 10035830
3691 12954458
3692 42664817
3693 26820426
3694 45796042
3695 26929813
3696 39256387
3697 38809906
3698 45200056
3699 31616.478
3700 22205275
3701 23904432
3702 55565.876
3703 191767.42
3704 1906711.8
3705 2642700.8
3706 25253382
3707 27915016
3708 5769749.7
3709 3004020.1
3710 312628.06
3711 88273.277
3712 129058.89
3713 3217010.8
3714 25565172
3715 49712368
3716 46392142
3717 8621126.5
3718 28910067
3719 28910067
3720 14554.599
3721 19271506
3722 13643716
3723 87844.219
3724 266847.02
3725 531699.3
3726 4275022.9
3727 890591.63
3728 1794922.7
3729 699268.11
3730 3089510.3
3731 4495235.1
3732 5179938
3733 19313701
3734 5522656.7
3735 4152307.3
3736 33514447
3737 43101683
3738 41461739
3739 17371198
3740 0
3741 69068.409
3742 2201190.4
3743 1346977.9
3744 535672.06
3745 125283.02
3746 2664741.3
3747 10445346
3748 20245264
3749 32441212
3750 12646946
3751 34156958
3752 63715.94
3753 19741.733
3754 242539.82
3755 1401190.7
3756 2025034
3757 920517.63
3758 7346143.9
3759 15844472
3760 11558397
3761 1621581.3
3762 1404300.1
3763 2650252
3764 5535042.6
3765 2008490.6
3766 634312.66
3767 640782.95
3768 1009803.2
3769 103407.24
3770 184247.4
3771 206360.65
3772 515708.12
3773 331399.7
3774 405466.34
3775 111832.97
3776 126931.94
3777 748629.78
3778 707346.24
3779 33792.511
3780 92806.048
3781 395707.85
3782 144682.43
3783 232276.79
3784 336278.85
3785 895785.01
3786 68780.951
3787 56890.119
3788 121800.67
3789 153228.21
3790 290678.36
3791 291865.81
3792 44307.769
3793 47791.411
3794 285470.35
3795 333669.59
3796 164784.04
3797 59093.789
3798 56887.447
3799 498734.02
3800 410193.23
3801 740592.42
3802 2233681.3
3803 1483863.8
3804 9060128.8
3805 34280268
3806 9724809.7
3807 7748883.6
3808 22348477
3809 27334829
3810 2179806.1
3811 806400.49
3812 3161315.8
3813 7261471.8
3814 12649473
3815 2251656.9
3816 13457349
3817 35784966
3818 9860730.1
3819 37719040
3820 39030272
3821 39249499
3822 42027924
3823 39426657
3824 109782.36
3825 5783.8784
3826 14745651
3827 21447276
3828 90418.947
3829 38251.134
3830 80639.541
3831 523258.93
3832 923940.44
3833 521143.16
3834 268026.1
3835 5006423.4
3836 12237973
3837 45901219
3838 1012691
3839 40166232
3840 26920767
3841 45743491
3842 72236.932
3843 4538966.2
3844 20333174
3845 2194560.4
3846 34550.715
3847 1661816.3
3848 17493740
3849 44179820
3850 17829501
3851 20582122
3852 20582122
3853 791265.63
3854 28465410
3855 22753586
3856 39317890
3857 32024756
3858 22.68
3859 38438194
3860 35111113
3861 34041171
3862 28479747
3863 25944305
3864 13174005
3865 9248254.7
3866 36934038
3867 17612182
3868 12288114
3869 165367.78
3870 115241.88
3871 25099633
3872 27402928
3873 12161987
3874 284944.35
3875 249151.09
3876 298335.8
3877 994814.66
3878 2214547
3879 2296977.7
3880 9989724.7
3881 33350596
3882 24929911
3883 11597534
3884 448213.11
3885 196747.38
3886 12658364
3887 26332469
3888 14429041
3889 2902446.8
3890 260830.03
3891 145807.64
3892 176676.55
3893 147708.54
3894 165601.86
3895 238898.95
3896 115330.58
3897 83678.354
3898 72811.75
3899 7110613.3
3900 10242269
3901 35903309
3902 14626666
3903 46647142
3904 748404.14
3905 38626480
3906 14775811
3907 39409408
3908 810540.97
3909 3495799.2
3910 48029851
3911 38905981
3912 41508619
3913 29824696
3914 19019083
3915 12103822
3916 163567.68
3917 798258.25
3918 3716052.7
3919 3695344.5
3920 11458951
3921 11488277
3922 8874693
3923 1475145.8
3924 28796173
3925 30049803
3926 16305975
3927 23372503
3928 12152692
3929 2218171.8
3930 43937448
3931 769332.52
3932 8284717.1
3933 18326960
3934 12076570
3935 19410291
3936 41378938
3937 6601816.8
3938 5510.1679
3939 606719.63
3940 1878577.5
3941 2710937.3
3942 36470876
3943 44534513
3944 35691052
3945 27422777
3946 2377853.2
3947 680378.62
3948 1299611.7
3949 325891.27
3950 146582.42
3951 8500504.4
3952 9256002.4
3953 37293170
3954 24676939
3955 15159998
3956 4009187.7
3957 3671403.9
3958 1307274.9
3959 20588887
3960 14017578
3961 69618.935
3962 35204.825
3963 456994.63
3964 1008276.8
3965 606447.23
3966 4892179.1
3967 9369349.3
3968 23796276
3969 39751886
3970 19104091
3971 0
3972 345882.31
3973 2209503.5
3974 928114.65
3975 688027.08
3976 714838.81
3977 687340.83
3978 698658.26
3979 374919.96
3980 18039870
3981 11502700
3982 22370367
3983 18497353
3984 100.7243
3985 64527.669
3986 335387.86
3987 752780.06
3988 917871.86
3989 1119814
3990 136961.94
3991 204634.66
3992 18779.828
3993 36485.757
3994 42305.893
3995 32624.677
3996 34724.925
3997 18592.399
3998 52492.347
3999 132607.63
4000 8471825.9
4001 20566588
4002 38509892
4003 25027702
4004 0
4005 19621.358
4006 290157.49
4007 1559551.7
4008 1990264.3
4009 1413449.2
4010 527053.43
4011 188423.74
4012 216002.41
4013 80852.022
4014 93691.316
4015 132119.01
4016 131480.92
4017 76542.261
4018 79730.869
4019 68846.794
4020 44736.997
4021 36760.514
4022 68379.802
4023 60292.322
4024 38888.633
4025 48723.013
4026 53507.729
4027 128699.87
4028 120585.07
4029 61992.304
4030 62548.331
4031 89635.232
4032 92240.698
4033 70204.576
4034 76633.859
4035 109269.91
4036 214878.17
4037 157214.55
4038 85346.077
4039 88008.398
4040 85556.044
4041 68791.484
4042 60662.484
4043 73772.859
4044 11418439
4045 33097001
4046 29213442
4047 16789740
4048 1222983.4
4049 141473.56
4050 198151.81
4051 199562.35
4052 131541.27
4053 70018.449
4054 90165.42
4055 66374.039
4056 92441.094
4057 167519.28
4058 240499.01
4059 264600.52
4060 218747.4
4061 131869.38
4062 68400.334
4063 67236.988
4064 36369.129
4065 52689.361
4066 61480.066
4067 121227.24
4068 77404.717
4069 120548.2
4070 73734.899
4071 38019.735
4072 49810.141
4073 158976.04
4074 229274.18
4075 5652582.2
4076 22488158
4077 9656549
4078 1993728.6
4079 47925.063
4080 102125.11
4081 115880.48
4082 56397.217
4083 68402.778
4084 85381.04
4085 94125.418
4086 94344.556
4087 166029.05
4088 156325.35
4089 132784.53
4090 38916.187
4091 46544.625
4092 60036.085
4093 113488
4094 91027.814
4095 61765.741
4096 52568.66
4097 36555.686
4098 39173.646
4099 77848.587
4100 90918.218
4101 45929.413
4102 38947.996
4103 76172.239
4104 118621.06
4105 76279.023
4106 2303070.4
4107 12697847
4108 34285732
4109 3632022
4110 27550116
4111 8290020.8
4112 23084599
4113 31086303
4114 33444369
4115 19975600
4116 885333.22
4117 1570133.8
4118 1040199.7
4119 340176.69
4120 394145.14
4121 232172.43
4122 130707.58
4123 147538.04
4124 72080.35
4125 74262.119
4126 293165.73
4127 73991.683
4128 70781.753
4129 67790.725
4130 58482.803
4131 36658.31
4132 60573.855
4133 318648.18
4134 501734.49
4135 255736.53
4136 181567.59
4137 203754.52
4138 55219.614
4139 383238.31
4140 282610.68
4141 298583.3
4142 54776.566
4143 226396.28
4144 182990.45
4145 48624.881
4146 74124.585
4147 135152.65
4148 70711.91
4149 28919.702
4150 34424.795
4151 97682.608
4152 120704.31
4153 66230.745
4154 46777.703
4155 76502.965
4156 102405.28
4157 84082.84
4158 53721.108
4159 44378.901
4160 143875.64
4161 110205.63
4162 153299.72
4163 61672.919
4164 61501.039
4165 49503.236
4166 80225.224
4167 756849.81
4168 1436865.1
4169 529946.79
4170 131301.65
4171 266108.8
4172 250159.86
4173 62830.854
4174 70277.468
4175 43570.06
4176 92138.255
4177 139159.77
4178 103122.37
4179 73886.933
4180 77243.225
4181 99624.609
4182 70829.421
4183 73105.447
4184 53526.522
4185 103528.5
4186 138330.84
4187 118910.16
4188 123491.14
4189 130521.9
4190 62032.695
4191 43717.287
4192 130887.52
4193 162149.65
4194 147580.89
4195 47629.172
4196 121959.76
4197 63867.357
4198 33271.163
4199 48001.551
4200 74539.093
4201 51721.454
4202 106360.28
4203 96795.462
4204 51546.355
4205 56087.578
4206 58967.318
4207 57724.775
4208 54519.294
4209 52205.757
4210 26144.641
4211 32591.439
4212 57864.718
4213 71817.42
4214 38705.807
4215 71622.47
4216 43385.117
4217 39995.278
4218 24595.322
4219 46162.764
4220 57101.38
4221 58928.649
4222 58330.817
4223 43710.584
4224 58154.21
4225 50966.854
4226 44042.082
4227 26986.885
4228 121246.5
4229 7988094.6
4230 15237669
4231 18539657
4232 20764731
4233 40324674
4234 3010891.8
4235 25151786
4236 2426141.3
4237 18136.166
4238 32506.534
4239 221834.76
4240 1432107.6
4241 6237442
4242 24409484
4243 38466236
4244 43515178
4245 40259046
4246 290192.99
4247 399343.58
4248 2276414.1
4249 1866611.7
4250 503005.37
4251 246675.94
4252 201881.94
4253 71822.314
4254 60692.248
4255 97439.738
4256 114241.96
4257 79833.167
4258 85609.042
4259 82384.43
4260 57753.634
4261 38593.083
4262 54675.914
4263 69830.226
4264 44324.331
4265 17041636
4266 31573769
4267 14770124
4268 1208488.6
4269 98431.527
4270 106527.21
4271 75975.823
4272 94663.394
4273 96677.09
4274 168758.59
4275 98798.311
4276 5647065.6
4277 26154362
4278 25004710
4279 22269033
4280 47049620
4281 38766967
4282 49192128
4283 46746808
4284 34067750
4285 11369268
4286 2013878
4287 160821.22
4288 540076.12
4289 1203280.9
4290 1119949.1
4291 16265537
4292 38321545
4293 25767624
4294 24168901
4295 21725550
4296 10370031
4297 15475388
4298 12675866
4299 10971270
4300 10145050
4301 1070916.5
4302 606732.3
4303 107810.68
4304 68597.097
4305 60456.791
4306 69925.821
4307 124484.24
4308 82965.178
4309 105178.3
4310 107971.3
4311 138717.94
4312 152338.95
4313 100618.42
4314 103525.95
4315 120634.26
4316 42081.031
4317 34420.712
4318 41470.19
4319 48959.017
4320 52166.743
4321 50974.166
4322 45462.714
4323 46755.666
4324 55106.143
4325 321904.54
4326 524380.09
4327 7891328.6
4328 6950734.1
4329 7413063.1
4330 29778838
4331 267065.16
4332 159898.12
4333 1181420.5
4334 1811398.9
4335 695072.51
4336 409998.02
4337 471049.6
4338 303468.9
4339 33612.134
4340 128538.97
4341 295159.12
4342 411982.66
4343 27846.844
4344 21729.627
4345 29826.155
4346 73246.687
4347 47916.151
4348 39368.133
4349 41741.365
4350 11038.131
4351 30615.562
4352 52240.878
4353 31738.993
4354 11952.051
4355 21730.299
4356 24123.269
4357 22404.675
4358 16081.222
4359 20281.564
4360 18089.519
4361 19889.436
4362 19966.117
4363 11003.782
4364 28221.67
4365 36340.74
4366 27424.313
4367 18668.724
4368 27356.259
4369 40881.36
4370 44592.241
4371 32169.435
4372 23411.17
4373 23936.433
4374 36755.59
4375 65553.525
4376 83836.436
4377 104715.65
4378 75715.152
4379 45493.122
4380 42179.67
4381 46942.138
4382 43758.267
4383 29030.108
4384 34667.214
4385 25101.271
4386 13118.452
4387 25044.22
4388 14667.67
4389 30500.764
4390 22016.777
4391 21540.327
4392 23786.864
4393 51490.245
4394 15350.002
4395 13882.433
4396 43455.811
4397 149526.93
4398 102160.66
4399 202903.29
4400 61389.922
4401 38377.032
4402 69084.777
4403 60288.517
4404 43760.891
4405 66212.818
4406 41665.962
4407 19454.108
4408 12134.959
4409 12149.811
4410 32382.358
4411 19646.278
4412 11366.275
4413 15844.058
4414 18106.269
4415 15631.091
4416 21933.459
4417 15407.518
4418 23372.323
4419 8668.8746
4420 12582.989
4421 20136.673
4422 22573.341
4423 23793.937
4424 33790.858
4425 12986.826
4426 37289.937
4427 46442.689
4428 40878.065
4429 95207.803
4430 38076.096
4431 48217.051
4432 34817.779
4433 20251.508
4434 26943.88
4435 104790.17
4436 113300.26
4437 69654.227
4438 53342.19
4439 142667.8
4440 128706.32
4441 51779.539
4442 32262.901
4443 18820.419
4444 7980.4501
4445 13926.308
4446 23819.689
4447 20027.526
4448 23944.985
4449 34131.868
4450 30911.828
4451 62697.481
4452 38691.815
4453 19867.885
4454 11568.62
4455 16162.166
4456 30225.557
4457 28870.033
4458 17776.728
4459 49043.357
4460 43502.558
4461 53173.284
4462 43254.902
4463 29475.746
4464 30476.679
4465 51697.998
4466 37180.92
4467 21126.925
4468 16949.509
4469 23075.047
4470 18981.848
4471 11213.125
4472 19636.962
4473 16475.183
4474 18720.807
4475 18516.66
4476 14595.456
4477 20416.779
4478 10662.342
4479 11231.013
4480 12919.032
4481 12887.185
4482 17497.788
4483 67351.876
4484 77765.574
4485 50224.976
4486 31879.924
4487 24254.466
4488 28905.037
4489 38772.315
4490 31587.051
4491 29314.677
4492 26473.642
4493 20283.566
4494 13440.474
4495 23472.888
4496 32239.411
4497 18135.924
4498 28631.606
4499 15849.529
4500 36424.64
4501 51842.465
4502 73940.704
4503 42639.639
4504 33389.158
4505 30301.025
4506 15854.055
4507 23224.363
4508 24246.291
4509 18713.738
4510 48834.715
4511 65801.858
4512 51177.64
4513 17783.826
4514 40984.74
4515 19834.002
4516 25782.947
4517 24180
4518 28995.234
4519 25392.951
4520 26698.25
4521 40100.227
4522 20033.644
4523 12318.833
4524 17831.741
4525 86189.133
4526 51171.738
4527 51830.725
4528 72950.121
4529 24368.269
4530 61607.577
4531 72759.253
4532 29736.267
4533 25070.979
4534 23037.99
4535 14394.166
4536 29249.407
4537 32871.158
4538 79519.62
4539 41013.438
4540 41492.809
4541 28881.731
4542 42617.726
4543 39152.169
4544 38026.767
4545 22775.235
4546 42064.776
4547 22173.236
4548 32719.018
4549 38688.194
4550 27437.729
4551 31304.587
4552 18677.444
4553 18104.845
4554 15947.122
4555 12909.215
4556 7286.641
4557 16596.794
4558 15607.127
4559 8654.3565
4560 25279.704
4561 26725.181
4562 47767.793
4563 36828.507
4564 36558.149
4565 25654.259
4566 28310.314
4567 20383.623
4568 38004.339
4569 35995.957
4570 28197.441
4571 37868.234
4572 45916.423
4573 37897.666
4574 26855.82
4575 29383.387
4576 26697.533
4577 24490.542
4578 23513.309
4579 21362.25
4580 17284.044
4581 31523.504
4582 28975.047
4583 22196.886
4584 19310.001
4585 20195.495
4586 56802.363
4587 99921.563
4588 123549.43
4589 25348.124
4590 12711.775
4591 73382.27
4592 95504.473
4593 39790.77
4594 30178.749
4595 25073.966
4596 35501.034
4597 21061.138
4598 20064.774
4599 25557.088
4600 28908.935
4601 41437.634
4602 28631.704
4603 22005.072
4604 21915.478
4605 12317.253
4606 492051.84
4607 9832582.1
4608 21251591
4609 32948395
4610 8132477.6
4611 16737305
4612 9807681.2
4613 1773626.2
4614 200089.38
4615 48363.45
4616 30068.437
4617 16308.467
4618 79997.431
4619 10751339
4620 26332039
4621 24428785
4622 4457907.8
4623 22532279
4624 18316720
4625 17019530
4626 3282778.2
4627 1273421.9
4628 2022516
4629 959686.66
4630 226548.43
4631 39687.287
4632 22527.959
4633 33006.634
4634 41355.265
4635 50516.609
4636 55179.29
4637 3470872.4
4638 5247429.1
4639 707444.79
4640 6546646.7
4641 11651898
4642 2036806.3
4643 82109.428
4644 39999.263
4645 41050.883
4646 20025.825
4647 1723129.9
4648 5017942.6
4649 3381340.6
4650 279498.31
4651 142366.02
4652 58363.089
4653 25763.039
4654 36460.524
4655 25310.73
4656 23823.418
4657 37800.693
4658 38198.988
4659 23987.325
4660 23837.129
4661 24721.404
4662 17184.717
4663 12560.638
4664 10697.859
4665 18594.888
4666 27297.29
4667 33409.021
4668 106660.2
4669 92872.237
4670 50338.012
4671 60823.983
4672 49691.757
4673 62715.497
4674 35113.445
4675 87940.238
4676 109830.83
4677 128350.1
4678 128682.49
4679 150959.36
4680 165965.33
4681 252573.28
4682 49230.648
4683 70512.355
4684 30460.94
4685 55381.776
4686 56383.812
4687 941515.01
4688 4416273.1
4689 2543634.9
4690 385072.36
4691 14518170
4692 3440713
4693 14008934
4694 22055918
4695 1805360.3
4696 4504073.7
4697 21864587
4698 324407.17
4699 167387.98
4700 87292.992
4701 58802.705
4702 38541.866
4703 34668.803
4704 36661.404
4705 18578.639
4706 6440.7304
4707 16015.411
4708 5326879.5
4709 11500355
4710 0
4711 20996.731
4712 363988.33
4713 374212.3
4714 2721706.4
4715 4529265
4716 5029197.4
4717 2674422.1
4718 80045.215
4719 58163.553
4720 120696.77
4721 96435.593
4722 195642.84
4723 59180.528
4724 287225.89
4725 196194.8
4726 70585.884
4727 75096.667
4728 592965.41
4729 22905733
4730 32366033
4731 15922458
4732 28429423
4733 20319800
4734 13012444
4735 10579969
4736 152608.97
4737 1164727.2
4738 344747.85
4739 183430.7
4740 188890.14
4741 12468105
4742 24322635
4743 10670223
4744 19342038
4745 19873488
4746 18278687
4747 21870722
4748 30196429
4749 10012173
4750 30617872
4751 46043794
4752 36333624
4753 46407433
4754 34836140
4755 37215601
4756 266933.51
4757 24609990
4758 8843597.8
4759 65121.223
4760 47530.86
4761 616435.35
4762 810757.39
4763 1397602.2
4764 399825.78
4765 406987.52
4766 776002.97
4767 266308.9
4768 206637.42
4769 27081.387
4770 3476586.6
4771 4920936.9
4772 991754.92
4773 71394.517
4774 566978.96
4775 76309.843
4776 41013.197
4777 16794932
4778 43268816
4779 0
4780 1666445.2
4781 14542242
4782 6037282.8
4783 431247.26
4784 85998.682
4785 243318.92
4786 1215204.3
4787 280900.81
4788 230309.37
4789 377179.63
4790 253969.05
4791 130515.81
4792 284305.04
4793 429418
4794 326823.51
4795 102184.73
4796 108464.85
4797 57319.258
4798 17135.436
4799 26679.016
4800 42721.358
4801 77264.714
4802 52095.662
4803 51326.901
4804 47555.48
4805 82557.954
4806 57645.269
4807 227675.53
4808 365383.8
4809 71549.159
4810 497745.91
4811 1155418.8
4812 2074925.6
4813 205383
4814 42075.668
4815 47938.383
4816 182329.55
4817 94770.202
4818 42776.966
4819 230740.57
4820 19768957
4821 24437169
4822 37263345
4823 43400630
4824 40795561
4825 25518241
4826 17074860
4827 75190.391
4828 29523872
4829 12157698
4830 17221.195
4831 1266111.9
4832 11921513
4833 39090532
4834 10532215
4835 331087.94
4836 35625905
4837 30288665
4838 5993706.5
4839 17720548
4840 10594922
4841 1176550.1
4842 483901.04
4843 443719.88
4844 321542.2
4845 343970.62
4846 257394.75
4847 109271.71
4848 244093.23
4849 616918.39
4850 439350.88
4851 1435823.6
4852 6869563.6
4853 7980650
4854 14353032
4855 13851344
4856 6238316.7
4857 8780223.8
4858 2586732.7
4859 4322050.1
4860 3742193.9
4861 178403.99
4862 107328.95
4863 7118419.1
4864 6322811
4865 688982.05
4866 108298.97
4867 249552.43
4868 53834.552
4869 50830.544
4870 85469.733
4871 64525.098
4872 45194.385
4873 84958.148
4874 174637.29
4875 298654.57
4876 101253.86
4877 131984.77
4878 332396.43
4879 316789.72
4880 149686.9
4881 425822.75
4882 929094.77
4883 11166467
4884 24358692
4885 5708903
4886 2218229.5
4887 61804.879
4888 5708762.3
4889 25516863
4890 23697472
4891 17867816
4892 24466281
4893 37082468
4894 42196409
4895 37169679
4896 49221368
4897 31351512
4898 28728353
4899 12896827
4900 30750733
4901 22668001
4902 7687171.9
4903 21423636
4904 35856990
4905 11443854
4906 12019411
4907 233798.67
4908 295189.54
4909 223178.64
4910 90011.576
4911 9254366.1
4912 9363659.8
4913 46331281
4914 31254221
4915 39490859
4916 26331347
4917 23375107
4918 16671499
4919 16944478
4920 1056121.9
4921 257798.01
4922 1319200.3
4923 21004455
4924 40925859
4925 0
4926 20471960
4927 35289873
4928 39525807
4929 4610.6154
4930 29284994
4931 32919277
4932 21467390
4933 35723642
4934 33806233
4935 2206283.9
4936 24718013
4937 3654379.2
4938 35280630
4939 37438951
4940 36612162
4941 15009009
4942 32368752
4943 16318375
4944 16749986
4945 11118046
4946 17228529
4947 16350784
4948 241916.11
4949 16334.262
4950 271227.11
4951 817492.39
4952 404573.98
4953 356020.02
4954 356295.56
4955 377456.36
4956 61796.757
4957 49998.895
4958 27111.12
4959 170040.36
4960 426647.26
4961 918216.11
4962 704125.85
4963 31927.266
4964 8110637.9
4965 20702882
4966 30596668
4967 32687198
4968 35823487
4969 0
4970 6586463
4971 20319644
4972 5873189.6
4973 38541480
4974 31368775
4975 12524838
4976 25500859
4977 44193068
4978 44740944
4979 28891800
4980 560732.55
4981 22253330
4982 6720541.5
4983 44206656
4984 44870072
4985 44346779
4986 7336889.7
4987 3521678.5
4988 20909132
4989 2440050.2
4990 19518.583
4991 563396.22
4992 520012.15
4993 325406.96
4994 3682322.5
4995 42323016
4996 27232748
4997 39431018
4998 32520838
4999 13492637
5000 30008830
5001 19887196
5002 23094135
5003 25178580
5004 40080670
5005 31501591
5006 39722270
5007 36684224
5008 39176744
5009 0
5010 8669661.9
5011 24384676
5012 977232.97
5013 484792.34
5014 6295376.9
5015 43037306
5016 41697.059
5017 59588.811
5018 1552712.2
5019 1813491.6
5020 25023977
5021 27758922
5022 15546666
5023 4021998.9
5024 272494.3
5025 563703.21
5026 425697.82
5027 127665.62
5028 54394.701
5029 30055.028
5030 81124.894
5031 145296.38
5032 68453.126
5033 61607.488
5034 115972.75
5035 89498.85
5036 63312.194
5037 87475.092
5038 4168553.6
5039 4462169.6
5040 1807308.2
5041 79745.545
5042 67842.583
5043 76125.42
5044 8780335.3
5045 37265168
5046 12014151
5047 6348615.9
5048 134317.46
5049 353121.27
5050 227964.55
5051 94096.731
5052 93337.888
5053 35657.656
5054 51988.989
5055 70745.251
5056 54704.294
5057 66866.168
5058 10613586
5059 4018741.9
5060 28726381
5061 10982891
5062 342.94287
5063 73873.589
5064 797800.77
5065 578262.97
5066 1387863.8
5067 742800.89
5068 512578.52
5069 392787.54
5070 47264.185
5071 44608.005
5072 37796.773
5073 21002.105
5074 61394.467
5075 88716.381
5076 41518.941
5077 186080.87
5078 460046.35
5079 378033.08
5080 19655.869
5081 11134.848
5082 24772.285
5083 123814.52
5084 54690.481
5085 263273.1
5086 190881.01
5087 100373.57
5088 77077.678
5089 97244.638
5090 249508.83
5091 344477.69
5092 808794.63
5093 497492.01
5094 880237.88
5095 765198.88
5096 154840.74
5097 88432.231
5098 146937.94
5099 120028.29
5100 135593.33
5101 174273
5102 192495.32
5103 375421.21
5104 392957.89
5105 164476.02
5106 59110.949
5107 148449.53
5108 162597.61
5109 70733.214
5110 15492.327
5111 27402.996
5112 24509.174
5113 41663.677
5114 50584.908
5115 23739.496
5116 18156.191
5117 13529.887
5118 25328.727
5119 51529.668
5120 50631.427
5121 42286.4
5122 50135.388
5123 18494.427
5124 22509.509
5125 22093.679
5126 61236.088
5127 46570.739
5128 4265.1845
5129 13115.926
5130 17536.343
5131 31356.974
5132 58982.648
5133 76070.097
5134 39047.208
5135 30193.372
5136 20520.407
5137 20614.894
5138 32461.33
5139 22878.025
5140 26848.26
5141 38464.622
5142 30990.017
5143 29280.954
5144 36551.262
5145 18267.255
5146 14085.624
5147 22356.323
5148 35122.959
5149 53490.431
5150 69877.364
5151 76505.455
5152 65630.582
5153 77763.001
5154 173691.03
5155 136677.06
5156 27354.991
5157 53162.152
5158 146547.68
5159 145701.85
5160 143754.88
5161 102457.08
5162 46120.063
5163 67127.842
5164 201268.42
5165 363092.9
5166 502296.51
5167 145042.75
5168 72720.673
5169 51890.191
5170 59759.648
5171 33820.752
5172 202484.87
5173 182490.5
5174 20720.051
5175 30632.684
5176 31617.47
5177 92729.177
5178 47016.849
5179 77418.115
5180 62796.207
5181 156672.72
5182 139329.14
5183 134270.84
5184 67171.954
5185 90013.07
5186 79058.619
5187 63190.54
5188 144225.28
5189 148352.92
5190 68966.265
5191 47954.705
5192 45154.99
5193 30335.661
5194 56995.586
5195 87354.582
5196 166549.39
5197 167878.16
5198 91202.22
5199 77591.587
5200 43470.372
5201 130322.75
5202 13129326
5203 24926501
5204 18535595
5205 36263729
5206 44019335
5207 32716382
5208 0
5209 10436531
5210 5338559.1
5211 5027508.8
5212 146629.44
5213 1769920.1
5214 9449855
5215 10240898
5216 12686276
5217 26156219
5218 31704342
5219 20764978
5220 3118226
5221 18607151
5222 2008462.2
5223 2331866.5
5224 2455451.4
5225 2558357.9
5226 14029996
5227 38610170
5228 38912705
5229 0
5230 26210322
5231 34514338
5232 33818889
5233 22960856
5234 39685245
5235 40798552
5236 490.10854
5237 701149.83
5238 2032325.8
5239 967747.57
5240 633720.09
5241 407360.57
5242 299781.32
5243 36084.456
5244 97683.993
5245 4337140
5246 27816570
5247 28591631
5248 17336937
5249 433062.91
5250 177393.34
5251 206357.17
5252 86203.686
5253 120738.8
5254 69855.402
5255 48727.391
5256 44531.12
5257 51079.41
5258 46652.866
5259 46131.645
5260 34322.938
5261 25570.896
5262 36701.039
5263 40469.4
5264 48226.909
5265 60119.162
5266 35035.803
5267 61357.791
5268 66968.206
5269 61263.237
5270 39934.062
5271 40318.104
5272 49084.361
5273 32549.62
5274 27337.2
5275 28528.639
5276 30055.409
5277 38453.309
5278 49453.92
5279 31155.079
5280 38089.831
5281 60133.666
5282 49919.482
5283 59983.264
5284 59739.689
5285 49300.366
5286 45616.663
5287 48214.146
5288 67988.228
5289 47187.715
5290 42146.789
5291 67280.402
5292 123379.83
5293 169864.73
5294 59719.916
5295 65283.03
5296 27609.7
5297 19034.842
5298 27909.985
5299 32732.491
5300 25400.486
5301 37506.805
5302 33288.373
5303 38209.465
5304 51345.227
5305 49248.286
5306 26546.748
5307 27500.967
5308 22029.027
5309 45638.587
5310 62026.249
5311 46176.151
5312 31451.065
5313 28008.145
5314 17873.177
5315 34561.782
5316 37681.784
5317 45921.16
5318 49551.119
5319 23743.994
5320 32572.47
5321 42598.875
5322 33110.486
5323 60856.111
5324 121489.96
5325 100547.07
5326 44436.447
5327 21008.547
5328 51359.072
5329 62685.639
5330 172968.68
5331 173839.55
5332 42096.277
5333 43012.058
5334 55953.755
5335 63760.352
5336 42475.826
5337 46852.83
5338 37314.53
5339 38509.141
5340 68179.886
5341 70414.66
5342 62822.924
5343 34419.472
5344 35242.068
5345 59389.646
5346 60689.885
5347 72147.812
5348 37327.876
5349 46517.153
5350 53374.749
5351 81448.747
5352 103504.83
5353 117381.69
5354 90467.457
5355 63534.099
5356 66465.484
5357 80450.102
5358 72821.855
5359 16458650
5360 16564203
5361 2411228.8
5362 102840.67
5363 87425.286
5364 70163.22
5365 71459.285
5366 41728.071
5367 58378.946
5368 89297.933
5369 65780.443
5370 27876.498
5371 45965.135
5372 52017.719
5373 45512.675
5374 28813.615
5375 32959.861
5376 46892.166
5377 48602.965
5378 36597.993
5379 31910.218
5380 48530.67
5381 34081.838
5382 36374.33
5383 40231.288
5384 54903.532
5385 54983.948
5386 42754.364
5387 57372.364
5388 37934.379
5389 57718.529
5390 58383.885
5391 70668.539
5392 61909.791
5393 41365.519
5394 23670.973
5395 27905.069
5396 28087.987
5397 26358.745
5398 65636.929
5399 49044.588
5400 34169.754
5401 35220.977
5402 43930.351
5403 38245.577
5404 24436.382
5405 59189.595
5406 103877.94
5407 120633.64
5408 52583.97
5409 462842.59
5410 10169478
5411 2090487.8
5412 36444206
5413 5737323.9
5414 5838886.2
5415 30645756
5416 20605198
5417 797923.51
5418 922207.08
5419 5954646.4
5420 23220970
5421 23061002
5422 29153774
5423 23560804
5424 227068.17
5425 670453.93
5426 26779470
5427 26825848
5428 24235320
5429 697360.67
5430 576562.15
5431 316529.29
5432 198129.97
5433 2005390.2
5434 17976083
5435 16042973
5436 27671758
5437 13507271
5438 1140.8654
5439 37380775
5440 48978464
5441 41017880
5442 39058873
5443 0
5444 419993.01
5445 1989066
5446 1067819.5
5447 862769.45
5448 403968.41
5449 318829.95
5450 120848.32
5451 50845.325
5452 38050.998
5453 33543.041
5454 74289.559
5455 76652.48
5456 2083611
5457 15720079
5458 5138262.8
5459 32603152
5460 1138495.6
5461 15276608
5462 24888019
5463 22979681
5464 164813.51
5465 1231441.5
5466 933201.81
5467 286588.66
5468 118796.29
5469 54146.882
5470 89050.129
5471 61416.262
5472 49126.753
5473 47673.415
5474 24290.242
5475 34866.189
5476 42244.435
5477 36991.323
5478 33964.803
5479 25020.156
5480 27014.41
5481 46230.53
5482 42517.183
5483 39100.323
5484 22610.575
5485 25185.607
5486 37464.453
5487 26211.763
5488 29700.196
5489 72304.472
5490 103293.04
5491 43173.705
5492 27063.535
5493 25813.58
5494 33109.668
5495 40372.065
5496 29770.952
5497 25983.64
5498 20229.53
5499 32515.4
5500 30854.197
5501 20354.831
5502 43016.521
5503 2172996.7
5504 3650570.2
5505 2415715
5506 4940159.3
5507 28914133
5508 18487550
5509 7620877.3
5510 56470.295
5511 33910.636
5512 113169.37
5513 327661.93
5514 355927.73
5515 114680.07
5516 92084.405
5517 141258.6
5518 163511.14
5519 71200.591
5520 60168.743
5521 49097.776
5522 19956.129
5523 21533.947
5524 36290.563
5525 30854.462
5526 100450.21
5527 80939.122
5528 108834.92
5529 55342.773
5530 72146.204
5531 50958.046
5532 57247.155
5533 44534.645
5534 41977.684
5535 49548.011
5536 36620.443
5537 48553.724
5538 43704.321
5539 21848.022
5540 28910.908
5541 44278.293
5542 34391.724
5543 20974.216
5544 31720.517
5545 41514.429
5546 120282.93
5547 150208.57
5548 28350.205
5549 31529.027
5550 44217.8
5551 60056.256
5552 79635.667
5553 28921.902
5554 44963.423
5555 77009.675
5556 63100.931
5557 29455.798
5558 49804.446
5559 54361.243
5560 38006.742
5561 49138.259
5562 64483.713
5563 43439.74
5564 40296.068
5565 65921.48
5566 56659.744
5567 30105.193
5568 61475.988
5569 60537.492
5570 53793.346
5571 58956.863
5572 77914.851
5573 70219.392
5574 44917.841
5575 54155.009
5576 85534.183
5577 83408.176
5578 46032.512
5579 66444.651
5580 104753.15
5581 126749.43
5582 86444.622
5583 70302.667
5584 51813.218
5585 49184.838
5586 76490.169
5587 68593.745
5588 42764.912
5589 61214.373
5590 112389.12
5591 82792.951
5592 127265.67
5593 129171.36
5594 137525.76
5595 80926.779
5596 58479.71
5597 72561.508
5598 60170.749
5599 61127.176
5600 53455.867
5601 34824.165
5602 59817.485
5603 52969.593
5604 41456.689
5605 58344.885
5606 52001.751
5607 98802.84
5608 184688.61
5609 121349.69
5610 54826.297
5611 107163.8
5612 146249.18
5613 123889.45
5614 92789.959
5615 166812.99
5616 168377.58
5617 99120.406
5618 117834.46
5619 131327.01
5620 91013.71
5621 50044.81
5622 121547.1
5623 114880.52
5624 73972.086
5625 37444.061
5626 55104.552
5627 59979.99
5628 55590.02
5629 78365.234
5630 78547.173
5631 52603.046
5632 51740.825
5633 80657.379
5634 70494.775
5635 93815.045
5636 166831.96
5637 191739.65
5638 119087.86
5639 94452.411
5640 70985.865
5641 117686.46
5642 120202.47
5643 115680.17
5644 125729.79
5645 134735.54
5646 100040.83
5647 128052.87
5648 121242.62
5649 162314
5650 103378.82
5651 101578.14
5652 61361.217
5653 56923.955
5654 66136.869
5655 174626.74
5656 104840.1
5657 146481.58
5658 231544.23
5659 222357.49
5660 70761.81
5661 89142.538
5662 228010.63
5663 158961.87
5664 109322.87
5665 94181.439
5666 72798.389
5667 56304.549
5668 76507.281
5669 64132.027
5670 30881.157
5671 105796.91
5672 200545.72
5673 340465.52
5674 230482.09
5675 188147.55
5676 187187.84
5677 215645.82
5678 207249.25
5679 109704.85
5680 130187.35
5681 135834.81
5682 64215.242
5683 68700.989
5684 77600.886
5685 49153.924
5686 40070.98
5687 69870.98
5688 162201.61
5689 105847.96
5690 275608.49
5691 445064.06
5692 1078827.1
5693 1305518.1
5694 13303833
5695 35682779
5696 41393154
5697 25310940
5698 19721498
5699 449717.47
5700 690878.15
5701 439219.79
5702 228287.77
5703 111757.38
5704 135765.97
5705 58800.832
5706 96513.362
5707 69607.878
5708 68504.052
5709 76419.006
5710 72126.843
5711 41799.077
5712 63944.936
5713 50619.308
5714 78443.821
5715 81217.772
5716 55626.907
5717 91737.297
5718 154189.8
5719 129143.45
5720 82547.077
5721 54129.039
5722 65090.612
5723 90597.085
5724 65459.769
5725 100279.36
5726 95876.067
5727 124932.07
5728 112518.77
5729 76701.805
5730 69209.512
5731 84409.287
5732 83191.477
5733 74428.632
5734 271317.14
5735 314548.66
5736 114349.98
5737 82823.18
5738 49819.777
5739 86454.104
5740 80851.279
5741 79445.824
5742 115056.09
5743 104919.69
5744 65312.559
5745 83501.022
5746 68912.221
5747 26368.109
5748 74238.84
5749 88301.066
5750 87803.133
5751 108822.17
5752 69441.897
5753 76191.412
5754 48892.638
5755 47113.233
5756 38412.535
5757 46600.029
5758 40459.223
5759 57182.325
5760 23907.864
5761 52563.987
5762 51716.081
5763 35709.886
5764 22816.649
5765 31284.228
5766 23159.387
5767 29371.83
5768 49580.228
5769 57608.07
5770 76816.762
5771 84943.376
5772 38080.092
5773 36700.76
5774 37604.88
5775 72248.029
5776 48730.075
5777 36546.002
5778 49938.802
5779 36305.131
5780 31523.382
5781 40687.328
5782 55337.058
5783 49554.597
5784 33970.831
5785 41129.112
5786 38907.916
5787 27803.076
5788 49589.38
5789 40907.514
5790 36987.275
5791 39923.919
5792 21745.717
5793 55741.515
5794 72013.569
5795 74895.947
5796 73645.103
5797 30094.43
5798 30198.221
5799 67703.185
5800 54556.4
5801 36333.973
5802 45040.354
5803 118752.32
5804 49803.611
5805 68471.09
5806 51181.109
5807 61041.263
5808 85697.679
5809 114278.33
5810 137854.99
5811 81000.89
5812 66584.113
5813 93143.021
5814 54215.272
5815 39574.81
5816 58942.438
5817 49310.941
5818 30194.255
5819 57676.899
5820 36965.363
5821 22745.739
5822 16603.996
5823 21085.862
5824 27668.843
5825 33198.399
5826 42416.35
5827 52602.655
5828 60898.267
5829 45720.381
5830 45627.031
5831 72557.918
5832 58335.98
5833 14576.969
5834 15160.717
5835 48532.225
5836 61509.718
5837 39906.089
5838 25614.802
5839 46757.255
5840 43650.951
5841 34579.081
5842 38401.494
5843 42449.28
5844 47458.025
5845 60841.389
5846 46563.594
5847 39786.125
5848 52345.197
5849 61384.411
5850 53167.219
5851 30327.966
5852 58116.33
5853 57229.793
5854 21056.659
5855 33857.955
5856 45331.014
5857 20374.891
5858 41812.005
5859 44909.212
5860 44756.098
5861 64420.072
5862 79396.825
5863 33661.004
5864 51642.597
5865 78747.802
5866 58400.969
5867 60261.122
5868 65945.495
5869 51879.867
5870 31423.227
5871 46012.59
5872 62273.84
5873 118616.75
5874 115754.57
5875 72056.131
5876 99024.52
5877 31598.027
5878 43882.158
5879 37729.572
5880 42314.441
5881 115115.53
5882 4668299.4
5883 6542776
5884 2366036.1
5885 857775.44
5886 18915290
5887 16337093
5888 5523283
5889 211574.92
5890 31804.739
5891 52976.831
5892 2200907.1
5893 5164476.2
5894 425125.92
5895 262330.94
5896 30970.297
5897 69073.694
5898 55420.165
5899 58148.992
5900 68009.629
5901 50544.241
5902 81325.853
5903 71225.134
5904 52630.413
5905 60392.295
5906 56477.316
5907 115969.29
5908 134166.25
5909 64573.041
5910 107440.33
5911 42748.086
5912 141211.07
5913 141807.11
5914 165126.83
5915 79087.349
5916 95480.748
5917 115565.3
5918 107075.76
5919 110963.6
5920 82475.117
5921 50273.131
5922 82177.143
5923 56998.831
5924 89525.937
5925 59383.466
5926 54338.646
5927 69256.894
5928 76291.109
5929 96286.456
5930 72282.421
5931 50806.288
5932 65097.162
5933 40061.566
5934 28512.906
5935 53770.066
5936 58282.098
5937 42095.67
5938 35774.711
5939 35123.863
5940 30314.103
5941 65251.303
5942 128931.14
5943 81454.801
5944 40941.332
5945 32751.138
5946 41710.576
5947 21371.662
5948 33878.989
5949 38353.8
5950 46656.055
5951 66849.817
5952 37951.491
5953 60148.921
5954 60841.157
5955 48388.278
5956 63248.408
5957 93917.153
5958 109120.73
5959 198948.18
5960 178884.95
5961 79985.674
5962 90013.211
5963 151234.78
5964 100681.74
5965 53009.911
5966 22981.968
5967 28550.975
5968 34023.03
5969 37378.319
5970 34753.601
5971 59928.927
5972 54197.036
5973 47364.532
5974 83406.769
5975 95610.44
5976 87309.729
5977 82707.979
5978 86051.448
5979 83920.338
5980 74401.25
5981 51534.488
5982 61232.043
5983 47114.375
5984 88741.679
5985 109925.18
5986 91251.469
5987 115223.36
5988 161452.23
5989 123851.49
5990 87191.665
5991 113033.68
5992 242225.02
5993 196418.4
5994 250003.39
5995 263067.21
5996 244581.1
5997 84817.777
5998 77596.881
5999 50169.575
6000 36350.887
6001 35544.645
6002 67661.392
6003 44143.46
6004 72742.231
6005 36284.793
6006 40263.232
6007 37078.234
6008 8450.4977
6009 6700.8972
6010 4968.118
6011 4684.3958
6012 7453.5838
6013 6186.4774
6014 10372.486
6015 4217.5448
6016 1557.3228
6017 17995.639
6018 22240.511
6019 11027.409
6020 10607.507
6021 27617.101
6022 53767.757
6023 62565.553
6024 78649.232
6025 70598.716
6026 64153.999
6027 63492.515
6028 53254.423
6029 34785.841
6030 83642.023
6031 114083.52
6032 74768.898
6033 203709.99
6034 172262.04
6035 34055.308
6036 134831.76
6037 82029.167
6038 142522.36
6039 109651.5
6040 47767.917
6041 70048.055
6042 69382.813
6043 42952.443
6044 57277.073
6045 61685.159
6046 87885.229
6047 179734.87
6048 395330.99
6049 323153.51
6050 321817.74
6051 180793.34
6052 119669.44
6053 71189.007
6054 79900.058
6055 75157.393
6056 57972.463
6057 174480.6
6058 70134.956
6059 65599.929
6060 62596.679
6061 42863.65
6062 27424.279
6063 35343.496
6064 213035.84
6065 386830.97
6066 172329.97
6067 196052.43
6068 509656.09
6069 288527.37
6070 118985.21
6071 140503.08
6072 69807.737
6073 89761.953
6074 180775.41
6075 91744.891
6076 48986.611
6077 99041.389
6078 99182.505
6079 133114.55
6080 114538.76
6081 165641.85
6082 87333.476
6083 243280.42
6084 107065.52
6085 156885.37
6086 369386.83
6087 716937.44
6088 469717.73
6089 140038.34
6090 79040.453
6091 90834.442
6092 91695.129
6093 63655.55
6094 144053.29
6095 97078.759
6096 170220.54
6097 141987.98
6098 152851.21
6099 184529.05
6100 91491.456
6101 49737.863
6102 63472.266
6103 48939.473
6104 27508.028
6105 27385.531
6106 23350.88
6107 40215.034
6108 56551.983
6109 26820.744
6110 6627.4199
6111 10042.256
6112 7877.584
6113 4977.0021
6114 659.41355
6115 2969.0091
6116 3498.4632
6117 736.01101
6118 2044.937
6119 1728.0969
6120 230.43843
6121 136.43902
6122 94.555979
6123 373.33126
6124 513.2008
6125 3716.0015
6126 4383.6047
6127 1324.213
6128 2591.6334
6129 5872.642
6130 3816.3692
6131 80.707081
6132 80.245201
6133 210.00605
6134 234.25205
6135 68.490815
6136 362.62129
6137 379.18222
6138 993.79897
6139 1287.5778
6140 344.7773
6141 38.6575
6142 229.67938
6143 1371.8725
6144 1635.3299
6145 806.67561
6146 567.98682
6147 229.1628
6148 730.07361
6149 1937.5344
6150 1942.1537
6151 853.06973
6152 7184.9305
6153 7671.3575
6154 26340.26
6155 45469.081
6156 26814.769
6157 32776.488
6158 20493.648
6159 184305.46
6160 166394.55
6161 1241.3621
6162 46436.2
6163 44636.383
6164 960.9986
6165 1502.7452
6166 638.56801
6167 84.088165
6168 1214.4961
6169 4901.1794
6170 4503.9209
6171 1651.8205
6172 26.733941
6173 126.37697
6174 711.24823
6175 817.77151
6176 321.15463
6177 1252.7926
6178 3632.7543
6179 27680.918
6180 26507.719
6181 33409.939
6182 14922.654
6183 29081.835
6184 28881.408
6185 19581.75
6186 21933.907
6187 19567.35
6188 24607.783
6189 36542.375
6190 52406.771
6191 35580.699
6192 61606.177
6193 35598.06
6194 24005.085
6195 15641.427
6196 61380.481
6197 50567.024
6198 48266.848
6199 70853.928
6200 46805.208
6201 27344.923
6202 20216.714
6203 16867.115
6204 60268.914
6205 69183.79
6206 133346.32
6207 152162.46
6208 94055.629
6209 130982.47
6210 134739.05
6211 479491.45
6212 380429.66
6213 152924.46
6214 199933.05
6215 725959.01
6216 855130.58
6217 277103.22
6218 67115.914
6219 185951.29
6220 148230.11
6221 200123.74
6222 107992.59
6223 185581.5
6224 257484.15
6225 130476.68
6226 149237.52
6227 121641.95
6228 234906.02
6229 325169.51
6230 119465.42
6231 191694.27
6232 153035.89
6233 186413.24
6234 179919.18
6235 229647.96
6236 218360.36
6237 166374.39
6238 125245.25
6239 117029.89
6240 90111.764
6241 160224.73
6242 106716.71
6243 245522.41
6244 437239.35
6245 4212540.4
6246 20079698
6247 11116510
6248 4723842.6
6249 6379576.9
6250 34027407
6251 28353626
6252 12722394
6253 611242.48
6254 104338.16
6255 59039.045
6256 140617.93
6257 85857.84
6258 54478.954
6259 64802.328
6260 45079.697
6261 61432.118
6262 110480.15
6263 38691.02
6264 81500.014
6265 81873.121
6266 126398.7
6267 82811.767
6268 397170.95
6269 2053438.6
6270 1458622.5
6271 108554.98
6272 76634.309
6273 7063660.8
6274 7634561.8
6275 2879690.9
6276 202002.07
6277 68741.498
6278 58985.033
6279 55150.101
6280 66608.693
6281 60772.165
6282 38249.16
6283 48480.368
6284 43362.473
6285 27305.143
6286 40496.828
6287 25236.656
6288 21846.507
6289 7756.253
6290 9057.0653
6291 13660.834
6292 22568.996
6293 18589.926
6294 11538.218
6295 16583.03
6296 13781.729
6297 26369.817
6298 11170200
6299 7464647
6300 39605619
6301 5214679
6302 23118964
6303 31568519
6304 38149535
6305 34337198
6306 14171064
6307 1752411
6308 17450160
6309 19453026
6310 6667032.9
6311 569513.98
6312 1867286.3
6313 366607.2
6314 7247418.6
6315 5835939.4
6316 40760125
6317 26695097
6318 44401940
6319 5495957.7
6320 35968145
6321 5985879.4
6322 26290405
6323 3106647.7
6324 385884.97
6325 1240941.3
6326 373994.04
6327 139043.45
6328 14447.82
6329 7158.358
6330 3878.5245
6331 19338.443
6332 17862.141
6333 22473.539
6334 30429.034
6335 28528.272
6336 26545.788
6337 66227.105
6338 67793.857
6339 89081.373
6340 79805.84
6341 82710.935
6342 321698.34
6343 762660.02
6344 14748223
6345 27250437
6346 11322153
6347 686740.58
6348 97277.283
6349 76649.124
6350 78022.281
6351 140009.66
6352 97811.876
6353 222117.25
6354 132969.68
6355 73042.24
6356 66170.851
6357 76117.224
6358 118812.93
6359 2356864.6
6360 3122697.8
6361 464223.32
6362 95839.783
6363 179509.25
6364 93761.755
6365 95270.985
6366 126487.91
6367 140398.67
6368 376467.36
6369 104346.94
6370 153967.11
6371 310015.22
6372 459254.5
6373 178429.31
6374 99719.49
6375 44532.148
6376 65534.07
6377 125295.46
6378 73507.915
6379 62851.618
6380 117297.07
6381 97654.105
6382 98949.94
6383 139922.57
6384 59892.582
6385 65696.485
6386 32576.079
6387 42668.874
6388 71450.9
6389 94520.512
6390 86320.731
6391 67076.016
6392 186933.93
6393 128548.44
6394 83785.03
6395 51173.413
6396 112733.11
6397 95358.05
6398 55101.957
6399 202042.18
6400 141843.6
6401 59237.321
6402 36148.191
6403 14206.791
6404 5608.6625
6405 8132.9139
6406 8833.3875
6407 6803.4831
6408 5453.015
6409 7298.7918
6410 7599.8326
6411 34749.157
6412 40896.77
6413 31383.243
6414 29348.896
6415 15191.543
6416 16085.96
6417 18524.379
6418 23177.586
6419 24824.071
6420 30509.285
6421 35326.778
6422 41265.422
6423 100138.36
6424 94691.884
6425 37819.196
6426 63922.843
6427 76724.956
6428 89121.328
6429 69575.361
6430 57016.406
6431 94880.39
6432 60184.11
6433 78147.668
6434 117308.96
6435 55825.218
6436 70136.878
6437 99050.022
6438 90630.996
6439 94097.675
6440 117822.39
6441 146567.68
6442 99629.708
6443 143418.55
6444 68166.041
6445 49107.48
6446 199099.67
6447 59401.464
6448 49191.229
6449 39824.848
6450 63518.435
6451 53813.805
6452 90612.551
6453 36596.462
6454 34129.497
6455 20768.387
6456 45136.329
6457 44208.114
6458 20235.794
6459 4123.4974
6460 11311.238
6461 14148.686
6462 9281.2376
6463 4260.7657
6464 1475.2241
6465 1183.1363
6466 1229.4234
6467 1053.4944
6468 1879.9756
6469 4510.2085
6470 2753.2917
6471 252.5218
6472 855.03646
6473 10885.838
6474 11792.248
6475 10010.327
6476 4983.1487
6477 5342.6547
6478 4452.7186
6479 1063.0215
6480 4734.1362
6481 12102.094
6482 34624.395
6483 41731.037
6484 15877.985
6485 10243.73
6486 11285.492
6487 5670.81
6488 5076.1752
6489 2459.0126
6490 3722.9829
6491 5361.3415
6492 1359.5465
6493 1355.0367
6494 1990.7693
6495 2029.3437
6496 6055.3111
6497 7694.1647
6498 6445.8463
6499 7517.8363
6500 1885.5051
6501 4911.8952
6502 6142.8236
6503 2620.765
6504 2563.6381
6505 2988.2091
6506 5888.0258
6507 6274.4151
6508 7670.5199
6509 21470.336
6510 50960.846
6511 206292.71
6512 475846.05
6513 492308.95
6514 233414.87
6515 53432.27
6516 183133.66
6517 192500.85
6518 38976.889
6519 50124.98
6520 72061.863
6521 72508.762
6522 58623.194
6523 73119.955
6524 91359.358
6525 64678.725
6526 74486.92
6527 79085.467
6528 52134.785
6529 26292.034
6530 95080.663
6531 134614.56
6532 180777.02
6533 170613.48
6534 116926.88
6535 239917.86
6536 339027.32
6537 101334.32
6538 199415.85
6539 202653.57
6540 65190.577
6541 118550.07
6542 109912.26
6543 72592.961
6544 58196.435
6545 22767.543
6546 35828.589
6547 11218.897
6548 11456.391
6549 4384.2758
6550 814.62831
6551 124.14031
6552 9.664375
6553 4.764375
6554 456.56763
6555 26422.482
6556 343130.49
6557 339600
6558 51036.993
6559 99585.621
6560 159984.07
6561 121406.31
6562 61489.846
6563 85632.785
6564 178510.13
6565 265952.99
6566 243570.99
6567 148954.97
6568 84161.298
6569 44255.773
6570 11298.695
6571 8014.253
6572 3657.4332
6573 4727.3913
6574 2568.459
6575 47.75911
6576 76.678461
6577 73.722321
6578 0
6579 0
6580 0
6581 0
6582 3523.4474
6583 33082.639
6584 44948.217
6585 35810.048
6586 141742.71
6587 92088.164
6588 234727.4
6589 265214.82
6590 221869.62
6591 236541.07
6592 199853.03
6593 207227.74
6594 269730.59
6595 192979.48
6596 204213.8
6597 48148.846
6598 2328.2259
6599 632.64382
6600 92.684413
6601 101.08
6602 0
6603 1095.2525
6604 33071.657
6605 65880.723
6606 222534.82
6607 338872.26
6608 280252.82
6609 249245.09
6610 384489.38
6611 215974.02
6612 22002595
6613 42444517
6614 29207057
6615 33907112
6616 43883228
6617 15100662
6618 28559283
6619 311244.79
6620 183059.34
6621 183899.69
6622 892522.69
6623 1573819.5
6624 871883.88
6625 403110.04
6626 253437.26
6627 273945.28
6628 78321.137
6629 1349791.7
6630 1358215.5
6631 118009.89
6632 160985.24
6633 187900.99
6634 104020.84
6635 137738.7
6636 16788126
6637 31563314
6638 15526.404
6639 40039143
6640 42358922
6641 31326344
6642 32284888
6643 44250717
6644 40695348
6645 41757725
6646 32912914
6647 40105418
6648 1430445.5
6649 22954921
6650 24973192
6651 53883.277
6652 401279.37
6653 1479572.5
6654 387193.81
6655 572884.96
6656 310930.97
6657 110617.89
6658 343698.71
6659 216037.17
6660 154763.36
6661 76792.642
6662 257744.73
6663 284719.2
6664 106430.98
6665 101313.6
6666 161289.8
6667 281784.57
6668 175042.12
6669 135345.53
6670 158167.74
6671 416962.73
6672 7855454.4
6673 31633899
6674 46081629
6675 44240967
6676 3486574.2
6677 0
6678 128919.78
6679 1425672.8
6680 469995.15
6681 515253.42
6682 1635051.8
6683 1025879.5
6684 175272.68
6685 33173.405
6686 42099.336
6687 84757.9
6688 31786.431
6689 0
6690 7823.2912
6691 30869.746
6692 40047.608
6693 121085.75
6694 77765.111
6695 71822.979
6696 51164.263
6697 50063.413
6698 19104.098
6699 800.54559
6700 224.98779
6701 195.20186
6702 4619.8952
6703 37703.562
6704 73702.124
6705 103839.12
6706 194257.32
6707 332559.72
6708 616127.38
6709 139952.81
6710 18402.184
6711 2086.4653
6712 0
6713 0
6714 24637.329
6715 116205.36
6716 81575.824
6717 156974.4
6718 508129.69
6719 332304.19
6720 68997.69
6721 4488.8212
6722 136.79797
6723 0
6724 878.81642
6725 40378.246
6726 91346.027
6727 179308.75
6728 395185.48
6729 433185.77
6730 1994115.9
6731 16932835
6732 20778849
6733 36396325
6734 32581221
6735 18729594
6736 227714.25
6737 131400.77
6738 553601.62
6739 3245012.7
6740 3353627.3
6741 5152770.6
6742 14060339
6743 32670819
6744 15203.305
6745 8313.1069
6746 298636.59
6747 341001.69
6748 885194.78
6749 1661220.4
6750 583898.53
6751 651413.02
6752 42154.481
6753 62742.368
6754 110312.13
6755 12465.728
6756 0
6757 50984.086
6758 54191.274
6759 152301.64
6760 174626.07
6761 11058752
6762 18369253
6763 33067510
6764 48651555
6765 19702632
6766 8143980
6767 36637.722
6768 72638.091
6769 185499.18
6770 500149.75
6771 264351.98
6772 317731.34
6773 186245.5
6774 24230.71
6775 3826.5533
6776 2041.7331
6777 0
6778 48.234375
6779 68024.928
6780 277835.16
6781 425564.91
6782 1692848.2
6783 1636879.2
6784 1191268.8
6785 1359898
6786 419055.92
6787 43497.229
6788 4643.2185
6789 764.55594
6790 39.484375
6791 48.706861
6792 13.72
6793 28
6794 24330.493
6795 110610.19
6796 87992.204
6797 223000.48
6798 195389.02
6799 134954.74
6800 202170.74
6801 345968.55
6802 93625.434
6803 15009.335
6804 2724.1948
6805 1904.6061
6806 0
6807 0
6808 19191.179
6809 105649.82
6810 173103.35
6811 326863.09
6812 304295.77
6813 242890.86
6814 414307.42
6815 163929.62
6816 8868.1484
6817 2052.7995
6818 9.8670822
6819 2.1175
6820 0
6821 20.829375
6822 151993.06
6823 328441.05
6824 393875.43
6825 341373.62
6826 205575.28
6827 228132.85
6828 536489.12
6829 640989.44
6830 272450.64
6831 108744.54
6832 1942.7427
6833 573.58686
6834 207.10622
6835 0
6836 0
6837 155.80116
6838 45076.908
6839 124799.23
6840 564865.87
6841 444807.1
6842 359264.1
6843 624922.17
6844 439816.49
6845 143338.35
6846 61660.502
6847 12387.446
6848 729.08137
6849 271.11725
6850 0.28
6851 0
6852 23.002781
6853 7211.8256
6854 66070.94
6855 253470.19
6856 105535.57
6857 549021.95
6858 625617.01
6859 298041.35
6860 134990.6
6861 257273.32
6862 137029.62
6863 2340.4749
6864 3486.7311
6865 1532.8377
6866 429.78801
6867 33.88
6868 0
6869 342.12917
6870 12417.071
6871 53815.939
6872 172215.16
6873 225643.82
6874 205024.75
6875 408466.23
6876 248275.66
6877 316640.92
6878 214167.61
6879 312241.77
6880 126250.91
6881 2826.9743
6882 2494.1824
6883 478.36176
6884 39.484375
6885 0
6886 0
6887 132.47285
6888 367.4813
6889 35579.498
6890 291207.43
6891 378721.11
6892 526163.75
6893 325967.06
6894 228143.05
6895 447624.82
6896 466985.78
6897 584079.08
6898 462872.93
6899 300280.81
6900 49974.244
6901 3688.6636
6902 450.09833
6903 0
6904 0
6905 0
6906 34.015471
6907 16552.668
6908 209909.23
6909 16225691
6910 40258472
6911 28119686
6912 42419954
6913 3240937.2
6914 2850483.2
6915 1019216.5
6916 1647975.5
6917 18002239
6918 23587617
6919 35407653
6920 26848450
6921 10232786
6922 5990472.5
6923 1809451.9
6924 3038512.8
6925 217609.74
6926 171005.55
6927 165499.58
6928 111605.17
6929 94020.83
6930 118431.26
6931 89287.826
6932 64381.305
6933 70892.394
6934 95058.907
6935 60104.002
6936 40793.982
6937 171877.65
6938 159291.94
6939 47822.646
6940 104186.12
6941 104184.65
6942 90483.159
6943 84222.665
6944 91868.137
6945 29560.306
6946 20284.11
6947 48516.737
6948 64522.022
6949 86996.103
6950 192403.5
6951 119574.58
6952 85384.747
6953 155360.46
6954 268204.33
6955 204541.93
6956 366437.44
6957 284371.31
6958 62172.668
6959 105726.88
6960 86289.632
6961 96468.075
6962 130415.39
6963 339601.49
6964 242122.4
6965 432035.14
6966 153743.44
6967 560002.6
6968 354894.04
6969 70896.143
6970 161417.54
6971 161007.39
6972 235977.39
6973 39743.501
6974 317834.57
6975 492534.27
6976 143866.53
6977 233618.53
6978 41352.035
6979 107642.82
6980 83664.763
6981 151022.71
6982 107634.65
6983 187267.81
6984 175069.01
6985 500126.78
6986 341162.03
6987 59561.431
6988 248854.2
6989 102304.07
6990 142519.19
6991 63467.777
6992 159083.93
6993 115001.55
6994 157523.6
6995 247089
6996 356788.36
6997 221216.65
6998 61783.317
6999 287863.33
7000 203262.95
7001 275263.54
7002 229575.14
7003 355744.88
7004 576421.7
7005 358227.94
7006 297535.55
7007 349602.79
7008 352720.53
7009 161815.35
7010 103331.24
7011 163965.42
7012 99063.003
7013 256213.25
7014 174801.51
7015 277958.37
7016 324494.74
7017 402606.42
7018 328671.82
7019 1555634.2
7020 1086854.7
7021 466572.23
7022 305120.58
7023 69277.504
7024 745541.66
7025 742971.66
7026 541935.15
7027 649815.89
7028 350136.19
7029 1151085.1
7030 995722.46
7031 269092.06
7032 193300.11
7033 81343.409
7034 72162.566
7035 317802.59
7036 65257.343
7037 434028.49
7038 191597.54
7039 320525.38
7040 328771.4
7041 136095.19
7042 189324.35
7043 124480.01
7044 174510.83
7045 109323.6
7046 57658.949
7047 118444.7
7048 103734.08
7049 193612.48
7050 331024.95
7051 180471.81
7052 101467.03
7053 290726.51
7054 553017.12
7055 407562.03
7056 180103.88
7057 95244.638
7058 49562.753
7059 97659.623
7060 78022.13
7061 138137.36
7062 141907.76
7063 148422.34
7064 176135.36
7065 215050.9
7066 346576.8
7067 706260.93
7068 285317.03
7069 383234.8
7070 35748.128
7071 196999.86
7072 147110.3
7073 179854.73
7074 376480.93
7075 134667.47
7076 381804.81
7077 542419.42
7078 379240.33
7079 1225956.9
7080 804139.78
7081 385519.03
7082 242731.05
7083 342014.46
7084 72538.526
7085 161772.39
7086 97250.853
7087 92217.176
7088 327344.49
7089 366080.19
7090 171757.96
7091 118650.63
7092 381007.34
7093 76742.565
7094 202700.47
7095 315866.68
7096 139060.38
7097 184275.8
7098 293401.25
7099 229595.59
7100 283865.92
7101 243976.21
7102 178500.65
7103 95028.404
7104 42645.687
7105 232459.89
7106 215008.15
7107 202537.7
7108 222079.25
7109 268681.74
7110 441489.66
7111 274700.87
7112 313573.31
7113 324315.89
7114 228680.28
7115 639033.35
7116 707762.09
7117 127243.2
7118 161769.39
7119 50743.415
7120 87338.027
7121 27853.379
7122 92927.92
7123 472655.4
7124 295983.58
7125 159906.67
7126 171970.06
7127 701096.47
7128 551532.54
7129 376036.29
7130 755876.76
7131 266407.65
7132 263737.07
7133 319828.44
7134 222582.13
7135 117214.64
7136 92161.313
7137 67997.756
7138 288177.65
7139 185086.3
7140 302615.95
7141 245008.63
7142 399244.94
7143 494049.28
7144 808473.57
7145 978737.8
7146 298768.78
7147 218132.63
7148 89929.074
7149 67705.842
7150 87161.892
7151 161040.22
7152 282549.04
7153 339685.52
7154 499300.09
7155 966441.5
7156 573894.02
7157 530127.26
7158 489889.84
7159 737844.34
7160 599266.05
7161 181308.42
7162 234319.32
7163 121170.15
7164 38769.754
7165 60654.004
7166 42106.514
7167 311887.61
7168 565521.27
7169 612355.83
7170 1384785.7
7171 369601.04
7172 1125262.7
7173 734127.19
7174 538655
7175 523897.09
7176 218821.03
7177 350329.23
7178 68963.311
7179 45827.25
7180 73371.859
7181 162852.81
7182 1273485.2
7183 689163.85
7184 344278.55
7185 899199.84
7186 605209.16
7187 1121678.2
7188 723984.51
7189 503375.4
7190 256384.28
7191 486873.17
7192 266056.48
7193 11665.019
7194 598.42488
7195 47221.517
7196 66267.777
7197 620305.15
7198 658505.61
7199 292899.18
7200 635277.62
7201 554950.7
7202 533407.42
7203 476098.1
7204 101256.99
7205 41969.611
7206 12778.73
7207 6729.1329
7208 12313.266
7209 293303.53
7210 349466.32
7211 758115.61
7212 798958.33
7213 317622.9
7214 1038952
7215 631712.24
7216 536181.39
7217 479440.86
7218 77191.352
7219 51548.474
7220 14977.99
7221 1109.4782
7222 1424.5685
7223 44127.883
7224 281154.31
7225 442015.8
7226 1421542.6
7227 482982.99
7228 439579.74
7229 1149696.2
7230 396051.14
7231 1198702.2
7232 874569.39
7233 198179.8
7234 82680.334
7235 96868.59
7236 49367.525
7237 5004.1454
7238 668.60282
7239 3415.9518
7240 57325.103
7241 68426.012
7242 93036.871
7243 599848.56
7244 449973.75
7245 442514.79
7246 948987.87
7247 372444.34
7248 718715.47
7249 1339904.7
7250 757750.62
7251 1138884.5
7252 826277.42
7253 176972.02
7254 205766.71
7255 44343.689
7256 83067.797
7257 23594.688
7258 533.52775
7259 2556.0852
7260 1733.2429
7261 725.61822
7262 5801.9356
7263 63517.907
7264 71652.406
7265 226271.84
7266 590077.45
7267 390545.09
7268 351497.21
7269 842703.94
7270 375536.08
7271 1138768.3
7272 882201.33
7273 390747.62
7274 668847.26
7275 620389.7
7276 78160.466
7277 90538.189
7278 92643.122
7279 24491.728
7280 40764.797
7281 14010.193
7282 1338.0273
7283 698.2501
7284 6768.7316
7285 142623.81
7286 5408683.1
7287 30675007
7288 24813217
7289 5521169.5
7290 2015188.2
7291 1196621.8
7292 230959.07
7293 416906.2
7294 389488.03
7295 380945.51
7296 129125.16
7297 1148925.9
7298 164440.89
7299 166592.87
7300 44993.156
7301 51721.54
7302 78450.545
7303 80625.169
7304 379857.95
7305 312694.84
7306 469453.46
7307 212971.88
7308 114173.88
7309 253969
7310 361841.53
7311 368490.82
7312 55206.01
7313 55693.965
7314 15888.554
7315 1925.9119
7316 4813.269
7317 37004.931
7318 203372.17
7319 212674.67
7320 161468.33
7321 501176.3
7322 345478.39
7323 1847746.9
7324 1628896.1
7325 814007.38
7326 635734.66
7327 64410.135
7328 108252.97
7329 25600.835
7330 14688.369
7331 8250.6021
7332 6538.1978
7333 57740.723
7334 105456.37
7335 212655.05
7336 69886.402
7337 206261.07
7338 419302.62
7339 612318.67
7340 881107.27
7341 269186.05
7342 783117.16
7343 937434.43
7344 189264.48
7345 265272.66
7346 596650.28
7347 293312.41
7348 38811.801
7349 83891.973
7350 41970.51
7351 7450.6464
7352 7552.6713
7353 2982.5636
7354 916.95624
7355 8472.9688
7356 69909.314
7357 440720.47
7358 384722.67
7359 602360.04
7360 256847.25
7361 217727.19
7362 614985.87
7363 546162.68
7364 1027322.1
7365 807994.11
7366 256794.96
7367 203382.08
7368 37973.343
7369 64085.67
7370 26567.026
7371 9245.136
7372 6926.9232
7373 3570.4391
7374 251.0615
7375 7402.3701
7376 21323.388
7377 117260.59
7378 182951.82
7379 466475.88
7380 928210.12
7381 1611220.8
7382 1013607.8
7383 355569.35
7384 442578.01
7385 597853.95
7386 956057.71
7387 355299.57
7388 167182.98
7389 93113.731
7390 17438.817
7391 5754.8727
7392 707.27967
7393 858.23414
7394 452.64252
7395 270.5356
7396 1210.997
7397 2471.4377
7398 22998.761
7399 116501.99
7400 102662.31
7401 124512.56
7402 269369.26
7403 241229.94
7404 407405.65
7405 1407658.9
7406 2121241
7407 552812.38
7408 518474.96
7409 329116.99
7410 1075682.5
7411 387066.03
7412 256608.53
7413 247832.89
7414 27074.534
7415 37541.642
7416 26306.855
7417 22148.17
7418 22647.563
7419 1979.2935
7420 6350.2377
7421 6810.8836
7422 1529.3108
7423 1264.7392
7424 171.71004
7425 271.24804
7426 142.90777
7427 20.303579
7428 13723.18
7429 13637.224
7430 11.379375
7431 756.9968
7432 21834.835
7433 42070.479
7434 57627.139
7435 320184.14
7436 239462.87
7437 345413.18
7438 395841.1
7439 439561.22
7440 420994.08
7441 157460.69
7442 224253.26
7443 241271.41
7444 410087.11
7445 683510.54
7446 485724.18
7447 703057.97
7448 542936.41
7449 630364.88
7450 888111.65
7451 181945.32
7452 143599.85
7453 103193.16
7454 46063.933
7455 8996.0476
7456 1059.1882
7457 358.30126
7458 210.97561
7459 0
7460 2065.7236
7461 29448.628
7462 173002.62
7463 187814.94
7464 285495.99
7465 379270.58
7466 230290.39
7467 200276.67
7468 188191.81
7469 140996.97
7470 310823.8
7471 347724
7472 61066.546
7473 11585.886
7474 49167.924
7475 46761.854
7476 0.97680839
7477 10087.139
7478 46964.926
7479 220931.03
7480 614371.6
7481 354529.7
7482 269856.35
7483 448276.2
7484 260973.29
7485 355387.96
7486 75214.061
7487 5017.6164
7488 17751.694
7489 4629.5983
7490 200.59983
7491 8796.0815
7492 57712.848
7493 165834.69
7494 392809.59
7495 367590.98
7496 120937.12
7497 95633.762
7498 122522.9
7499 76840.591
7500 6548.1578
7501 2819.3762
7502 1462.8236
7503 0
7504 0
7505 29016.691
7506 88956.568
7507 174051.4
7508 405983.37
7509 468922.37
7510 346236.34
7511 572611.69
7512 562289.42
7513 111639.1
7514 10059.033
7515 1899.3221
7516 1464.1218
7517 19278327
7518 40865004
7519 11340663
7520 9188990.3
7521 36388994
7522 33979228
7523 44786047
7524 42422685
7525 15908805
7526 12178356
7527 13814496
7528 7453872.4
7529 215124
7530 36832.507
7531 385.84441
7532 9.6169115
7533 8753.3299
7534 78437.455
7535 117614.09
7536 11563635
7537 7498776.7
7538 42334854
7539 41084614
7540 29309721
7541 35338235
7542 22960929
7543 47088865
7544 43516283
7545 21076598
7546 1897372.8
7547 1713924.8
7548 46050576
7549 32137396
7550 38343002
7551 5281514
7552 38740197
7553 44077891
7554 14699044
7555 26840242
7556 41752703
7557 11434365
7558 43475068
7559 30819945
7560 27391933
7561 23055195
7562 44110984
7563 21168672
7564 22738440
7565 35900560
7566 604017.47
7567 4946950
7568 2092286.4
7569 208513.39
7570 57508.036
7571 47199.269
7572 158568.62
7573 19636.283
7574 0
7575 3997.9677
7576 89441.981
7577 363396.75
7578 393883.8
7579 383540.66
7580 522880.81
7581 416544.26
7582 251059.52
7583 1301108.5
7584 18901839
7585 24713496
7586 20901453
7587 32717435
7588 18862665
7589 35486623
7590 35320293
7591 26820059
7592 12506034
7593 12169736
7594 494273.71
7595 571747.96
7596 692504.91
7597 346387.41
7598 885421.18
7599 1632006.5
7600 1717548.2
7601 746353.8
7602 300557.25
7603 51907.94
7604 1955.9745
7605 2038.701
7606 452.63544
7607 234.57802
7608 1.75
7609 12069.738
7610 29490.245
7611 79337.926
7612 138160.7
7613 705901.01
7614 580839.51
7615 263745.98
7616 443911.78
7617 560606.16
7618 265442.24
7619 248492.31
7620 166638.41
7621 11935.456
7622 3055.2172
7623 574.26036
7624 414.99634
7625 0
7626 0
7627 524.52783
7628 524.52783
7629 13.671946
7630 99408.198
7631 359791.92
7632 273047.61
7633 374957.13
7634 620972.91
7635 465606.56
7636 409521.52
7637 476198.04
7638 376853.71
7639 265784.53
7640 174851.6
7641 106827.13
7642 34088.064
7643 11775.607
7644 1539.9095
7645 1435.2976
7646 1178.6338
7647 328.43603
7648 152.46524
7649 257.88135
7650 47837.929
7651 200297.87
7652 348377.54
7653 452064.08
7654 553383.67
7655 318924.76
7656 341783.3
7657 319237.79
7658 437940.62
7659 815803.33
7660 386462.42
7661 68539.053
7662 9630.369
7663 9135.0606
7664 1779.3666
7665 672.28
7666 1863.743
7667 4684.6664
7668 2346.7071
7669 91857.978
7670 463176.53
7671 1289585.6
7672 1097242.7
7673 765668.36
7674 837564.87
7675 246370.25
7676 299310.09
7677 1440857
7678 1542441.3
7679 345566.52
7680 691338.29
7681 16214925
7682 14306762
7683 349469.5
7684 11963.144
7685 3518.986
7686 36.319347
7687 36.319347
7688 0
7689 7.2177109
7690 2138.1389
7691 14053.269
7692 197436.8
7693 261884.69
7694 121265.6
7695 226161.63
7696 519332.96
7697 349048.71
7698 276375.85
7699 181270.7
7700 588636.14
7701 509808.21
7702 958109.23
7703 1089086.1
7704 458553.19
7705 66608.192
7706 7202.0083
7707 3617.246
7708 4.487459
7709 13.72
7710 13.72
7711 0
7712 1328.8326
7713 1701.1575
7714 30919.101
7715 146555.18
7716 437972.93
7717 511051.97
7718 685488.39
7719 663679.3
7720 498189.24
7721 474953.02
7722 392495.32
7723 334817.73
7724 57917.803
7725 8384.2094
7726 5988.0732
7727 418.74572
7728 1518.9885
7729 1493.8085
7730 80.92
7731 2079.878
7732 13584.089
7733 103046.18
7734 190657.11
7735 660590.87
7736 661772.81
7737 546666.86
7738 216874.36
7739 194987.67
7740 717570.75
7741 588045.92
7742 34721.38
7743 536.82359
7744 2088.57
7745 53.610853
7746 204.9156
7747 293.26375
7748 129.43
7749 428.73576
7750 60437.93
7751 321698.94
7752 265728.24
7753 218140.79
7754 275043.34
7755 194838.18
7756 439245.41
7757 840903.75
7758 505960.07
7759 563631.07
7760 588707.1
7761 220818.02
7762 35842.343
7763 6548.9726
7764 600.66621
7765 17.92
7766 906.48958
7767 891.73729
7768 0
7769 5196.9948
7770 90650.936
7771 170643.21
7772 178444.4
7773 558476.93
7774 188814.69
7775 126279.2
7776 283648.11
7777 776104.61
7778 400162.1
7779 287911.61
7780 230286.62
7781 27814.221
7782 4623.2864
7783 3726.0247
7784 698.71687
7785 0
7786 0
7787 0
7788 0
7789 123.48
7790 615.37822
7791 125061.45
7792 338283.86
7793 393707.09
7794 503461.46
7795 1040169.3
7796 943684.31
7797 167748.08
7798 681765.25
7799 612553.55
7800 112102.59
7801 3140.5486
7802 608.46434
7803 97.890014
7804 0
7805 128.24005
7806 16018.078
7807 263277.86
7808 487650.42
7809 542706.89
7810 483645.27
7811 468066.51
7812 789229.05
7813 298115.93
7814 115911.04
7815 42843.08
7816 7547.3743
7817 2.1602823
7818 0
7819 0
7820 7733.217
7821 265997.52
7822 711131.8
7823 694198.39
7824 367152.84
7825 805367.3
7826 1148543.2
7827 353975.56
7828 43369.322
7829 6237.1175
7830 2143.4493
7831 0
7832 0
7833 0
7834 4314.9177
7835 236656.15
7836 808828.65
7837 423407.36
7838 396075.87
7839 1199399.8
7840 751192.45
7841 890245.19
7842 829146.38
7843 218939.27
7844 9368.276
7845 6749.6921
7846 2610.672
7847 0
7848 0
7849 0
7850 1.9344911
7851 81119.384
7852 266481.24
7853 215257.91
7854 187413.79
7855 394860.08
7856 740369.27
7857 275181.57
7858 986228.35
7859 1291218.8
7860 741475.79
7861 143194.84
7862 18619.941
7863 5248.4647
7864 290.79925
7865 625.17806
7866 625.17806
7867 0
7868 812.09704
7869 24924.55
7870 1246403.4
7871 1417704.7
7872 248951.09
7873 549142.13
7874 822117.97
7875 327142.08
7876 821928.53
7877 809099.72
7878 166268.73
7879 4292.3734
7880 4301.172
7881 945.82642
7882 0
7883 0
7884 0
7885 0
7886 0
7887 0
7888 212.16263
7889 9843.415
7890 47187.328
7891 119602.69
7892 468863.65
7893 525422.27
7894 515511.38
7895 968923.39
7896 630945.6
7897 172413.14
7898 824510.68
7899 1197148.8
7900 365789.2
7901 315258.51
7902 82952.955
7903 4769.0541
7904 9883.5183
7905 3728.9712
7906 0
7907 0
7908 0
7909 0
7910 9463.5903
7911 39364.954
7912 137720.7
7913 205492.87
7914 192266.88
7915 308065.02
7916 438891.12
7917 612650.77
7918 528187.31
7919 464031.15
7920 644236.81
7921 228310.9
7922 70504.573
7923 2043.6131
7924 598.62893
7925 426.76307
7926 0
7927 1330.5054
7928 1330.5054
7929 6.654375
7930 1937.1681
7931 30795.977
7932 83714.839
7933 81189.964
7934 388031.54
7935 406023.49
7936 303028.81
7937 454162.55
7938 746208.64
7939 542685.54
7940 801003.48
7941 390008.9
7942 23760.796
7943 7774.4964
7944 5154.2353
7945 1035.9878
7946 469.30582
7947 392.26556
7948 0
7949 0
7950 22.68
7951 22.68
7952 56.149726
7953 50229.532
7954 124403
7955 206589.33
7956 668120.73
7957 680141.93
7958 415381.97
7959 723841.13
7960 741251.02
7961 212816.03
7962 422637.78
7963 1294030.3
7964 1254765.9
7965 117170.17
7966 82679.557
7967 13848.786
7968 1749.9113
7969 947.24955
7970 522.72573
7971 0
7972 0
7973 0
7974 0
7975 0
7976 30.301478
7977 37.405952
7978 10.504375
7979 4635.6762
7980 147791.38
7981 191667.36
7982 126394.14
7983 517525.38
7984 379679.88
7985 263661.07
7986 586936.02
7987 898138.74
7988 534951.38
7989 298050.55
7990 888513.24
7991 530538.44
7992 438809.3
7993 516011.77
7994 296627.43
7995 3394.1026
7996 3618.4765
7997 1469.8121
7998 92.594876
7999 0.63
8000 0
8001 0
8002 0
8003 57.199154
8004 56.992715
8005 7976.0256
8006 161151.4
8007 394297.73
8008 538561.98
8009 928539.77
8010 660027.25
8011 233543.47
8012 341144.5
8013 334457.49
8014 363767.03
8015 607233.38
8016 881179.44
8017 573885.25
8018 326030.82
8019 23911.179
8020 6301.547
8021 6562.0365
8022 1500.6591
8023 0
8024 1532.2584
8025 1532.2584
8026 0
8027 1812.2837
8028 1816.0906
8029 10700.865
8030 89491.883
8031 183677.77
8032 315446.34
8033 797559.67
8034 641673.86
8035 141421.24
8036 380043.42
8037 945579.36
8038 2595163.8
8039 4349211.4
8040 6406085.2
8041 3925362.8
8042 1120111.3
8043 547431.91
8044 297185.74
8045 658639.95
8046 779105.02
8047 356522.78
8048 19136.58
8049 1652.6143
8050 2443.5679
8051 1348.1811
8052 363.67097
8053 59.706042
8054 0.109375
8055 0
8056 0
8057 0
8058 0
8059 0
8060 0
8061 0
8062 163.29875
8063 2361.7485
8064 8468.2898
8065 160099.72
8066 251097.86
8067 142704.21
8068 284737.42
8069 853515.61
8070 514742.58
8071 358397.4
8072 684397.58
8073 1068947.2
8074 261633.88
8075 1254054.1
8076 2546196.6
8077 846564.42
8078 406985.24
8079 583454.92
8080 324916.73
8081 40797.447
8082 2232.1241
8083 2843.5192
8084 3013.1827
8085 678.86856
8086 82.085615
8087 76.241357
8088 0
8089 0
8090 0
8091 0
8092 0
8093 0
8094 0
8095 80.92
8096 53823.396
8097 205013.86
8098 295137.81
8099 147477.01
8100 802738.81
8101 287023.82
8102 416295.24
8103 1190182.9
8104 1440939.3
8105 456507.2
8106 696095.35
8107 1178206.6
8108 262252.76
8109 6291.4972
8110 2987.7625
8111 2217.1418
8112 5.3066111
8113 2.1175
8114 0
8115 0
8116 0
8117 0
8118 0
8119 915.62751
8120 18181.132
8121 104687.71
8122 231901.31
8123 631585.47
8124 645040.67
8125 387902.72
8126 895110.14
8127 1934787.2
8128 1245554
8129 388020.58
8130 1198817.3
8131 428552.51
8132 23792.344
8133 10055.289
8134 7702.781
8135 2398.4448
8136 651.98091
8137 9.7678234
8138 0
8139 0
8140 0
8141 0
8142 0
8143 0
8144 139.08571
8145 59215.773
8146 258729.12
8147 259627.92
8148 582960.99
8149 961445.77
8150 903338.71
8151 455205.36
8152 439758.6
8153 1268358.4
8154 1265514.1
8155 463082.7
8156 847283.4
8157 1204529.3
8158 365880.62
8159 55126.154
8160 35032.314
8161 14615.445
8162 3295.2648
8163 54.711507
8164 2317.7551
8165 2251.6507
8166 0
8167 0
8168 12102505
8169 7256591.2
8170 43206241
8171 128750.39
8172 131849.14
8173 139980.34
8174 38602386
8175 15694945
8176 1255088.4
8177 1613903.8
8178 1061982.3
8179 571476.05
8180 1880238.5
8181 415770.95
8182 228937.98
8183 539180.3
8184 225897.22
8185 99870.383
8186 443869.48
8187 255446.22
8188 114618.28
8189 195843.06
8190 216459.61
8191 83619.592
8192 127946.58
8193 167939.83
8194 106426.35
8195 237804.32
8196 270956.13
8197 438949.56
8198 349782.43
8199 185738.28
8200 123464.85
8201 59005.107
8202 228878.81
8203 132555.6
8204 171911.97
8205 189735.4
8206 208964.02
8207 75539.578
8208 45095.641
8209 203010.59
8210 365447.95
8211 285274.06
8212 143891.95
8213 50788.62
8214 68355.298
8215 79477.823
8216 176301.47
8217 201344.32
8218 95943.895
8219 57933.89
8220 59306.666
8221 80231.322
8222 81267.473
8223 53117.046
8224 85051.173
8225 54543.022
8226 41810.529
8227 102268.07
8228 363669.88
8229 371510.82
8230 106644.42
8231 102072.87
8232 164994.45
8233 188839.65
8234 260047.37
8235 235133.7
8236 86390.301
8237 113422.37
8238 689295
8239 707615.95
8240 130153.84
8241 37213.849
8242 93586.96
8243 112725.93
8244 78242.739
8245 109861.41
8246 85517.631
8247 91314.076
8248 86893.045
8249 157264.32
8250 100147.74
8251 60269.972
8252 72766.006
8253 48986.422
8254 64613.249
8255 90357.416
8256 105917.13
8257 108947.73
8258 92431.366
8259 247187.35
8260 204061.25
8261 81499.629
8262 665760.98
8263 688445.56
8264 270726.02
8265 203584.05
8266 251416.25
8267 93997.018
8268 113395.93
8269 152409.36
8270 111208.6
8271 195465.5
8272 123373.14
8273 256501.74
8274 199509.37
8275 303643.27
8276 324280.38
8277 163823.94
8278 140378.98
8279 73834.828
8280 87445.733
8281 502442.77
8282 627038.73
8283 233873.59
8284 241698.48
8285 600318.98
8286 578506.14
8287 226776.54
8288 130697.19
8289 209716.45
8290 1239143.1
8291 1197761.2
8292 715829.86
8293 711144.16
8294 358961.01
8295 140975.97
8296 129981.79
8297 100454.38
8298 234868.61
8299 98377.291
8300 47317.296
8301 58065.182
8302 190534.97
8303 192013.41
8304 52698.284
8305 171900.27
8306 148846.85
8307 55718.172
8308 180287.02
8309 281180.33
8310 126612.18
8311 124179.8
8312 129573
8313 100873.17
8314 44050.945
8315 30133.954
8316 60563.054
8317 64703.77
8318 185937.37
8319 167976.56
8320 399010.31
8321 398199.74
8322 61714.652
8323 213219.29
8324 191626.27
8325 202903.14
8326 164858.89
8327 212680.24
8328 184403.1
8329 269630.2
8330 70541.9
8331 158676.72
8332 319261.31
8333 261809.84
8334 261473.05
8335 209045.36
8336 180209.63
8337 210788.13
8338 118688.4
8339 199321.06
8340 143338.49
8341 278131.66
8342 459290.11
8343 378776.31
8344 241221.03
8345 252977.17
8346 301931.63
8347 248526.81
8348 202923.96
8349 435805.69
8350 247347.66
8351 375829.12
8352 349285.74
8353 46097.643
8354 93105.378
8355 116435.73
8356 66152.881
8357 129024.67
8358 110201.41
8359 41565.899
8360 74309.035
8361 86503.846
8362 170854.64
8363 195219.4
8364 69849.917
8365 85110.742
8366 171529.37
8367 264292.3
8368 181896.46
8369 131518.01
8370 207085.73
8371 168709.3
8372 65040.905
8373 107623.12
8374 101202.75
8375 128899.84
8376 253060.04
8377 105177.41
8378 205604
8379 61554.261
8380 35958.685
8381 162333.08
8382 127755.22
8383 391837.53
8384 459445.82
8385 110693.41
8386 219640.32
8387 106765.52
8388 170168.4
8389 239147.25
8390 331265.59
8391 400442.4
8392 624003.85
8393 375680.94
8394 298080.28
8395 217958.11
8396 328367.53
8397 158614.83
8398 356375.72
8399 426547.53
8400 247100.98
8401 393270.8
8402 260596.78
8403 365308.48
8404 254391
8405 91847.322
8406 281953.76
8407 498509.35
8408 161909.63
8409 257227.38
8410 232657.98
8411 682258.97
8412 308569.48
8413 359688.72
8414 85666.357
8415 176126.53
8416 206023.04
8417 230322.38
8418 306440.89
8419 242683.73
8420 271549.36
8421 220040.5
8422 126119.8
8423 86312.478
8424 126334.43
8425 259412.73
8426 291510.79
8427 103058.82
8428 62519.888
8429 108280.34
8430 96823.032
8431 121667.91
8432 90483.868
8433 377618.22
8434 217563.67
8435 67778.207
8436 207719.55
8437 703766.73
8438 686848.15
8439 308337.66
8440 228883.23
8441 184176.99
8442 225239.8
8443 445695
8444 280761.27
8445 225105.3
8446 121970.95
8447 538023.35
8448 328581.64
8449 149144.55
8450 232534.85
8451 214828.84
8452 248548.96
8453 308738.52
8454 455293.27
8455 260666.54
8456 65967.339
8457 273618.21
8458 164981.49
8459 136351.36
8460 115573.39
8461 315570.71
8462 301305.93
8463 54043.738
8464 196632.51
8465 168163.36
8466 108121.74
8467 138687.93
8468 131197.16
8469 113621.64
8470 88068.602
8471 93449.868
8472 198262.33
8473 145965.14
8474 468001.68
8475 654866.88
8476 255366.81
8477 228397.99
8478 714394.85
8479 1144466.1
8480 698350.64
8481 184407.62
8482 306275.25
8483 1038204.8
8484 483648.39
8485 142421.8
8486 121928.75
8487 129181.81
8488 224424.25
8489 794329.9
8490 988333.26
8491 373891.18
8492 300281.36
8493 525467.13
8494 579759.78
8495 247785.33
8496 216374.68
8497 153893.65
8498 126829.07
8499 152218.42
8500 276452.31
8501 285841.76
8502 180440.89
8503 91768.602
8504 63492.055
8505 47173.278
8506 69321.476
8507 37156.748
8508 100186.61
8509 52508.28
8510 67465.199
8511 107991.35
8512 125756.83
8513 96224.69
8514 111204.01
8515 214462.16
8516 57398.541
8517 92383.489
8518 101392.46
8519 213087.98
8520 138678.99
8521 69305.247
8522 200722.36
8523 164942.33
8524 322723.88
8525 383688.82
8526 344608.55
8527 510553.74
8528 418576.81
8529 446156.33
8530 315330.28
8531 296822.88
8532 342678.19
8533 233636.37
8534 481349.59
8535 1058638.4
8536 673121.59
8537 260648.08
8538 313678.98
8539 414042.45
8540 153687.49
8541 256225.64
8542 247090.1
8543 209975.39
8544 220848.69
8545 396195.03
8546 270537.14
8547 164467.2
8548 172885.64
8549 292038.05
8550 593578.28
8551 452822.74
8552 315477.4
8553 270906.4
8554 137603.38
8555 388167.3
8556 256964.76
8557 208188.73
8558 267944.88
8559 168515.11
8560 454443.83
8561 370800.71
8562 96526.842
8563 354427.95
8564 526726.9
8565 129167.01
8566 281904.15
8567 286573.07
8568 549159.01
8569 358519.37
8570 160769.19
8571 621972.82
8572 422518.92
8573 419040.98
8574 501310.92
8575 339369.42
8576 856430.33
8577 825312.89
8578 167844.77
8579 271159.93
8580 641038.08
8581 725859.06
8582 610530
8583 757522.3
8584 318257.09
8585 156406.88
8586 557343.64
8587 428676.83
8588 190232.03
8589 102311.1
8590 189618.03
8591 294599.5
8592 108823.42
8593 272242.89
8594 200296.91
8595 77675.352
8596 236875.3
8597 257685.13
8598 259136.57
8599 251644.02
8600 104098.7
8601 83489.279
8602 86844.393
8603 154019.63
8604 285612.37
8605 110472.91
8606 276227.86
8607 266091.42
8608 173888.49
8609 362119.45
8610 486361.59
8611 386624.33
8612 161227.97
8613 296560.7
8614 335610.84
8615 199296.81
8616 457778.56
8617 873147.09
8618 339935.74
8619 328028.15
8620 317491.7
8621 126516.9
8622 664457.83
8623 646517.28
8624 414934.86
8625 308268.94
8626 533231.32
8627 455614.89
8628 186697.2
8629 567304.47
8630 371372.86
8631 931982.74
8632 461725.11
8633 475344.98
8634 719520.76
8635 404115.53
8636 741161.53
8637 325281.99
8638 909494.92
8639 1967914.4
8640 1277304.5
8641 190127.27
8642 487112.03
8643 951752.11
8644 1002293.5
8645 379757
8646 334270.5
8647 522175.63
8648 622236.25
8649 298225.48
8650 638270.88
8651 1184329.6
8652 887081.38
8653 606461.26
8654 389090.94
8655 310284.88
8656 692626.41
8657 419634.18
8658 818548.27
8659 1092824.6
8660 148604.79
8661 626398.98
8662 1249526
8663 710327.99
8664 330056.21
8665 444065.18
8666 539305.21
8667 551798.64
8668 144189.78
8669 886336.88
8670 590475.75
8671 790629.83
8672 1674768.8
8673 675902.49
8674 440771.53
8675 526675.87
8676 362239.74
8677 314603.07
8678 364617.79
8679 513723.1
8680 395910.77
8681 259867.36
8682 498176.85
8683 361102.18
8684 920701.84
8685 1015266.7
8686 579594.81
8687 181034.72
8688 310376.81
8689 380110.48
8690 593691.58
8691 286389.41
8692 262581.17
8693 742564.66
8694 232626.78
8695 1486736.3
8696 1906149.1
8697 193356.34
8698 868774.7
8699 434298.24
8700 421270.28
8701 874582.81
8702 1089133.8
8703 621023.89
8704 375364.79
8705 1312394.9
8706 1139426.7
8707 383334.67
8708 198339.74
8709 190635
8710 100908.77
8711 238759.23
8712 278683.86
8713 200664.64
8714 222434.99
8715 203644.54
8716 49402.817
8717 149643.19
8718 183456.62
8719 219268.87
8720 159512.48
8721 282122.64
8722 293691.35
8723 226728.21
8724 510460.34
8725 338273.21
8726 293927.91
8727 574687.86
8728 869106.16
8729 616749.4
8730 283073.03
8731 376548.97
8732 448651.8
8733 319888.14
8734 172886.89
8735 680874.17
8736 640230
8737 301372.92
8738 407038.28
8739 442511.44
8740 647271.31
8741 766176.57
8742 201344.87
8743 280003.78
8744 219601.29
8745 114250.62
8746 231670.13
8747 328727.3
8748 169020.05
8749 384365.29
8750 163310.78
8751 411157.63
8752 308024.09
8753 496830.17
8754 970573.43
8755 404742.59
8756 219106.04
8757 692621.94
8758 673682.84
8759 638981.98
8760 603755.96
8761 764542.5
8762 382387.62
8763 436498.56
8764 1071229.8
8765 1813237.4
8766 1621242.3
8767 1511462.7
8768 672233.82
8769 173244.89
8770 301372.34
8771 195579.11
8772 421963.36
8773 404247.78
8774 154598.21
8775 297735.17
8776 368780.21
8777 267490.61
8778 265376.51
8779 321583.22
8780 292878.19
8781 347598.21
8782 169312.35
8783 465232.75
8784 96069.986
8785 317422.67
8786 513045.69
8787 172615.21
8788 373379.79
8789 436268.99
8790 755135.24
8791 442684.64
8792 799531.43
8793 1099102.8
8794 382312.82
8795 464680.08
8796 359972.26
8797 216563.92
8798 449299.04
8799 240255.68
8800 320624.83
8801 788440.17
8802 499556.48
8803 179980.63
8804 268311.61
8805 377443.94
8806 269760.07
8807 368547.76
8808 480956.87
8809 244292.85
8810 543639.47
8811 426096.17
8812 512392.83
8813 621760.06
8814 486058.43
8815 740029.01
8816 760560.68
8817 518880.22
8818 883373.92
8819 224070.6
8820 562420.49
8821 841586.28
8822 274829.93
8823 430219.58
8824 166466.58
8825 298229.89
8826 364485.19
8827 808436.1
8828 957289.36
8829 378362.4
8830 106407.17
8831 699368.65
8832 359230.44
8833 823558.9
8834 1154064.6
8835 416940.78
8836 1173708.4
8837 1057676
8838 932115.18
8839 880677.44
8840 416487.78
8841 950690.15
8842 406039.19
8843 753644.3
8844 510343.21
8845 225487.5
8846 287950.31
8847 109717.1
8848 698953.12
8849 351620.44
8850 789338.67
8851 1272930.1
8852 234427.95
8853 959234.62
8854 701267.15
8855 779524.21
8856 1225902.5
8857 408403.24
8858 400598.66
8859 326079.76
8860 308596.13
8861 403169.55
8862 244002.17
8863 170886.23
8864 133494.61
8865 304113.14
8866 274142.28
8867 171717.58
8868 634753.3
8869 373574.85
8870 249016.49
8871 269413.68
8872 533567.24
8873 510956.72
8874 537730.38
8875 743117.3
8876 589983.14
8877 528816.45
8878 477203.71
8879 446274.46
8880 669194.21
8881 644157.92
8882 342795.37
8883 437361.93
8884 524971.03
8885 692097.7
8886 273170.64
8887 610427.95
8888 184084.91
8889 237562.94
8890 399064.02
8891 320854.64
8892 780258.82
8893 850502.43
8894 1045218.4
8895 589761.07
8896 489357.54
8897 3181689
8898 2943292.6
8899 367810.36
8900 479128.95
8901 2628342.3
8902 1547364.1
8903 365045.58
8904 387118.05
8905 764406.17
8906 795097.59
8907 180942.65
8908 156594.15
8909 128651.97
8910 407509.91
8911 810372.21
8912 411037.23
8913 412429.85
8914 1420410.2
8915 554296.21
8916 681669.05
8917 1201479.6
8918 337324.25
8919 929224.85
8920 834384.1
8921 1098628.4
8922 840841.98
8923 830053.04
8924 1108192.9
8925 572325.51
8926 488411.25
8927 1194100.4
8928 805925.41
8929 802212.17
8930 1188791.3
8931 987666.26
8932 424561.71
8933 428107.59
8934 444436.91
8935 332685.05
8936 363511.43
8937 476500.58
8938 153233.16
8939 165456.54
8940 414848.62
8941 339280.5
8942 363171.61
8943 460796.53
8944 292514.49
8945 448417.69
8946 275290.65
8947 368240.98
8948 327185.29
8949 88414.498
8950 417148.71
8951 229531.96
8952 723001.27
8953 766815.26
8954 1194426.2
8955 601550.78
8956 918059.09
8957 3175658.1
8958 1511093
8959 302457.52
8960 977728.92
8961 980094.93
8962 599334.37
8963 689543.77
8964 733987.96
8965 135864.41
8966 415140.67
8967 547935.51
8968 519992.64
8969 710042.19
8970 566955.2
8971 820215.09
8972 965510.96
8973 347954.27
8974 1389894.2
8975 647223.54
8976 946273.71
8977 1494440.3
8978 938053.13
8979 231908.6
8980 563953.23
8981 495517.87
8982 706671.63
8983 619907.22
8984 871329.1
8985 432140.71
8986 408829.16
8987 720620.08
8988 171822.65
8989 478315.15
8990 718266.09
8991 818599.24
8992 488564.09
8993 588189.52
8994 874621.03
8995 828768.03
8996 899974.31
8997 870155.51
8998 258158.78
8999 1073370.7
9000 521693.03
9001 996939.89
9002 472340.19
9003 671966.16
9004 1753989.8
9005 1688801.3
9006 512000.63
9007 1573988.2
9008 616686.17
9009 916228.29
9010 333270.86
9011 819911.92
9012 818102.18
9013 296111.47
9014 1609503.7
9015 585745.45
9016 248271.63
9017 412856.61
9018 316298.49
9019 136029.54
9020 246447.39
9021 802795.27
9022 404109.2
9023 249090.6
9024 228417.28
9025 189417.16
9026 173643.17
9027 320610.98
9028 538208.78
9029 895533.32
9030 287095.41
9031 1046518.7
9032 677755.88
9033 362357.59
9034 1401563.9
9035 776631.99
9036 585027.76
9037 859183.17
9038 1200363.7
9039 1077068.2
9040 772028.64
9041 685624
9042 418130.95
9043 246246.36
9044 50954.42
9045 392153.19
9046 301634.04
9047 290074.28
9048 951441.36
9049 556017.51
9050 401648.53
9051 674072.92
9052 425611.96
9053 652412.07
9054 345088.74
9055 827277.48
9056 364000.55
9057 514329.9
9058 787331.34
9059 506434.26
9060 195445.65
9061 735063.6
9062 615340.07
9063 475747.21
9064 700531.95
9065 647585.74
9066 271520.47
9067 282778.14
9068 756210.33
9069 124867.14
9070 372396.56
9071 419181.5
9072 434491.48
9073 588689.24
9074 318720.87
9075 446214.89
9076 260689.7
9077 299248.05
9078 559682.92
9079 310117.9
9080 507568.97
9081 650976.61
9082 553024.66
9083 1376613.2
9084 1605117.8
9085 1657157.4
9086 562737.78
9087 483749.38
9088 1191904.1
9089 414211.77
9090 417132.28
9091 717073.29
9092 568782.25
9093 183290.24
9094 295910.93
9095 718261.28
9096 341619
9097 418013.23
9098 774332.71
9099 460970.21
9100 461159.36
9101 299912.73
9102 908125.15
9103 501247.57
9104 212851.1
9105 976241.04
9106 1210146.5
9107 666163.5
9108 1226735.7
9109 633762.37
9110 355219.73
9111 1975634.4
9112 4445123.5
9113 2472918.8
9114 379903.94
9115 1720077.4
9116 945068.37
9117 345276.69
9118 337548.79
9119 131176.7
9120 147012.81
9121 250571.09
9122 205603.55
9123 168704.08
9124 187227.07
9125 169585.99
9126 480394.3
9127 277676.39
9128 75498.569
9129 162040
9130 229899.96
9131 326067.84
9132 413775.72
9133 615308.89
9134 268190.65
9135 464491.83
9136 921535.2
9137 429390.07
9138 452082.89
9139 352498.08
9140 308825.75
9141 889240.79
9142 1223416.4
9143 1095315.1
9144 914369.88
9145 886794.38
9146 1111702.8
9147 747059.99
9148 624999.74
9149 880385.63
9150 421048.12
9151 387410.51
9152 505121.58
9153 552840.3
9154 153719.57
9155 608927.83
9156 321227.14
9157 166992.73
9158 763497.48
9159 371959.63
9160 249777.22
9161 917789.15
9162 493684.79
9163 528231.69
9164 578213.11
9165 510043.86
9166 410741.47
9167 571872.94
9168 321541.59
9169 320504.92
9170 730114.55
9171 545476.89
9172 690651.61
9173 560008.67
9174 794805.16
9175 416134.68
9176 469989.45
9177 918838.53
9178 483563.74
9179 552296.72
9180 1044112
9181 703218.41
9182 252336.03
9183 525438.68
9184 441418.16
9185 1386642.7
9186 881921.69
9187 681445.55
9188 341515.74
9189 881111.52
9190 1398504.1
9191 745872.83
9192 1368660.8
9193 1595164.7
9194 1209232.9
9195 863681.74
9196 400550.32
9197 1164879.4
9198 478835.2
9199 147778.4
9200 682766.21
9201 399906.43
9202 469642.85
9203 1002947.5
9204 468647.64
9205 259943.58
9206 971641.75
9207 601211.19
9208 460293.19
9209 653346.2
9210 258015.31
9211 146699.08
9212 387963.35
9213 726699.23
9214 356263.54
9215 203976.64
9216 448467.67
9217 82974.389
9218 281565.87
9219 676674.25
9220 537499.43
9221 507597.28
9222 231595.77
9223 590666.56
9224 242472.12
9225 433043.87
9226 873155.11
9227 381186.01
9228 368452.2
9229 717640.25
9230 555081.01
9231 631746.91
9232 648448.04
9233 909381.27
9234 556270.68
9235 791398.33
9236 1284080.1
9237 400288.06
9238 171834.61
9239 650152.66
9240 676308.44
9241 470524.04
9242 248714.3
9243 1078296.5
9244 792297.76
9245 631470.04
9246 800259.77
9247 444215.7
9248 275552.1
9249 330872.3
9250 1364951.7
9251 518376.67
9252 411189.04
9253 525656.56
9254 712821.57
9255 1346511.9
9256 976632.27
9257 1045500.2
9258 397274.44
9259 243144.19
9260 337956.31
9261 557860.24
9262 650014.88
9263 1348125.9
9264 965553.09
9265 1129222.9
9266 1361989.6
9267 796459.45
9268 839928.51
9269 1429816.1
9270 971255.05
9271 1442554.9
9272 772017.34
9273 381880.93
9274 469966.4
9275 675844.06
9276 967847.44
9277 278519.56
9278 446938.63
9279 647028.82
9280 257170.42
9281 460418.97
9282 472193.36
9283 350135.02
9284 593683.17
9285 448248.82
9286 1356094.8
9287 390078.86
9288 264053.43
9289 637493.01
9290 209664.23
9291 514850.95
9292 595690.12
9293 1446701.7
9294 1471472.6
9295 630676.4
9296 562245.9
9297 614807.76
9298 313572.5
9299 1339401
9300 531089.24
9301 845425.62
9302 851449
9303 1023839.2
9304 367648.82
9305 223552.61
9306 442822.64
9307 229889.81
9308 376458.36
9309 926323.47
9310 486645.09
9311 328057.62
9312 690301.3
9313 1112427.1
9314 906980.35
9315 283138.15
9316 747707.3
9317 247031.75
9318 595920.54
9319 983950.67
9320 815696.35
9321 1025578.4
9322 1043313.8
9323 908459.66
9324 908337.47
9325 575214.13
9326 497773.12
9327 315456.77
9328 894893.03
9329 1306155.2
9330 1775281.2
9331 893564.57
9332 531670.76
9333 557550.52
9334 137393.62
9335 849379.74
9336 559582.62
9337 297261.86
9338 166547.12
9339 131076.72
9340 289156.5
9341 386032.32
9342 298903.8
9343 616150.88
9344 889417.35
9345 306374.07
9346 295335.87
9347 1154582.7
9348 460773.31
9349 354769.25
9350 1256582.5
9351 920477.56
9352 664738.69
9353 752901.07
9354 1305644
9355 843200.26
9356 273422.67
9357 1066365.6
9358 656912.63
9359 619079.8
9360 1639625.7
9361 1969633.5
9362 1019717.3
9363 314956.19
9364 532656.88
9365 639325.3
9366 524885.67
9367 402530.69
9368 513498.01
9369 262419.23
9370 780947.97
9371 490511.68
9372 183569.77
9373 380304.01
9374 282735.71
9375 208028.29
9376 518585.91
9377 391756.25
9378 555474.58
9379 868817.62
9380 713520.32
9381 515938.23
9382 347658
9383 529030.56
9384 396654.68
9385 432557.54
9386 863712.5
9387 558285.45
9388 209220.15
9389 214327.3
9390 473613.79
9391 826480.87
9392 170773.04
9393 1342334
9394 1289704.7
9395 1089622.9
9396 528512.22
9397 2090101.6
9398 2327205.8
9399 2060066.3
9400 140570.57
9401 1125322
9402 391874.22
9403 669869.15
9404 1728956.8
9405 1579890.4
9406 1242108.4
9407 622553.72
9408 993426.94
9409 489507.9
9410 508708.47
9411 472421.5
9412 517381.71
9413 631796.23
9414 226364.72
9415 1048825.5
9416 594404.49
9417 206385.89
9418 359237.56
9419 218078.99
9420 260944.34
9421 512822.35
9422 627449.23
9423 619469.95
9424 282613.61
9425 620072.64
9426 352065.77
9427 160529.45
9428 605098.74
9429 499325.31
9430 226959.89
9431 186346.23
9432 152956.09
9433 102279.78
9434 238129.65
9435 633270.42
9436 172042.3
9437 420720.57
9438 1193646
9439 1226948.2
9440 175331.14
9441 286650.62
9442 919994.69
9443 842426.57
9444 226514.58
9445 561858.87
9446 786244.91
9447 392835.54
9448 212060.25
9449 1231382.4
9450 976171.89
9451 163473.49
9452 993120.96
9453 725262.1
9454 140167.37
9455 678038.65
9456 333548.69
9457 751233.5
9458 800365.28
9459 538207.99
9460 558828.01
9461 1146088.2
9462 1352001.7
9463 971555.24
9464 577808.45
9465 1679530.5
9466 614939.26
9467 454363
9468 2051839
9469 1560991.9
9470 408304.76
9471 387469.62
9472 1017802.2
9473 369943.21
9474 643613.52
9475 1066285.3
9476 1027624.6
9477 1134943.3
9478 646942.71
9479 1035896
9480 896787.65
9481 348958.65
9482 489587.51
9483 383250.17
9484 344110.14
9485 1001269.6
9486 350415.87
9487 421477.72
9488 745127.44
9489 305096.74
9490 340514.46
9491 177787.19
9492 397613.18
9493 399672.11
9494 660437.65
9495 1072679.8
9496 1043346.8
9497 560427.06
9498 908060.59
9499 1019053.8
9500 351229.27
9501 741165.81
9502 1074882.4
9503 1165823.1
9504 631579.5
9505 532829.54
9506 764211.38
9507 574842.67
9508 1211524.5
9509 11874677
9510 33068866
9511 17147617
9512 4874574.1
9513 100444.9
9514 4792910.8
9515 16621824
9516 10516089
9517 1621129.9
9518 1640428.3
9519 9857.1022
9520 182907.46
9521 775269.7
9522 1195256.5
9523 538242.48
9524 485293.4
9525 2866685
9526 3384028.5
9527 487137.43
9528 591538.51
9529 1532587.9
9530 494005.61
9531 625228.65
9532 1283482.5
9533 908042.18
9534 221550.43
9535 145572.13
9536 206974.18
9537 82996.124
9538 2601.7255
9539 2733.7466
9540 67.657479
9541 23.219296
9542 160.21333
9543 185.39956
9544 22.102683
9545 8.47
9546 10209.768
9547 16689.655
9548 76743.247
9549 448833.88
9550 827953.6
9551 487964.1
9552 193804.22
9553 1199631.3
9554 810441.59
9555 243919.51
9556 683419.46
9557 535281.57
9558 296495.21
9559 745340.6
9560 342244.15
9561 14855.988
9562 4439.2194
9563 4627225.1
9564 4732574.6
9565 475711.21
9566 6.654375
9567 0
9568 116.38641
9569 45186.272
9570 101077.41
9571 136480.38
9572 252745.9
9573 237911.14
9574 207638.59
9575 259045.84
9576 1756984.3
9577 1691445.4
9578 427162.1
9579 591109.99
9580 145835.64
9581 96107.191
9582 25213.043
9583 5264.9915
9584 2735.8059
9585 0
9586 0
9587 0
9588 0
9589 1.4175
9590 1.4175
9591 56.76256
9592 8705.3354
9593 161122.01
9594 258505.31
9595 458690.96
9596 391686.29
9597 1615953.7
9598 983982.31
9599 496864.21
9600 944134.53
9601 1097990.2
9602 1167083.9
9603 478419.66
9604 1454104.4
9605 553776.12
9606 227346.5
9607 113567.77
9608 16754.696
9609 2209.8026
9610 4325.9157
9611 3941.7525
9612 0
9613 0
9614 1.264375
9615 1.264375
9616 1854.6778
9617 79746.868
9618 56866.741
9619 805044.95
9620 2375817.2
9621 2277826.1
9622 1200135.4
9623 601628.62
9624 1271592.4
9625 426774.41
9626 855553.73
9627 638145.46
9628 24478.028
9629 7163.2993
9630 2813.2086
9631 1041.526
9632 7.5201394
9633 0
9634 0
9635 19.639375
9636 1438.3369
9637 57461.379
9638 105062.08
9639 418384.95
9640 1108560.8
9641 679992.23
9642 638310.46
9643 1203825.9
9644 1169337.2
9645 615542.17
9646 784943.98
9647 2524687.2
9648 945453.61
9649 96049.023
9650 106816.14
9651 26151.991
9652 6152.4354
9653 1215.5221
9654 606.2789
9655 0
9656 0
9657 0
9658 0
9659 36.229375
9660 281.44872
9661 50855.947
9662 137979.5
9663 535335.69
9664 1794191.3
9665 688862.03
9666 883019.51
9667 813790.77
9668 907210.76
9669 1280957.8
9670 729687.05
9671 1997439.9
9672 633451.76
9673 119477.55
9674 27028.219
9675 9091526.1
9676 16382721
9677 19287553
9678 27802620
9679 791543.82
9680 38657640
9681 33372540
9682 15145861
9683 23941848
9684 33056459
9685 14146389
9686 10817610
9687 645383.71
9688 215566.21
9689 1128180
9690 318547.37
9691 1477184.7
9692 6767998
9693 27084221
9694 41128180
9695 75438.338
9696 437278.67
9697 1489574.4
9698 3941429.1
9699 1249013.7
9700 754255.53
9701 524466.5
9702 250549.72
9703 10285.629
9704 52403.264
9705 94479.403
9706 151.27762
9707 669.35433
9708 669.35433
9709 0
9710 0
9711 702.69517
9712 28534.205
9713 84898.223
9714 260416.65
9715 1327842.1
9716 573933.47
9717 355478.86
9718 284040.04
9719 1532884.8
9720 897309.54
9721 709067.21
9722 2108113.9
9723 799749.93
9724 1100659.6
9725 1610178
9726 616620.89
9727 124913.76
9728 21669.091
9729 8402.1588
9730 10746.09
9731 7754.5805
9732 3383.3431
9733 542.49433
9734 91.163309
9735 0
9736 0
9737 0
9738 0
9739 0
9740 0
9741 0.214375
9742 100.85772
9743 12590.636
9744 447108.64
9745 970688.51
9746 1247124.1
9747 231722.59
9748 929136.69
9749 1370679.1
9750 789083.17
9751 718363.68
9752 613432.07
9753 1762964.2
9754 630709.82
9755 828328.89
9756 831475.26
9757 221519.09
9758 33331.706
9759 16707.701
9760 8869.2626
9761 7551.4238
9762 2011.8275
9763 281.87036
9764 148.11843
9765 0
9766 0
9767 0
9768 1783.6332
9769 102283.71
9770 118769.85
9771 634244.05
9772 1255683.6
9773 1399475.7
9774 934774.22
9775 1419090.1
9776 1528120.8
9777 1923997.9
9778 462499.04
9779 526280.54
9780 128256.58
9781 8213.4771
9782 3116.2235
9783 1948.3513
9784 0
9785 0
9786 0
9787 0
9788 0
9789 27.796963
9790 69.819313
9791 18279.912
9792 502682.23
9793 296137.5
9794 811216.28
9795 1797096.2
9796 1229530.6
9797 1478401.3
9798 520576.78
9799 2540753.6
9800 754368.85
9801 495170.94
9802 353580.29
9803 92048.607
9804 18409.876
9805 5781.0081
9806 3681.0477
9807 952.97468
9808 0
9809 0
9810 0
9811 0
9812 71252.446
9813 89551.784
9814 188722.75
9815 1120939.4
9816 1099632.7
9817 870000.16
9818 611086.87
9819 5677857.8
9820 4073831.4
9821 1662274.6
9822 1962240.7
9823 1398241.7
9824 220241.41
9825 6342.0965
9826 5283.0153
9827 4727.56
9828 829.50186
9829 45.262684
9830 35.879366
9831 0
9832 95.83
9833 95.83
9834 0
9835 0
9836 7936.9256
9837 21442.892
9838 653317.86
9839 2133889.1
9840 2126251.3
9841 2543186.2
9842 2523317.9
9843 1499270.7
9844 1036762.2
9845 2688259.1
9846 3786718.3
9847 2177947.2
9848 185665.08
9849 45046.461
9850 11993.724
9851 10925.482
9852 4579.6681
9853 900.42806
9854 0.63
9855 0
9856 2.52
9857 2.52
9858 0
9859 0
9860 569.87142
9861 6200.4162
9862 32465.716
9863 471883.04
9864 737043.04
9865 829617.12
9866 1973865.8
9867 1854364.9
9868 773740.35
9869 2416458.5
9870 1611168.4
9871 1365466.6
9872 2955813.6
9873 1146203.5
9874 624337.06
9875 355201.91
9876 31905.925
9877 5284.6071
9878 5648.7781
9879 7224.1723
9880 4236.2854
9881 0
9882 3.43
9883 3.43
9884 0
9885 0
9886 33.88
9887 189.60008
9888 28988.201
9889 87502.439
9890 526924.48
9891 635464.87
9892 1271263.1
9893 629349.94
9894 1096210.2
9895 2016611.5
9896 739763.69
9897 2696736.8
9898 3981936.7
9899 2153276.2
9900 418559.21
9901 303019.61
9902 637785.43
9903 229792.97
9904 18179.551
9905 17791.064
9906 4565.8617
9907 11837.863
9908 3405.1486
9909 252.86539
9910 265.49907
9911 0
9912 0
9913 0
9914 0
9915 0
9916 304.92
9917 304.5818
9918 3129.8604
9919 21155.513
9920 64879.544
9921 340752.82
9922 539144.56
9923 1022020
9924 1007845.9
9925 399435.99
9926 2174640.1
9927 969102.42
9928 1117537.9
9929 2823265.2
9930 1238718.7
9931 2466503
9932 2704549.6
9933 1894650.6
9934 1724545.1
9935 540281.05
9936 224907.32
9937 32841.946
9938 4503.293
9939 5262.2772
9940 2772.0065
9941 0
9942 0
9943 0
9944 0
9945 0
9946 0
9947 8.47
9948 156301.27
9949 615405.24
9950 1355970.4
9951 1380604.9
9952 138869.1
9953 550145.68
9954 162678.25
9955 1363760.7
9956 984681.06
9957 1698231.3
9958 383485.74
9959 43592.2
9960 10545.606
9961 4035.8511
9962 6608.9917
9963 819.25491
9964 9.0086496
9965 7.6261678
9966 0
9967 0
9968 0
9969 0
9970 439.04796
9971 4444.7823
9972 199435.69
9973 925505.57
9974 1254321.1
9975 1126931.1
9976 369749.11
9977 1426298.5
9978 678379.29
9979 713496.02
9980 3368642.5
9981 2553728.1
9982 1450792.4
9983 1164876.8
9984 2976885.2
9985 752801.19
9986 1088201.1
9987 494012.09
9988 35999.117
9989 6473.9996
9990 7251.8917
9991 10527.214
9992 5003.5822
9993 286.50074
9994 45.971079
9995 43.019189
9996 0
9997 0
9998 0
9999 2.52
10000 3.5302775
10001 3055.2049
10002 20667.358
10003 63984.315
10004 218598.77
10005 221519.38
10006 1940122.9
10007 1188263.9
10008 682587.82
10009 1351080.9
10010 891110.11
10011 3114452.6
10012 3502559.2
10013 4722432.4
10014 2309784.6
10015 1387247.9
10016 2406929.1
10017 574297.87
10018 595998.41
10019 474928.44
10020 97569.651
10021 46590.044
10022 25651.102
10023 8231.6826
10024 6731.6379
10025 326.91014
10026 55.569295
10027 0.984375
10028 0
10029 0
10030 0
10031 0
10032 735.94066
10033 729.43982
10034 18964.11
10035 314420.39
10036 287388.21
10037 1099804.8
10038 1383341.1
10039 2482826.4
10040 2222547.8
10041 2350425
10042 2350104.5
10043 1799117.4
10044 317723.58
10045 964658.68
10046 14651791
10047 14051514
10048 28414447
10049 23873200
10050 45306067
10051 36307890
10052 38947332
10053 40017504
10054 26830074
10055 39291762
10056 46174759
10057 46504085
10058 38195462
10059 28676645
10060 38921520
10061 38221997
10062 37470536
10063 32155779
10064 42082094
10065 45671433
10066 44273979
10067 34169426
10068 31787822
10069 37166659
10070 35202438
10071 32928874
10072 33329461
10073 38736393
10074 36637405
10075 33666240
10076 43273594
10077 34047563
10078 20947448
10079 47827738
10080 18955950
10081 22126518
10082 49062538
10083 27149751
10084 12437700
10085 49765472
10086 25872069
10087 29064478
10088 49764522
10089 29540151
10090 24563445
10091 49343016
10092 14799990
10093 9991547.9
10094 45148641
10095 16050273
10096 26684702
10097 46890199
10098 27965852
10099 26058100
10100 35502629
10101 38059947
10102 18898794
10103 36196751
10104 44703784
10105 13705909
10106 27500798
10107 41419987
10108 25558881
10109 24854593
10110 25227521
10111 42741368
10112 18393376
10113 22918911
10114 47424235
10115 16212866
10116 10463657
10117 28082215
10118 14880458
10119 25007963
10120 41343253
10121 25697116
10122 10359840
10123 25830779
10124 31421191
10125 13093528
10126 25989637
10127 43592866
10128 20562063
10129 14223040
10130 29118628
10131 38907060
10132 16646641
10133 16940391
10134 48234282
10135 12540869
10136 25722614
10137 39631516
10138 28275705
10139 22273528
10140 33292326
10141 35149323
10142 19183559
10143 13998108
10144 49734319
10145 13589880
10146 13838234
10147 37359570
10148 29361393
10149 10120219
10150 25827508
10151 31977230
10152 7755889
10153 9743771.9
10154 36749682
10155 11498887
10156 2547744.9
10157 18964767
10158 11305502
10159 8221475.9
10160 34196123
10161 8045952.2
10162 14201195
10163 34708943
10164 34586273
10165 17802783
10166 22858720
10167 41972052
10168 21398788
10169 27561323
10170 38474364
10171 11227107
10172 12078571
10173 49610703
10174 12542419
10175 13671125
10176 34599503
10177 38890559
10178 14735600
10179 10655687
10180 45600034
10181 15653454
10182 22507891
10183 48170416
10184 22598083
10185 22507131
10186 34275401
10187 33639934
10188 19016705
10189 17942030
10190 48546579
10191 12076308
10192 2416145.9
10193 24011338
10194 18532254
10195 829240.75
10196 17009460
10197 22753690
10198 11852892
10199 15929381
10200 42338695
10201 30625850
10202 21817359
10203 33879091
10204 26092859
10205 5560017.6
10206 8388733
10207 27326205
10208 11550327
10209 988074.27
10210 5402288
10211 10464369
10212 10259216
10213 9410987.9
10214 6534174.2
10215 677572.31
10216 241793.33
10217 175478.82
10218 267.97687
10219 195.39792
10220 0
10221 0
10222 16585.965
10223 203858.06
10224 466347.96
10225 1527013
10226 780974.27
10227 17723201
10228 18168533
10229 991312.23
10230 9174.5894
10231 2238.1743
10232 21.068165
10233 0
10234 0
10235 0
10236 30946.725
10237 42287.336
10238 800251.82
10239 3299191
10240 2747099.9
10241 2144513.2
10242 1181371
10243 527313.09
10244 57799.901
10245 5614.6258
10246 6171.8002
10247 2090.0806
10248 0
10249 0
10250 2.314375
10251 1618.9733
10252 311915.92
10253 279305.24
10254 873338.93
10255 1699989.2
10256 605482.08
10257 488589.89
10258 127548.36
10259 6675.7269
10260 6029.1778
10261 0
10262 0
10263 0
10264 0
10265 0
10266 57.855195
10267 312722.3
10268 825068.8
10269 1888548.9
10270 3150677.9
10271 1765220.6
10272 1819461.2
10273 611680.31
10274 8802.9899
10275 9620.5013
10276 4829.6699
10277 2748.0225
10278 4622.6133
10279 17491.316
10280 87852.724
10281 372157.03
10282 812628.91
10283 834620.07
10284 711296.37
10285 699488.99
10286 522075.11
10287 11886.521
10288 4745.5122
10289 2321.1518
10290 680.50921
10291 0
10292 0
10293 0
10294 0
10295 169975.43
10296 324678.07
10297 800921.45
10298 961820.41
10299 952070.51
10300 2196943.7
10301 1000976.4
10302 420305.05
10303 24990.322
10304 6868.9593
10305 2070.7912
10306 332.012
10307 0
10308 0
10309 0
10310 11949.313
10311 465670.41
10312 524869.68
10313 2245436.8
10314 3305961.7
10315 2577506.2
10316 530410.74
10317 68126.486
10318 3829.1967
10319 8204.8077
10320 1768.0873
10321 4.6755434
10322 4.6755434
10323 0
10324 0
10325 2421.2371
10326 219380.46
10327 927651.98
10328 2056078.5
10329 1126547.2
10330 626669.13
10331 3282746.7
10332 1613331.5
10333 648968.49
10334 477514.68
10335 346817.46
10336 8443.5249
10337 25013.662
10338 30007.118
10339 1730.312
10340 0
10341 8562.6302
10342 49821.151
10343 384064.45
10344 1782233.1
10345 1080385.9
10346 1374100.7
10347 1814253.9
10348 1142477.2
10349 386522.22
10350 126624.11
10351 4196.6171
10352 3546.5342
10353 1710.8437
10354 0
10355 0
10356 0
10357 2319.7611
10358 139639.13
10359 489801.53
10360 745036.4
10361 2576431.9
10362 1329875.7
10363 557648.27
10364 1763051.6
10365 760106.95
10366 30761.582
10367 2811.619
10368 4533.5067
10369 2028.928
10370 0
10371 0
10372 0
10373 4403.1073
10374 292707.76
10375 493285.12
10376 846091.96
10377 6669914.1
10378 3852264.2
10379 1574935.1
10380 4068651.4
10381 4367887.1
10382 652157.89
10383 19647.802
10384 13150.829
10385 7547.5748
10386 1456.4499
10387 4472.2936
10388 4470.2286
10389 0.07
10390 0
10391 163325.69
10392 162583.54
10393 370119.97
10394 5544573.9
10395 5539325.7
10396 1896215.4
10397 1325748.1
10398 9291467.8
10399 3470893.2
10400 690357.68
10401 815408.04
10402 480804.07
10403 21742.319
10404 40334.452
10405 32227.556
10406 1142.8909
10407 2441.1231
10408 65423.619
10409 57584.606
10410 24986.608
10411 1530659.7
10412 1485722.2
10413 1313162.1
10414 5807229.2
10415 10496794
10416 4602403.5
10417 1683398.7
10418 6399562
10419 1670637.7
10420 15782.425
10421 115114.47
10422 113641.68
10423 6511.9151
10424 0
10425 0
10426 0
10427 0
10428 14556.033
10429 73416.932
10430 716007.5
10431 2051091.9
10432 1591746.9
10433 1718693.1
10434 7848201.8
10435 7363951.5
10436 1280727.9
10437 628214.8
10438 455772.81
10439 16048.22
10440 19809.02
10441 16231.76
10442 1685.8475
10443 32118.724
10444 67851.288
10445 31824.164
10446 165517.74
10447 1491640.8
10448 1157658.1
10449 1867421.3
10450 9865958.8
10451 7222131.2
10452 2251103.9
10453 3166336.4
10454 2179114.2
10455 1844459.3
10456 4364201.3
10457 1994706.7
10458 21061.017
10459 184492.57
10460 424486.48
10461 150205.84
10462 21262.712
10463 125633.49
10464 92122.471
10465 44451.518
10466 460440.61
10467 364243.02
10468 214711.14
10469 265571.64
10470 7139941.8
10471 5524020.7
10472 1757596.1
10473 2028790.9
10474 654330.27
10475 89293.866
10476 102081.26
10477 122749.35
10478 7785.9971
10479 48059.885
10480 336990.89
10481 258986.57
10482 14.214375
10483 102534.01
10484 3989213.6
10485 3474712.8
10486 2382091.1
10487 3353206.2
10488 1068239.8
10489 947513.58
10490 454900.23
10491 143256.71
10492 31633.167
10493 42793.868
10494 67720.195
10495 18679.448
10496 0
10497 0
10498 90.490702
10499 563040.31
10500 3610303.2
10501 1672968
10502 4314315.7
10503 12852733
10504 8460309.4
10505 3426714.1
10506 4308159.4
10507 1046366.9
10508 17281.213
10509 114195.76
10510 96691.495
10511 90.689923
10512 55318.512
10513 55318.512
10514 11773.083
10515 825406.24
10516 4525374
10517 2823581.6
10518 3482442.9
10519 15832803
10520 8186988.3
10521 1007729
10522 1146847.6
10523 5236412.7
10524 1737906.1
10525 14168.227
10526 241180.65
10527 237105.73
10528 4451.9842
10529 0
10530 0
10531 0
10532 94818.416
10533 111913.22
10534 37484.508
10535 1745938.9
10536 2607951.8
10537 1789755.7
10538 1683689.1
10539 8313429.5
10540 4102798.3
10541 1339918.2
10542 9979601.2
10543 10385049
10544 2033148.3
10545 322921.58
10546 351655.53
10547 95263.646
10548 81008.805
10549 196031.69
10550 108142.35
10551 17550.328
10552 63293.253
10553 34475.288
10554 0
10555 552012.59
10556 875183.37
10557 1070681.1
10558 3015653.1
10559 13392310
10560 7036926.9
10561 5027912
10562 16556863
10563 5990891.1
10564 2372012
10565 3420672
10566 967949.03
10567 256665.84
10568 622689.49
10569 256546.26
10570 2874.4918
10571 48835.411
10572 102226.35
10573 29121.146
10574 368034.08
10575 2507188.3
10576 1517933
10577 2995581
10578 13056402
10579 7699090
10580 1470466.7
10581 5503072.9
10582 9271455
10583 15840707
10584 22722095
10585 9222240.1
10586 326354.35
10587 13544.827
10588 48567.951
10589 50737.932
10590 13266502
10591 39327850
10592 8515841.3
10593 2788614.1
10594 22437347
10595 17004370
10596 4133897.7
10597 4876739.1
10598 5555662.1
10599 5216189.9
10600 3042859.2
10601 2986341.1
10602 833862.51
10603 762886.46
10604 1156373
10605 874825.54
10606 29063.944
10607 64277.754
10608 162680.46
10609 96297.556
10610 254.84193
10611 32797.024
10612 31735.025
10613 0
10614 224326.4
10615 233068.72
10616 46931.979
10617 651422.57
10618 12226659
10619 31785849
10620 42344886
10621 10357046
10622 9083029.9
10623 1593996.3
10624 17727113
10625 18406984
10626 38609830
10627 21555998
10628 31275381
10629 7427313.1
10630 36228263
10631 47102313
10632 17897489
10633 46551543
10634 46953496
10635 8660711.7
10636 35021344
10637 42743980
10638 48353754
10639 39515470
10640 18262014
10641 20638140
10642 33606138
10643 42939281
10644 42507686
10645 30444666
10646 22565759
10647 38935026
10648 35795812
10649 37697220
10650 34364921
10651 37015809
10652 17872367
10653 7204463.2
10654 9767067
10655 7956186.4
10656 11035702
10657 13842757
10658 45881287
10659 44361675
10660 40954285
10661 18869522
10662 5376272.4
10663 2746007.7
10664 81012.873
10665 403404.3
10666 18089216
10667 18029196
10668 1162518.8
10669 7668134.4
10670 30453533
10671 22106857
10672 10987315
10673 138264.89
10674 12444043
10675 40975660
10676 41870413
10677 29723621
10678 24197318
10679 19844325
10680 3173728.9
10681 777165
10682 1404758.6
10683 20850352
10684 7206479.3
10685 4963590.1
10686 12906817
10687 29477318
10688 43600563
10689 20841535
10690 15143362
10691 10045607
10692 963073.36
10693 4514933.3
10694 2361730.4
10695 40775.654
10696 463761.63
10697 930610.16
10698 417384.52
10699 76679.903
10700 7826928.2
10701 9364140.3
10702 1958520.6
10703 64263.45
10704 2055663.3
10705 19830875
10706 21300753
10707 3219748.4
10708 0
10709 11428624
10710 39810383
10711 37653829
10712 34333444
10713 22867181
10714 26304902
10715 19980716
10716 24592545
10717 39144960
10718 10922750
10719 24116755
10720 39965307
10721 12987516
10722 10364066
10723 25788610
10724 26605903
10725 10489728
10726 20136661
10727 43817100
10728 13720071
10729 17517422
10730 28775431
10731 31738414
10732 28360838
10733 18202925
10734 41009509
10735 31808694
10736 38586665
10737 24001299
10738 27725849
10739 41143327
10740 3351933.8
10741 45833182
10742 34004941
10743 13585021
10744 39693799
10745 41814312
10746 37481131
10747 24535478
10748 41875808
10749 39735320
10750 28932333
10751 42154267
10752 36032124
10753 44939509
10754 35573710
10755 33853086
10756 47953622
10757 38454586
10758 21537444
10759 19027929
10760 40390067
10761 39983668
10762 39066008
10763 36114381
10764 16344178
10765 24266206
10766 576105.05
10767 1737734.4
10768 3224913.2
10769 177505.44
10770 195098.53
10771 3744036
10772 3558228.2
10773 20727.739
10774 5621157.3
10775 14322580
10776 45875550
10777 25323663
10778 7525492.2
10779 26294.841
10780 841725.84
10781 2133879.7
10782 1166651.9
10783 210743.71
10784 10302364
10785 18434560
10786 10313480
10787 194487.35
10788 8167549.8
10789 8313390.4
10790 468085.63
10791 160398.36
10792 13416815
10793 14920201
10794 11044490
10795 14311681
10796 11546178
10797 6111313.2
10798 107491.21
10799 563097.48
10800 9268509.3
10801 20518756
10802 49734319
10803 41817260
10804 24053250
10805 39461103
10806 29606831
10807 41360067
10808 22451017
10809 35255344
10810 41737544
10811 14256961
10812 48927998
10813 28607089
10814 32989834
10815 43529770
10816 33673202
10817 2390463.3
10818 920455.39
10819 948800.92
10820 19365321
10821 22209414
10822 33004574
10823 18291155
10824 26374629
10825 27208895
10826 44143076
10827 29369092
10828 10868415
10829 49774640
10830 20147480
10831 14603288
10832 20886850
10833 33922999
10834 12845177
10835 13240684
10836 19339928
10837 15039701
10838 18744300
10839 41224544
10840 11649457
10841 12150671
10842 35981986
10843 29755686
10844 16019072
10845 30595646
10846 42653764
10847 29368841
10848 35670000
10849 2678024.8
10850 49095457
10851 22115963
10852 28982098
10853 38850455
10854 23592942
10855 16114854
10856 30740272
10857 34281917
10858 21316298
10859 466768.29
10860 986275.29
10861 4941240.8
10862 8770077
10863 37310330
10864 7536983.1
10865 22110282
10866 3335706.1
10867 4610717.5
10868 6139909.7
10869 21289470
10870 22556919
10871 11589718
10872 17183334
10873 24175736
10874 38891599
10875 27404046
10876 33830767
10877 40564950
10878 20907732
10879 25317707
10880 32646690
10881 30704482
10882 21112824
10883 41721874
10884 41279261
10885 36864350
10886 38065083
10887 44501108
10888 16207567
10889 43336818
10890 39410363
10891 14797928
10892 33035089
10893 39893280
10894 45133668
10895 4907092.3
10896 25521331
10897 25664991
10898 37117533
10899 9144913.6
10900 366912.78
10901 3775741.8
10902 44093977
10903 241049.37
10904 184.10266
10905 555378.32
10906 1164370
10907 1744547.8
10908 1058418.9
10909 498156.92
10910 177900.88
10911 627825.07
10912 265243.76
10913 171127.76
10914 873444.63
10915 874025.64
10916 117960.09
10917 88307.765
10918 124865.27
10919 478639.84
10920 275074.72
10921 137270.51
10922 270976.23
10923 528117.92
10924 242325.44
10925 187445.42
10926 175674.4
10927 79477.001
10928 79884.806
10929 292239.61
10930 540932.32
10931 559209.02
10932 426508.75
10933 521516.21
10934 552146.49
10935 187788.95
10936 163229.44
10937 377217.97
10938 314793.47
10939 183410.87
10940 134502
10941 181421.2
10942 267227.09
10943 134434.82
10944 53366.162
10945 49917.842
10946 86753.114
10947 77742.063
10948 26740.439
10949 21523.519
10950 11047.407
10951 4856.3639
10952 17115.534
10953 14826.721
10954 1634.4743
10955 8398.5232
10956 18301.064
10957 35134.444
10958 75118.403
10959 82614.101
10960 90398.874
10961 215889.57
10962 250677.62
10963 217996.99
10964 240985.53
10965 168613.84
10966 258050.77
10967 379073.77
10968 374531.81
10969 317137.98
10970 782183.09
10971 484657.19
10972 350272.76
10973 170625.94
10974 299398.78
10975 300198.04
10976 312077.39
10977 595087.49
10978 338273.14
10979 118958.17
10980 91323.452
10981 123795.09
10982 54510.364
10983 302946.33
10984 345026.78
10985 144949.96
10986 65997.209
10987 20742.82
10988 23285.97
10989 15523.066
10990 4386.7401
10991 3867.5242
10992 742.99995
10993 833.41558
10994 1154.9795
10995 621.86607
10996 92.763628
10997 391.22009
10998 1641.7355
10999 1712.5675
11000 880.34241
11001 28283.535
11002 66591.406
11003 132400.07
11004 99928.089
11005 229113.41
11006 203798.92
11007 180434.74
11008 368018.44
11009 162879.58
11010 161402.39
11011 182940.12
11012 146161.99
11013 162662.48
11014 252553.02
11015 372831.87
11016 416595.82
11017 757964.49
11018 355760.39
11019 678394.57
11020 315386.73
11021 111186.23
11022 74262.162
11023 20000.486
11024 9986.3022
11025 6459.0551
11026 1929.2153
11027 1116.6437
11028 1.12
11029 3888.5926
11030 16334.691
11031 259691.17
11032 327660.78
11033 367889.83
11034 346773.24
11035 234358
11036 243438.57
11037 485986.62
11038 190588.08
11039 483372.31
11040 549603.37
11041 159280.77
11042 85160.008
11043 30671.817
11044 11265.476
11045 2622.5389
11046 10.354016
11047 547.36729
11048 499.11048
11049 18619.633
11050 83413.701
11051 234237.32
11052 479761.44
11053 368241.54
11054 1174809.8
11055 475374.75
11056 460578.46
11057 788042.81
11058 420902.24
11059 861436.44
11060 464107.78
11061 708177.61
11062 86472.272
11063 11798.24
11064 3392.1319
11065 1791.9308
11066 955.18042
11067 1.75
11068 391.67414
11069 1749.3212
11070 99598.669
11071 312179.53
11072 250181.73
11073 543878.45
11074 436673.32
11075 594108.14
11076 418197.03
11077 670317.31
11078 657330.88
11079 235336.5
11080 74060.341
11081 20997.041
11082 4451.4547
11083 3256.8014
11084 8.859375
11085 604.47345
11086 969.02182
11087 2569.1445
11088 31560.955
11089 274520.94
11090 486617.45
11091 552345.24
11092 525451.76
11093 208213.64
11094 698767.34
11095 590286.64
11096 549306.52
11097 1449078.5
11098 531062.96
11099 796248.46
11100 966509.31
11101 630231.66
11102 321485.87
11103 68757.011
11104 21071.98
11105 15686.849
11106 10935.427
11107 12699.144
11108 3883.6119
11109 10724.755
11110 185295.9
11111 145449.45
11112 1203591.9
11113 1538422.4
11114 903543.56
11115 801116.27
11116 563259.41
11117 636213.29
11118 901917.6
11119 394700.19
11120 527242.82
11121 182899.31
11122 31188.367
11123 16603.65
11124 11804.696
11125 817.76873
11126 64.504565
11127 286.11184
11128 315.29159
11129 1368.721
11130 167550.96
11131 321145.14
11132 120448.86
11133 252191.54
11134 439796.46
11135 483922.66
11136 190789.8
11137 138338.4
11138 87854.572
11139 8142.84
11140 1577.299
11141 0.28
11142 845.64885
11143 966.45072
11144 26160.427
11145 154477.54
11146 435245.31
11147 248443.45
11148 507499.22
11149 727019.99
11150 678453.87
11151 474983.73
11152 190570.2
11153 261013.55
11154 41099.983
11155 19868.911
11156 20104.029
11157 5.5917454
11158 0
11159 0
11160 6959.727
11161 16260.416
11162 150839.68
11163 355477.11
11164 213537.07
11165 493915.3
11166 496622.75
11167 1059080.9
11168 576666.96
11169 668247.25
11170 1384506.7
11171 387922.74
11172 122853.54
11173 72538.596
11174 9399.3349
11175 1793.0905
11176 1270.245
11177 425.07504
11178 3935.4164
11179 27779.097
11180 89342.767
11181 330008.24
11182 267628.06
11183 538692.61
11184 534303.43
11185 476117.41
11186 1420078.4
11187 555274.95
11188 797687.8
11189 645926.38
11190 137900.94
11191 134599.11
11192 42859.856
11193 3625.788
11194 982.91499
11195 739.5242
11196 790.75997
11197 604.3997
11198 20038.963
11199 33977.284
11200 32235.419
11201 207797.05
11202 1006096.2
11203 790762.35
11204 253547.07
11205 279762.29
11206 1232942.4
11207 597000.99
11208 619766.7
11209 1324144.5
11210 496895.18
11211 129931.91
11212 60808.147
11213 14781.66
11214 1405.2993
11215 2.4001707
11216 384.15607
11217 384.04065
11218 789.25139
11219 11070.694
11220 83771.981
11221 361145.55
11222 159128.92
11223 745195.52
11224 380875.75
11225 413459.48
11226 745071.8
11227 384946.43
11228 664917.44
11229 1058980.8
11230 909888.69
11231 430515.18
11232 677796.59
11233 869363.86
11234 271905.16
11235 95045.357
11236 161780.69
11237 28035.661
11238 5811.7905
11239 17897.805
11240 8561.1708
11241 215.56546
11242 19309.3
11243 158253.44
11244 109975.51
11245 483023.99
11246 2520232.2
11247 1423880.9
11248 338856.58
11249 629666.65
11250 1393660.3
11251 5172467.5
11252 28080298
11253 38904460
11254 27502550
11255 15947663
11256 13035899
11257 3139698.3
11258 1215631.2
11259 790768.96
11260 33981.441
11261 15718.991
11262 22562.686
11263 4545.3153
11264 831.68735
11265 469.21169
11266 17.074641
11267 49.1575
11268 91.405651
11269 902.61958
11270 703.75912
11271 19928.335
11272 119541.24
11273 152449.02
11274 69410.077
11275 155835.16
11276 814616.17
11277 453141.91
11278 191562.33
11279 217680.72
11280 356118.53
11281 74382.946
11282 375699.15
11283 1002524.8
11284 509128.48
11285 280361.15
11286 505589.35
11287 627109.47
11288 236547.42
11289 416363.42
11290 915657.4
11291 272528.2
11292 239628.3
11293 625513.79
11294 267213.3
11295 16717.553
11296 10981.834
11297 4323.8379
11298 1840.726
11299 1760.7227
11300 1021.9038
11301 292.48317
11302 151.76834
11303 27.304375
11304 27.304375
11305 0
11306 14.050476
11307 14.050476
11308 5338.065
11309 7375.973
11310 18107.676
11311 34397.189
11312 35487.022
11313 48474.318
11314 40014.202
11315 34325.657
11316 37332.342
11317 71879.553
11318 63498.503
11319 69870.175
11320 86521.698
11321 75694.926
11322 89248.634
11323 139003.14
11324 104946.71
11325 1047090
11326 1329915.3
11327 154536.9
11328 766702.12
11329 1673879.8
11330 714711.25
11331 342768.79
11332 1500923.7
11333 2079434.4
11334 797131.39
11335 144585.81
11336 4077.8263
11337 1621.7976
11338 1773.5614
11339 262.2786
11340 9.098628
11341 9.138752
11342 0.039375
11343 1856.38
11344 1844.3158
11345 86.034806
11346 54.88
11347 0
11348 0
11349 0
11350 212.3059
11351 169378.12
11352 607948.56
11353 272937.7
11354 712130.52
11355 1472658.3
11356 521424.74
11357 1187152
11358 1807414.5
11359 446540.55
11360 844714.36
11361 2008465.3
11362 2802682.2
11363 186532.54
11364 365417.81
11365 192387.49
11366 20416.473
11367 3275.7414
11368 1520.0898
11369 402.44175
11370 270.39927
11371 581.0887
11372 581.0887
11373 0
11374 0
11375 1096.698
11376 1096.698
11377 123.48
11378 123.48
11379 1650.4064
11380 51511.288
11381 174611.16
11382 1863942.9
11383 1510602
11384 445322.02
11385 606631.58
11386 307879.77
11387 261271.86
11388 437617.48
11389 1360808
11390 1789804.3
11391 2644943.1
11392 284279.07
11393 1371845.3
11394 626884.87
11395 9115.1531
11396 5318.3696
11397 6371.3119
11398 878.83643
11399 398.19501
11400 13584.205
11401 14252.969
11402 1.12
11403 250.0147
11404 250.0147
11405 0
11406 30.685845
11407 30.685845
11408 0
11409 0
11410 22302.29
11411 98314.281
11412 755054.48
11413 870226.92
11414 689729.09
11415 963188.68
11416 578073.95
11417 540649.41
11418 567772.96
11419 526122.73
11420 878010.78
11421 408429.03
11422 611805.24
11423 365134.55
11424 184909.82
11425 494794.73
11426 564738.98
11427 213425.35
11428 21776.275
11429 5412.0683
11430 5303.4303
11431 21740.416
11432 34878.015
11433 5788.8386
11434 2500.1825
11435 12338.672
11436 12593.692
11437 25.27
11438 25.27
11439 0
11440 0
11441 48652.914
11442 50451.856
11443 58041.105
11444 117560.09
11445 241273.03
11446 356426.32
11447 319722.93
11448 185455.28
11449 324832.35
11450 342359.46
11451 168502.49
11452 101339.97
11453 11641.972
11454 1037.2818
11455 4661.2214
11456 306.78198
11457 60.217829
11458 1.7243755
11459 0
11460 0
11461 0
11462 0
11463 0
11464 531.22286
11465 63872.477
11466 90352.287
11467 337758.02
11468 288429.24
11469 3619783.3
11470 2591084.2
11471 524069.99
11472 2626104.6
11473 2726509.7
11474 1227787.8
11475 805578.12
11476 334481.58
11477 132711.01
11478 14731.463
11479 4336.7154
11480 2473.0549
11481 986.05442
11482 0
11483 0
11484 0
11485 0
11486 0
11487 0
11488 0
11489 0
11490 204.12
11491 70731.559
11492 195096.39
11493 351137.81
11494 162919.32
11495 590023.21
11496 336602.38
11497 295289.42
11498 228525.4
11499 251269.6
11500 52082.029
11501 8993.4435
11502 1982.9942
11503 1692.9946
11504 735.33493
11505 210.38982
11506 0
11507 0
11508 0
11509 0
11510 1200.4838
11511 52902.059
11512 335836.03
11513 311377.14
11514 198898.45
11515 266559.74
11516 445617.19
11517 453120.25
11518 334960.83
11519 670881.32
11520 221349.48
11521 33654.5
11522 3060.0417
11523 1315.3114
11524 1498.624
11525 152.56363
11526 0
11527 0
11528 0
11529 0
11530 0
11531 0
11532 0
11533 88.201773
11534 28071.241
11535 286428.5
11536 400821.52
11537 582165.75
11538 650847.17
11539 406184.12
11540 754964.4
11541 553700.88
11542 29383.765
11543 369.04163
11544 781.33323
11545 1534.7458
11546 2416.6242
11547 44.324294
11548 0
11549 0
11550 0
11551 0
11552 0
11553 35996.465
11554 349580.68
11555 362316.18
11556 223458.84
11557 754716.49
11558 1100852.7
11559 871299.29
11560 644953.72
11561 624680.38
11562 190833.93
11563 68216.498
11564 3966.8781
11565 891.35823
11566 3829.5249
11567 1771.0517
11568 0.039375
11569 0
11570 0
11571 0
11572 0
11573 0
11574 0
11575 7
11576 1339.5612
11577 24323.503
11578 141140.92
11579 545686.9
11580 363966.96
11581 249545.35
11582 563109.06
11583 501736.92
11584 291404.48
11585 39510.062
11586 3044.0592
11587 1430.1488
11588 2381.1247
11589 4.204375
11590 0
11591 0
11592 0
11593 0
11594 187.01217
11595 12099.443
11596 150227.18
11597 122240.02
11598 249676.81
11599 154194.46
11600 70891.821
11601 529352.47
11602 1496222.4
11603 1494171.2
11604 555788.53
11605 461672.79
11606 173824.96
11607 2726.6141
11608 1116.9119
11609 1370.0724
11610 5.9279185
11611 0
11612 0
11613 0
11614 0
11615 1410.2409
11616 15620.985
11617 128018.32
11618 274872.9
11619 210669.32
11620 212948.65
11621 440285.9
11622 594779.97
11623 219934.37
11624 219312.2
11625 124854.46
11626 29397.936
11627 1799.4399
11628 4011.485
11629 2062.508
11630 20.002503
11631 0.984375
11632 0
11633 0
11634 0
11635 0
11636 1397.8588
11637 17212.706
11638 84613.259
11639 340669.62
11640 512322.56
11641 117850.01
11642 891182.3
11643 1198827.2
11644 306163.74
11645 285094.01
11646 363822.2
11647 245135.05
11648 3523.1903
11649 1128.7594
11650 1722.0175
11651 2089.6239
11652 192.88847
11653 0
11654 0
11655 0
11656 0
11657 0
11658 0
11659 405.33413
11660 39659.343
11661 157023.25
11662 168781.05
11663 504054.66
11664 332685.89
11665 405073.43
11666 291563.54
11667 632921.81
11668 418130.17
11669 24077.848
11670 1624.9826
11671 1981.5423
11672 3317.8577
11673 3099.7264
11674 733.73092
11675 0
11676 0
11677 0
11678 0
11679 0
11680 25.600006
11681 143816.27
11682 260747.26
11683 387094.28
11684 315138.35
11685 212593.37
11686 384701.58
11687 781034.89
11688 331593.14
11689 215728.24
11690 233445.16
11691 148454.04
11692 50041.685
11693 2727.8998
11694 1861.763
11695 10632510
11696 19672529
11697 8775548.3
11698 7296732.6
11699 7290979.9
11700 8254809.7
11701 8928735.2
11702 8433909.8
11703 31558369
11704 46833240
11705 24921306
11706 26469108
11707 29302765
11708 36423431
11709 27018800
11710 10516574
11711 1805079.7
11712 3659217
11713 17632889
11714 13966544
11715 6609274.5
11716 1995283.1
11717 26328269
11718 19532590
11719 8043547.1
11720 44530.757
11721 5968.9588
11722 4737.6995
11723 0
11724 102.41438
11725 187.1275
11726 67.298149
11727 162.45225
11728 6326.194
11729 48395.741
11730 73809.534
11731 58171.834
11732 88476.667
11733 101868.17
11734 160294.32
11735 634926.7
11736 1298413.5
11737 750204.76
11738 713186.66
11739 984764
11740 611364.36
11741 2095144.7
11742 1202823.3
11743 550764.86
11744 1605124.2
11745 1009670
11746 424609.72
11747 283754.22
11748 618249.62
11749 608410.99
11750 28981.517
11751 2663.2623
11752 2889.1936
11753 2379.792
11754 0
11755 0
11756 0
11757 0
11758 0
11759 0
11760 0
11761 0
11762 0
11763 89.464375
11764 751.14952
11765 656.37353
11766 75.288648
11767 1718.3063
11768 53375.881
11769 100035.8
11770 154895.57
11771 138328.18
11772 993970.04
11773 444730.54
11774 464958.44
11775 799822.53
11776 535842.72
11777 414834.56
11778 359971.83
11779 981255.39
11780 590992.11
11781 258941.52
11782 255048.93
11783 212934.76
11784 214080.42
11785 242333.74
11786 94784.435
11787 48742.259
11788 27201.472
11789 72823.379
11790 96464.472
11791 15395.941
11792 2659.6031
11793 2021.9111
11794 1693.8563
11795 488.75963
11796 2.9537043
11797 0
11798 0
11799 0
11800 0
11801 0
11802 0
11803 0
11804 0
11805 0
11806 0
11807 0
11808 0
11809 51.979375
11810 51.127846
11811 2.1266324
11812 125.03946
11813 5526.8928
11814 18032.069
11815 62848.993
11816 78758.904
11817 126012.35
11818 413483.97
11819 712645.62
11820 796113.63
11821 1905956.2
11822 471600.7
11823 1211181.4
11824 1031181.8
11825 875892.3
11826 774956.2
11827 953926.69
11828 240800.32
11829 260775.34
11830 327137.18
11831 175435.26
11832 313767.55
11833 178654.45
11834 477280.4
11835 343612.03
11836 903729.36
11837 917527.95
11838 164820.66
11839 224509.89
11840 211182.26
11841 228379.56
11842 298292.73
11843 177660.14
11844 125983.78
11845 210498.14
11846 123181.33
11847 161660.56
11848 158993.03
11849 207602.2
11850 299362.92
11851 196375.11
11852 469696.55
11853 537902.38
11854 272290.47
11855 264811.8
11856 174069.1
11857 284115.17
11858 452032.69
11859 185289.27
11860 275126.88
11861 363473.14
11862 260917.12
11863 111730.89
11864 16372.377
11865 15788.737
11866 9296.7758
11867 3558.0034
11868 3657.4534
11869 2285.0676
11870 16.070787
11871 7.354375
11872 7.354375
11873 0
11874 0
11875 0
11876 0
11877 0
11878 0
11879 0
11880 0
11881 0
11882 0
11883 0
11884 0
11885 0
11886 20.644879
11887 155.27144
11888 146.83573
11889 3.679375
11890 3641.5332
11891 4502.6262
11892 551.23558
11893 136.77934
11894 8887.3815
11895 44751.382
11896 81655.682
11897 90922.162
11898 149341.2
11899 148416.5
11900 196323
11901 167712.96
11902 109956.94
11903 100852.49
11904 369287.62
11905 339278.75
11906 160922.48
11907 98011.208
11908 116689.74
11909 151390.28
11910 170642.48
11911 163023.05
11912 212095.84
11913 152057.22
11914 165150.11
11915 202569.76
11916 481369
11917 293144.6
11918 3651090.7
11919 8545112.8
11920 3734522.6
11921 270127.9
11922 225833.1
11923 190143.96
11924 253295.68
11925 370989.31
11926 199206.4
11927 1349.5573
11928 1344.1069
11929 3161.7453
11930 1594.0653
11931 1026.9062
11932 766.27389
11933 56.405178
11934 1.1036003
11935 0.039375
11936 1.303174
11937 1.264375
11938 0
11939 0
11940 0
11941 0
11942 0
11943 51.03
11944 178.36674
11945 197.9838
11946 160.34984
11947 126.35658
11948 6426.8252
11949 40296.943
11950 125659.84
11951 57388.865
11952 165954.67
11953 835093.41
11954 738542.18
11955 117709.83
11956 126213.75
11957 226585.42
11958 92013.985
11959 181452.56
11960 581557.28
11961 427103.03
11962 591636.64
11963 887986.48
11964 752398.56
11965 160499.4
11966 113536.4
11967 13483.787
11968 3505.9155
11969 1029.8932
11970 349.62386
11971 2.683126
11972 0
11973 0
11974 0
11975 192.64835
11976 39685.15
11977 109995.24
11978 467726.32
11979 506291.18
11980 166763.24
11981 304417.47
11982 677298.06
11983 675085.56
11984 498983.19
11985 124080.56
11986 1375.7541
11987 2167.1003
11988 659.5953
11989 6.7270535
11990 0
11991 0
11992 0
11993 0
11994 90.72
11995 13673.381
11996 136738.69
11997 264930.78
11998 193563.64
11999 216164.7
12000 456956.84
12001 499162.4
12002 457461.42
12003 258244.51
12004 18022.52
12005 1811.7073
12006 3110.0747
12007 107.8589
12008 0
12009 0
12010 0
12011 0
12012 1407.2155
12013 36490.484
12014 330893.91
12015 301105.82
12016 818991.92
12017 418440.12
12018 215145.99
12019 372935.42
12020 250513.38
12021 171710.1
12022 127548.32
12023 12555.525
12024 1638.2794
12025 4305.1504
12026 3531.0056
12027 173.7341
12028 173.7341
12029 0
12030 0
12031 0
12032 0
12033 292.91487
12034 146921.43
12035 152172.75
12036 1508860.9
12037 1541513.6
12038 315746.35
12039 337696.01
12040 317794.97
12041 168881.03
12042 322860.92
12043 277208.88
12044 26666.246
12045 1183.6281
12046 1591.62
12047 3913.2735
12048 90.752041
12049 82.09601
12050 0
12051 0
12052 0
12053 0
12054 0
12055 3.43
12056 331.79923
12057 119512.41
12058 303700.3
12059 450419.65
12060 833479.3
12061 638706.86
12062 2819833.8
12063 25440523
12064 31986448
12065 7042634.8
12066 758367.64
12067 3392501.6
12068 2647799.4
12069 37108.435
12070 4144.745
12071 16736420
12072 16556945
12073 30185120
12074 33082578
12075 14753272
12076 8398246.9
12077 274174.08
12078 1945828.7
12079 32971381
12080 23720034
12081 21739324
12082 44911836
12083 43775944
12084 536643.56
12085 33777.219
12086 1760012.7
12087 2234408
12088 550770.79
12089 227444.68
12090 67345.333
12091 45652.833
12092 25736.286
12093 11794.086
12094 16.953482
12095 11092966
12096 19868107
12097 8635431.1
12098 60335.757
12099 121151
12100 442388.36
12101 246444.09
12102 559499.68
12103 311686.67
12104 1167090.6
12105 468535.35
12106 1140974.1
12107 615903.36
12108 68939.744
12109 4628.7315
12110 1957.4299
12111 320.47278
12112 35.712692
12113 0
12114 0
12115 1.75
12116 2799.1294
12117 62917.689
12118 104893.6
12119 424841.88
12120 465698.89
12121 289488.97
12122 20561682
12123 27740262
12124 11690064
12125 452216.43
12126 17410081
12127 16541809
12128 223202.71
12129 2732156.4
12130 6459005.3
12131 2796859.8
12132 693580.54
12133 750701.24
12134 48046.552
12135 273430.21
12136 175541.86
12137 453234.79
12138 292217.52
12139 421533.11
12140 482849.55
12141 268012.75
12142 330292.67
12143 160435.53
12144 12859.994
12145 3571.0654
12146 1477.2147
12147 164.69681
12148 0
12149 0
12150 0
12151 0
12152 256.81798
12153 66878.881
12154 176938.53
12155 11856216
12156 17678656
12157 41520343
12158 30316883
12159 8712249.7
12160 4055821
12161 627561.74
12162 1854511.2
12163 382375.93
12164 3807523.1
12165 8046796.8
12166 5615766.1
12167 765430.8
12168 91110.039
12169 78781.707
12170 59567.563
12171 57687.526
12172 63053.587
12173 34519.017
12174 56408.393
12175 64724.362
12176 128086.87
12177 38482.265
12178 59067.973
12179 114422.8
12180 155633.21
12181 115262.53
12182 49799.693
12183 181223.93
12184 77372.34
12185 48584.87
12186 93592.1
12187 101019.01
12188 87282.52
12189 92503.502
12190 97429.605
12191 48859.709
12192 71583.085
12193 140291.75
12194 132238.01
12195 377212.8
12196 417992.65
12197 192202.31
12198 142313.91
12199 301156.39
12200 246684.45
12201 143375.2
12202 232395.69
12203 130137.31
12204 66920.441
12205 93134.313
12206 173277.28
12207 131239.36
12208 181006.8
12209 96931.675
12210 156785.15
12211 142922.68
12212 83661.245
12213 1227772.3
12214 1890034.6
12215 209342.43
12216 294372.9
12217 140028.61
12218 99639.797
12219 101161.38
12220 62406.204
12221 68289.778
12222 41961.528
12223 158481.39
12224 154231.79
12225 67813.083
12226 45762.124
12227 77908.835
12228 53955.178
12229 96324.555
12230 135305.79
12231 413782.65
12232 317584.03
12233 257457.94
12234 166394.29
12235 179351.83
12236 310927.45
12237 239760.98
12238 115847.67
12239 159942.92
12240 64212.049
12241 36495.024
12242 79725.608
12243 89549.681
12244 39759.734
12245 104801.67
12246 198057.5
12247 493036.07
12248 1021336
12249 511162.6
12250 427737.06
12251 534820.87
12252 1773786.9
12253 4487734.6
12254 1864025
12255 480717.59
12256 220585.76
12257 80389.414
12258 60387
12259 63753.949
12260 3623480.2
12261 6267476.5
12262 4258994.9
12263 3307236.6
12264 138785.95
12265 53114.728
12266 102042.41
12267 63019.385
12268 66510.19
12269 88978.876
12270 108344.52
12271 38810.347
12272 52890.251
12273 90879.333
12274 68921.226
12275 29805.631
12276 53572.364
12277 52826.59
12278 57022.754
12279 83163.675
12280 48470.907
12281 60661.296
12282 63435.44
12283 82352.506
12284 66164.473
12285 49210.681
12286 87331.067
12287 81378.234
12288 56494.928
12289 67848.681
12290 48944.932
12291 149517.41
12292 198450.47
12293 85853.666
12294 35466.189
12295 94427.676
12296 399172.25
12297 633357.03
12298 206854.86
12299 51689.035
12300 100225.09
12301 80601.205
12302 58939.148
12303 25792.263
12304 31605.978
12305 38319.853
12306 45803.302
12307 114059.14
12308 106695.91
12309 61703.414
12310 71678.218
12311 69338.084
12312 46382.428
12313 79649.059
12314 129258.4
12315 76512.104
12316 59292.652
12317 87419.462
12318 68362.801
12319 49846.97
12320 30762.449
12321 51359.101
12322 97755.606
12323 245889.88
12324 309415.52
12325 147039.55
12326 98278.435
12327 53304.993
12328 333726.65
12329 711465.18
12330 573613.78
12331 158261.63
12332 129368.07
12333 94626.225
12334 111751.08
12335 100495.67
12336 92986.109
12337 57927.942
12338 92780.751
12339 58973.179
12340 31548.995
12341 58943.581
12342 62133.735
12343 77878.164
12344 73659.543
12345 61955.814
12346 55998.432
12347 84064.508
12348 61020.096
12349 39321.795
12350 68379.02
12351 108341.41
12352 171787.48
12353 154498.35
12354 116693.6
12355 109718.97
12356 91491.021
12357 69984.489
12358 107135.03
12359 105311.08
12360 97918.807
12361 104310.28
12362 146016.57
12363 161689.91
12364 187460.58
12365 577161.12
12366 1340344.1
12367 1050741.4
12368 271216.72
12369 212711.39
12370 237509.98
12371 185898.88
12372 375973.52
12373 462643.03
12374 615091.79
12375 851875.92
12376 1099417.7
12377 417761.76
12378 509864.02
12379 1085963.2
12380 884399.21
12381 325532.53
12382 504781.02
12383 404543.34
12384 283587.27
12385 613464.7
12386 573360.78
12387 247192.32
12388 1038543
12389 1899108.3
12390 833616.76
12391 627758
12392 371320.86
12393 263186.48
12394 280155.73
12395 390921.88
12396 215605.29
12397 291590.82
12398 561935.81
12399 652482.91
12400 8418620.4
12401 9707112
12402 2761920
12403 2134616.3
12404 584561.25
12405 360365.88
12406 105463.26
12407 120451.85
12408 186863.99
12409 229357.28
12410 114679.87
12411 107702.49
12412 342746.85
12413 348795.99
12414 24784.507
12415 44871.549
12416 58862.59
12417 37866.078
12418 35404.575
12419 28964.695
12420 46854.271
12421 82308.939
12422 77342.878
12423 82440.185
12424 74362.582
12425 68150.197
12426 105473.3
12427 168463.33
12428 126149.15
12429 144567.71
12430 240536.89
12431 223318.08
12432 135193.83
12433 103252.71
12434 47710.855
12435 63421.345
12436 54884.551
12437 51388.486
12438 67698.646
12439 123676.93
12440 684245.59
12441 552448.17
12442 129869.8
12443 144165.58
12444 84346.447
12445 126264.13
12446 213083.33
12447 297944.04
12448 1193362.7
12449 1219811
12450 119750.8
12451 537868.08
12452 722516.56
12453 16903925
12454 26316755
12455 19941410
12456 20814443
12457 3784752.5
12458 210374.3
12459 166233.22
12460 135055.95
12461 204782.65
12462 422662.96
12463 436436.61
12464 703710.85
12465 1418618.3
12466 946673.97
12467 1323263.4
12468 182835.96
12469 53700.603
12470 8803.0232
12471 4581.3526
12472 3116.6759
12473 4631.8943
12474 64094.972
12475 369327.74
12476 1509617.8
12477 366073.45
12478 603850.75
12479 5240892.3
12480 7370656.9
12481 2224090
12482 2117372.7
12483 3627330
12484 78449.754
12485 96511.957
12486 13735.285
12487 473.53632
12488 17479.715
12489 18036.66
12490 1997.7471
12491 35936.021
12492 163917.72
12493 298386.08
12494 251681.04
12495 889515.6
12496 638814.27
12497 398013.36
12498 442873.9
12499 311613.71
12500 249727.65
12501 165912.75
12502 40640.271
12503 7680.5605
12504 9008.2863
12505 1003.8044
12506 6085.347
12507 129676.77
12508 272118.69
12509 266100.9
12510 170621.42
12511 330089.33
12512 386303.64
12513 166850.92
12514 395632.23
12515 346792.47
12516 58267.981
12517 15503.376
12518 6907.9999
12519 585.08862
12520 536.74352
12521 1007.8964
12522 88310.123
12523 139740.38
12524 126755.85
12525 339491.51
12526 616685.99
12527 410379.31
12528 908668.43
12529 598330.25
12530 625096.3
12531 609474.2
12532 548144.46
12533 65672.056
12534 26500.292
12535 8940.0257
12536 336.63043
12537 279.13094
12538 274.02255
12539 9.626875
12540 208.90931
12541 364.51503
12542 6294.5344
12543 6402.7215
12544 10254.114
12545 78196.595
12546 143997.35
12547 114437.94
12548 102106.66
12549 178778.02
12550 135905.69
12551 337912.81
12552 413326.23
12553 170729.15
12554 180711.51
12555 182423.65
12556 172204.68
12557 240303.94
12558 169902.11
12559 3469.1332
12560 1090.3287
12561 474.78417
12562 168.3678
12563 0
12564 10.08
12565 146.40146
12566 847.21742
12567 1365.3979
12568 426166.75
12569 576517.74
12570 156366.64
12571 173818.06
12572 409619.16
12573 457745.44
12574 404522.05
12575 707190.31
12576 725004.7
12577 617213.53
12578 215419.6
12579 13687.436
12580 3773.7814
12581 2688.4481
12582 1062.3273
12583 1005.7366
12584 620.19023
12585 324.37627
12586 85.493844
12587 85.493844
12588 18.234962
12589 25401.305
12590 99074.197
12591 362111.49
12592 183345.04
12593 237102.91
12594 347183.5
12595 151182.22
12596 108967.17
12597 146085.56
12598 223198.81
12599 155282.99
12600 114681.62
12601 40634.943
12602 7367.7155
12603 2674.3226
12604 236.60371
12605 195.2628
12606 0
12607 30.87
12608 134.00606
12609 99.71956
12610 61333.386
12611 175242.77
12612 193859.18
12613 193944.67
12614 159089.5
12615 126642.06
12616 493961.89
12617 714647.19
12618 454525.74
12619 259447.43
12620 373888.94
12621 283835.37
12622 28862.074
12623 1981.2296
12624 886.1966
12625 172.48956
12626 0
12627 0
12628 0
12629 0
12630 0
12631 531.3504
12632 20924.913
12633 70390.768
12634 89404.064
12635 119981.63
12636 204389.71
12637 136606.54
12638 115303.94
12639 121134.63
12640 112424.93
12641 154541.77
12642 268509.16
12643 694163.41
12644 525275.93
12645 17913.383
12646 5739.6919
12647 703.83227
12648 548.21477
12649 90.721599
12650 66.189375
12651 154.54096
12652 86.01132
12653 37680.81
12654 50053.556
12655 98244.909
12656 110822.5
12657 105917.66
12658 135954.72
12659 130168.16
12660 190065.83
12661 296936.57
12662 154396.87
12663 113412.93
12664 32833.625
12665 19651.429
12666 10879.197
12667 991.86907
12668 328.45926
12669 106.47
12670 106.47
12671 0
12672 0
12673 152.42562
12674 970.61685
12675 11724.229
12676 118018.62
12677 206131.01
12678 196716.12
12679 454199.32
12680 595367.77
12681 456073.87
12682 190690.2
12683 320142.93
12684 281682.26
12685 214777.41
12686 121281.77
12687 28506.554
12688 4311.6855
12689 1438.0042
12690 128.57274
12691 0
12692 0
12693 0
12694 4407.6709
12695 13187.959
12696 153086.62
12697 329799.43
12698 237674.3
12699 209015.1
12700 265763.66
12701 263693.13
12702 575392.54
12703 674422.5
12704 269494.78
12705 169029.08
12706 71805.675
12707 4207.7214
12708 2182.2999
12709 349.19568
12710 175
12711 37.03
12712 37.03
12713 0
12714 0
12715 60.058227
12716 16041.631
12717 58490.056
12718 159095.32
12719 332217.9
12720 280620.13
12721 146434.37
12722 299753.3
12723 355902.94
12724 631680.42
12725 928637.11
12726 491084.36
12727 994512.66
12728 828093.23
12729 31974.671
12730 4758.5384
12731 317.32043
12732 20.736181
12733 0
12734 0
12735 47.32
12736 1048.399
12737 11636624
12738 14494462
12739 20327340
12740 37184404
12741 15624337
12742 22691414
12743 23051506
12744 23227193
12745 34665049
12746 31434309
12747 29161626
12748 34569234
12749 40231007
12750 17862054
12751 5427071.4
12752 3149368.3
12753 4849491.8
12754 107233.17
12755 106865.03
12756 4766.9635
12757 55772.524
12758 54967.948
12759 79683.894
12760 87491.473
12761 149753.33
12762 184764.12
12763 97268.863
12764 121859.6
12765 226872.71
12766 164604.26
12767 2254527.3
12768 23802996
12769 25630636
12770 9187571.8
12771 125535.93
12772 17733758
12773 16289045
12774 543673.19
12775 132.4575
12776 1907.6137
12777 8523.4708
12778 83305.397
12779 159406.06
12780 1304319.4
12781 1722863.5
12782 155249.08
12783 519334.54
12784 1204888.9
12785 480559.98
12786 1014638.9
12787 878567.32
12788 141819.19
12789 22125.386
12790 6180.9428
12791 190.25567
12792 4899531.4
12793 4863896.1
12794 77312.454
12795 117465.2
12796 13856412
12797 30302344
12798 29279608
12799 31252855
12800 28564656
12801 21347245
12802 2857953
12803 20698427
12804 43866004
12805 31468840
12806 7108295.6
12807 37811090
12808 34035167
12809 39245810
12810 31918721
12811 48083314
12812 40003173
12813 20032341
12814 39279775
12815 44273979
12816 9300544.6
12817 38501628
12818 44701703
12819 6105975.9
12820 37728888
12821 45289228
12822 805645.66
12823 34372464
12824 37133818
12825 31368775
12826 39473597
12827 42962768
12828 19724001
12829 26806704
12830 36041280
12831 41505758
12832 17245907
12833 43320842
12834 39933318
12835 18980645
12836 0
12837 599483.13
12838 528475.43
12839 7441463.2
12840 3038583.8
12841 125515.13
12842 126812.02
12843 610560.14
12844 433369.27
12845 2345064.1
12846 1731145.9
12847 8863240.7
12848 10268236
12849 1865353
12850 97689.05
12851 89403.205
12852 100934.65
12853 54020.623
12854 62304.63
12855 107350.95
12856 88521.632
12857 90548.497
12858 92871.84
12859 86670.431
12860 77813.683
12861 10007.273
12862 1936.8451
12863 353.30915
12864 85.172399
12865 0
12866 28.226051
12867 16851.703
12868 39131.71
12869 42734.6
12870 114124.65
12871 168758.53
12872 142963.76
12873 93716.244
12874 132172.89
12875 170572.45
12876 132261.88
12877 40402.376
12878 7122.7245
12879 2487.3865
12880 117.55516
12881 171464.98
12882 171309.77
12883 0
12884 1008486.9
12885 2006861
12886 416655.37
12887 2609882.1
12888 8935414.3
12889 2386573.6
12890 7482736.9
12891 14375571
12892 8418948.3
12893 5225745.5
12894 1444946.2
12895 409784.54
12896 221778.24
12897 134780.03
12898 99986.683
12899 63418.997
12900 133541.11
12901 306311.98
12902 1640202
12903 1848117.6
12904 3639769.2
12905 2969444.8
12906 1960433
12907 5122776.2
12908 2988849.1
12909 1015004.8
12910 1449814.2
12911 462953.1
12912 268517.33
12913 704131.02
12914 300673.37
12915 58915.723
12916 201107.14
12917 118353.99
12918 476277.45
12919 875903.88
12920 1227425.6
12921 4354629.6
12922 4139462.4
12923 4080659
12924 8213791.7
12925 8847883.6
12926 3456393.5
12927 2568732.2
12928 10939194
12929 2856508.6
12930 1122420.6
12931 2899121.1
12932 1092170.1
12933 66028.413
12934 569366.2
12935 312599.27
12936 469406.33
12937 2912234.9
12938 1449645.6
12939 2985207.7
12940 12115686
12941 7017178.5
12942 8429455.5
12943 25982749
12944 10739985
12945 10540155
12946 15640776
12947 6282997.9
12948 2740249.4
12949 1357734.9
12950 785033.45
12951 174632.16
12952 144284.95
12953 313112.28
12954 105391.75
12955 300051.86
12956 1395812.9
12957 700156.71
12958 3868185.1
12959 8743990
12960 5248449.7
12961 8134308.5
12962 16968519
12963 7711340.4
12964 3333657.6
12965 4896931.3
12966 1465971.4
12967 246609.15
12968 819397.37
12969 257186.93
12970 79672.411
12971 680288.61
12972 452324.54
12973 595274.45
12974 488741.05
12975 3131758.3
12976 7198939.9
12977 2894526.8
12978 19198500
12979 10670068
12980 7412470.3
12981 7586818.7
12982 2044428.8
12983 542295.88
12984 1944696.3
12985 940104.6
12986 805918.58
12987 4117153.6
12988 3711730.2
12989 2051522.8
12990 3025076.4
12991 14802329
12992 11252236
12993 6214264.2
12994 26292574
12995 10389877
12996 3527213.1
12997 3320535.1
12998 983032.46
12999 514324.72
13000 780959.84
13001 247568.3
13002 2413.3031
13003 307.23437
13004 18420.791
13005 59842.225
13006 413472.53
13007 1267345.3
13008 1044383.9
13009 2807428.2
13010 4327297.7
13011 1511777
13012 2293199.3
13013 1097157.6
13014 1305476.7
13015 4800429.5
13016 2312833.5
13017 1620596.7
13018 7045505.6
13019 3651009
13020 2360929.1
13021 16044094
13022 10775997
13023 4562060.1
13024 27200469
13025 9727855.6
13026 4839250.3
13027 14114017
13028 4852951
13029 538922.07
13030 1395806.7
13031 1079615
13032 27612.544
13033 10709.163
13034 0
13035 1690.3465
13036 2071.8617
13037 61386.186
13038 52603.951
13039 122090.08
13040 136168.4
13041 70423.475
13042 73087.453
13043 99880.076
13044 104285.46
13045 54557.11
13046 15081.695
13047 5810.6099
13048 33634.269
13049 39357.897
13050 3332.2738
13051 422229.02
13052 750915.19
13053 1092708.9
13054 4043655.1
13055 3566798.4
13056 1469985.7
13057 4033736.9
13058 3158406.3
13059 1905457.6
13060 2200195
13061 355618.41
13062 116107.5
13063 6975.8959
13064 11958.914
13065 11938.928
13066 0
13067 126913.28
13068 205526.57
13069 666308.67
13070 549345.47
13071 4519270.3
13072 2632995.3
13073 3220492.8
13074 2377861.6
13075 5917720.5
13076 3750025.2
13077 1133909
13078 343577.01
13079 10162.019
13080 2561.5141
13081 0
13082 0
13083 0
13084 0
13085 0
13086 26163.728
13087 98888.731
13088 87589.734
13089 578155.54
13090 12690499
13091 11858366
13092 572137.47
13093 378104.07
13094 433210.38
13095 68676.586
13096 11121.629
13097 2066.086
13098 1509.5485
13099 3.6610141
13100 2.314375
13101 0
13102 0
13103 0
13104 0
13105 0
13106 0
13107 33.88
13108 342730.04
13109 501741.19
13110 520028.49
13111 1925847.8
13112 1824008.6
13113 242104.76
13114 784921.47
13115 3129591.8
13116 3782369.1
13117 813673.78
13118 483392.28
13119 49036.762
13120 5868.9715
13121 1307.2237
13122 3996.1575
13123 72375.319
13124 73364.484
13125 0
13126 0
13127 0
13128 0
13129 0
13130 546.70545
13131 1183.6045
13132 219858.23
13133 815934.46
13134 2224445.8
13135 2934351.2
13136 407936.83
13137 399412.33
13138 446122.55
13139 356449.58
13140 274717.41
13141 382787.75
13142 190722.26
13143 163787.23
13144 47714.786
13145 2881.9766
13146 1654.7613
13147 3003.5946
13148 2258.5163
13149 949.69966
13150 528.88851
13151 35.978141
13152 35.978141
13153 0
13154 0
13155 442400.41
13156 502507.57
13157 94407.461
13158 426901.58
13159 926106.34
13160 1202781.4
13161 4651943.3
13162 11134607
13163 4247642.7
13164 2650604.9
13165 3671581
13166 6945272.6
13167 1861205.6
13168 380375.57
13169 410241.66
13170 9730.8068
13171 7990426
13172 32692742
13173 12129176
13174 11305300
13175 30098669
13176 39090983
13177 34404760
13178 33971191
13179 38869184
13180 20054638
13181 17458757
13182 1646777.5
13183 3477561.9
13184 13244609
13185 34582718
13186 174055.35
13187 0
13188 2798105
13189 14094563
13190 20299186
13191 41168052
13192 32589006
13193 38072960
13194 857544.01
13195 4008096.8
13196 2773607
13197 6574111.8
13198 26473414
13199 26650931
13200 9098760.2
13201 76470.431
13202 9017994.8
13203 8824578.5
13204 14758484
13205 30870873
13206 35071207
13207 36841742
13208 37444648
13209 29814892
13210 26713841
13211 36719658
13212 32930847
13213 12493632
13214 10635912
13215 133801.76
13216 154784.38
13217 448725.19
13218 3420230.7
13219 9289292.1
13220 30509075
13221 33553784
13222 15735402
13223 35899023
13224 3599951.9
13225 16839000
13226 2257286.8
13227 2746758.2
13228 917363.17
13229 59629.723
13230 18117.728
13231 138119.25
13232 7964.4643
13233 0
13234 0
13235 9179882.6
13236 32041541
13237 35250833
13238 36578035
13239 12148706
13240 59.733648
13241 891.81067
13242 258430.25
13243 1002788.1
13244 1654168.6
13245 1370877.5
13246 489439.23
13247 817964.83
13248 2823354.3
13249 15991212
13250 37017322
13251 48893.71
13252 14973768
13253 6273666.9
13254 23287.944
13255 52798.537
13256 136358.46
13257 449972.21
13258 238538.97
13259 144931.49
13260 52956.309
13261 23607.479
13262 75867.236
13263 63278.358
13264 99426.691
13265 99745.828
13266 470969.04
13267 352295.29
13268 46425.98
13269 26737.194
13270 138529.3
13271 317019.6
13272 105909.79
13273 16290.523
13274 31466.347
13275 102081.53
13276 28482.515
13277 13247.644
13278 27235.615
13279 24959.692
13280 30793.837
13281 36082.925
13282 26243.516
13283 21380.129
13284 14419.759
13285 65647.855
13286 125706.22
13287 27023.943
13288 58907.08
13289 57096.607
13290 24941.792
13291 42091.988
13292 60372.547
13293 81337.967
13294 76322.663
13295 47392.796
13296 34317.647
13297 35252.261
13298 29283.892
13299 24173.853
13300 18953.555
13301 16128.882
13302 20009.513
13303 15048.825
13304 25550.277
13305 17810.681
13306 8529.4839
13307 11409864
13308 13034369
13309 11771098
13310 4525755.9
13311 25901911
13312 11942983
13313 22158119
13314 23419131
13315 5896256.6
13316 21729930
13317 7835283.1
13318 449040.88
13319 479375.96
13320 298785.36
13321 287286.66
13322 126956.31
13323 48230.012
13324 18150572
13325 23344216
13326 11042172
13327 13668017
13328 28537788
13329 19588382
13330 45923307
13331 45366019
13332 25039662
13333 42517468
13334 38586006
13335 13658922
13336 40621324
13337 40122922
13338 23074928
13339 20589245
13340 36099075
13341 20790200
13342 29496257
13343 2821867
13344 311867.9
13345 1708767.3
13346 38931667
13347 3229070.5
13348 22874003
13349 12363145
13350 45949695
13351 1519429.8
13352 22381456
13353 22810050
13354 33777269
13355 5378634.1
13356 24047916
13357 29862700
13358 14358719
13359 21049005
13360 19461027
13361 223779.57
13362 765985.67
13363 966183.5
13364 527619.19
13365 164586.06
13366 47770.274
13367 89677.712
13368 19774.371
13369 23116.026
13370 2402767.4
13371 6405337.5
13372 9276895.4
13373 16245002
13374 17764121
13375 3248349.6
13376 17823548
13377 1304768
13378 21280.493
13379 234554.57
13380 426771.53
13381 143729.46
13382 217116.22
13383 103034.42
13384 24457.956
13385 53352.174
13386 52427.075
13387 68603.934
13388 21439.956
13389 23841.914
13390 11084864
13391 32348694
13392 47500800
13393 43107253
13394 8834827.4
13395 35554225
13396 41223318
13397 16156097
13398 27240207
13399 27286181
13400 9643715
13401 19627481
13402 15034167
13403 133805.13
13404 583865.45
13405 518547.09
13406 408661.81
13407 137703.85
13408 279211.2
13409 260055.24
13410 13355.498
13411 41938.57
13412 74931.265
13413 89369.914
13414 29229.319
13415 56831.896
13416 10514800
13417 36341752
13418 25037361
13419 8818239.3
13420 13775030
13421 5733417.4
13422 29760604
13423 2317569.5
13424 20377420
13425 3678990
13426 70946.727
13427 540293.94
13428 357087.78
13429 150644.38
13430 101201.78
13431 7249148.1
13432 18292605
13433 9667973.6
13434 11791856
13435 115586.36
13436 337623.61
13437 161857.23
13438 67698.58
13439 68040.962
13440 50515.931
13441 38741.993
13442 15859.183
13443 10259.554
13444 10133186
13445 11317007
13446 5329164.2
13447 7811441.1
13448 30190574
13449 29522030
13450 1797135.2
13451 35852249
13452 38956708
13453 24433260
13454 15005967
13455 28510800
13456 44102588
13457 36623434
13458 16189142
13459 34601751
13460 39137661
13461 16666352
13462 23247535
13463 13905473
13464 29104.217
13465 532772.07
13466 940679.99
13467 391874.36
13468 264371.61
13469 80238.337
13470 87290.986
13471 102766.22
13472 17363.387
13473 611633.26
13474 14167372
13475 20934288
13476 9316150.8
13477 8841652.6
13478 105276.75
13479 75677.597
13480 21159272
13481 13337664
13482 1418318.9
13483 23783.235
13484 63511.966
13485 77831.58
13486 81714.777
13487 8456405.4
13488 24621826
13489 24321471
13490 45196796
13491 41158565
13492 27109716
13493 34100242
13494 15735026
13495 25384490
13496 17491429
13497 89250.689
13498 741349.75
13499 849831.83
13500 414877.28
13501 1207062.8
13502 3220712.2
13503 18832176
13504 8246261.2
13505 19937947
13506 22060235
13507 8367276.2
13508 14517015
13509 9149405.9
13510 30678698
13511 2868182.2
13512 17638822
13513 911970.95
13514 22122.668
13515 432054.62
13516 38101.192
13517 154240.58
13518 135659.52
13519 23507.745
13520 119127.9
13521 76161.775
13522 189013.93
13523 116685.48
13524 26989.18
13525 47751.099
13526 55482.856
13527 67690.695
13528 233127.92
13529 19490.12
13530 25558.249
13531 130745.35
13532 251504.24
13533 83155.097
13534 68221.57
13535 157667.36
13536 415754.94
13537 8228393.1
13538 14419546
13539 9444699.7
13540 7183687
13541 24928333
13542 21931150
13543 30085894
13544 32445050
13545 39330900
13546 38763886
13547 36200341
13548 43615227
13549 38050171
13550 15282217
13551 28046745
13552 8321706.3
13553 105796.02
13554 362503.12
13555 579296.51
13556 753739.32
13557 5820817.2
13558 21376704
13559 10444181
13560 16223146
13561 258872.86
13562 477992.6
13563 574671.36
13564 807654.57
13565 1070771.4
13566 6246503.8
13567 11008359
13568 11573013
13569 11965280
13570 12328315
13571 12673463
13572 8823584
13573 15864668
13574 24417119
13575 7378741.6
13576 13101775
13577 1400628.8
13578 30074278
13579 5357190.6
13580 18561338
13581 16915769
13582 32189342
13583 8631890
13584 18496173
13585 3585807.2
13586 305185.04
13587 394122.36
13588 112828.03
13589 96938.829
13590 158583.99
13591 142572
13592 23605.849
13593 397985.76
13594 455592.89
13595 212020.96
13596 215324.3
13597 18778003
13598 21443929
13599 43383322
13600 41210577
13601 21579332
13602 10217530
13603 18347740
13604 28668914
13605 9250907.5
13606 14542036
13607 28044838
13608 18859923
13609 16191998
13610 10455266
13611 32701816
13612 5267197.3
13613 22487900
13614 20841808
13615 18440540
13616 10312033
13617 14347530
13618 77206.117
13619 47406.027
13620 191661.58
13621 231643.14
13622 227811.96
13623 160092.35
13624 17336.906
13625 37619.266
13626 71417.308
13627 43572.472
13628 34146.277
13629 90515.329
13630 215179.25
13631 15189632
13632 13939128
13633 4086005.7
13634 178038.73
13635 86722.377
13636 33558.793
13637 21776.335
13638 38033.79
13639 35243.542
13640 27591.065
13641 62915.005
13642 59930.745
13643 63715.191
13644 73828.796
13645 52869.57
13646 53147.421
13647 41534.977
13648 15414.187
13649 2218344.1
13650 22154311
13651 5416422.9
13652 17474754
13653 2520039.1
13654 73333.308
13655 91227.023
13656 188686.84
13657 331219.04
13658 163327.61
13659 418589.9
13660 18707723
13661 21316711
13662 11392217
13663 11534997
13664 208777.16
13665 456707.68
13666 125650.88
13667 758583.9
13668 1099088.1
13669 503190.97
13670 200253.36
13671 2205184.7
13672 20675596
13673 8110728.3
13674 8716205.9
13675 281677.31
13676 233820.81
13677 14116.55
13678 13804.555
13679 43278.041
13680 25361.112
13681 10884.456
13682 21272.306
13683 22224.052
13684 18871.897
13685 323673.01
13686 238711.01
13687 165073.11
13688 284316.37
13689 213006.54
13690 26638.196
13691 57208.436
13692 34444.144
13693 31312.993
13694 37464.072
13695 28704.532
13696 22523.165
13697 28881.289
13698 63618.455
13699 126452
13700 15481.177
13701 4863743
13702 26235735
13703 7512588.9
13704 14655576
13705 5631705.7
13706 151215.08
13707 419280.38
13708 230648.14
13709 5631158.4
13710 32160757
13711 23665980
13712 35574609
13713 36200341
13714 796082.37
13715 27189584
13716 26348586
13717 35122210
13718 9290640.6
13719 22097780
13720 25105678
13721 41235998
13722 8473990.7
13723 19136670
13724 123098.34
13725 17825070
13726 35076695
13727 5352653.6
13728 16884652
13729 1471952
13730 32828369
13731 16887168
13732 11648096
13733 16378975
13734 33559798
13735 10870164
13736 17757758
13737 4102409.3
13738 31438292
13739 30729862
13740 5157645.7
13741 36027549
13742 45009959
13743 12561259
13744 10373337
13745 25310427
13746 20327713
13747 35066299
13748 40147121
13749 44116774
13750 30517437
13751 33820273
13752 43034042
13753 36770252
13754 12949051
13755 26644141
13756 36440958
13757 13591239
13758 16336364
13759 23602765
13760 37298792
13761 39167490
13762 1704256.3
13763 35032392
13764 35128697
13765 32890441
13766 21695902
13767 7481521.6
13768 20729445
13769 34099681
13770 10621826
13771 12012287
13772 27737188
13773 18094906
13774 16315814
13775 581684.23
13776 159461.02
13777 374725.97
13778 325800.43
13779 157675.93
13780 1347345.7
13781 1528481.7
13782 13010811
13783 12702199
13784 3121752.8
13785 484407.31
13786 11891760
13787 20791780
13788 9263582.8
13789 1050174
13790 1532777
13791 500350.63
13792 93798.571
13793 69256.838
13794 21476.588
13795 29889.382
13796 35679.01
13797 29795.654
13798 37335.298
13799 48220.735
13800 39325.094
13801 35712.789
13802 32312.47
13803 911099.02
13804 9726503.4
13805 20135816
13806 39475647
13807 43542677
13808 39323251
13809 23049782
13810 43342556
13811 41041238
13812 76679.325
13813 31343001
13814 19657810
13815 42548689
13816 4194937.6
13817 27353066
13818 18310619
13819 42891536
13820 6513904.2
13821 18543061
13822 727001.76
13823 172194.69
13824 641393.92
13825 2092553.5
13826 24016017
13827 22931517
13828 38985061
13829 31364812
13830 29653448
13831 4512385.1
13832 32730261
13833 35440698
13834 21963731
13835 26910088
13836 32075983
13837 45351552
13838 7849330.8
13839 32944490
13840 35259043
13841 17822809
13842 15769568
13843 25509594
13844 31144661
13845 15707037
13846 19072310
13847 20304721
13848 880820.28
13849 32180567
13850 19974009
13851 22962635
13852 23381421
13853 15836777
13854 4245991.5
13855 8526796.2
13856 24857332
13857 12211559
13858 16403893
13859 16502189
13860 32457802
13861 39054423
13862 42839963
13863 12842367
13864 31762527
13865 41738625
13866 32021456
13867 8776408.6
13868 48317187
13869 33203940
13870 14745935
13871 32770337
13872 24927774
13873 36299363
13874 7473880.2
13875 34170227
13876 13198612
13877 37533084
13878 6398633
13879 32971313
13880 2285427.9
13881 59.865733
13882 493685.04
13883 1360189.8
13884 24844821
13885 24068179
13886 31936778
13887 35024492
13888 18872589
13889 7353848.2
13890 35712502
13891 34805152
13892 29354402
13893 23210590
13894 44646811
13895 10740871
13896 35083182
13897 33979228
13898 43966596
13899 32888104
13900 7998119.1
13901 23539354
13902 35245261
13903 37554351
13904 13389779
13905 22687595
13906 4257531.1
13907 68426.482
13908 602981.16
13909 666831.64
13910 246924.24
13911 25220.311
13912 4268119.3
13913 14332561
13914 41747870
13915 2878042.9
13916 24454300
13917 38644783
13918 34666426
13919 1595474.7
13920 39657518
13921 22526713
13922 27057817
13923 5946663.8
13924 22126202
13925 8087079.9
13926 7873573.3
13927 342461.92
13928 323190.47
13929 451787.19
13930 55384.894
13931 520682.02
13932 12488915
13933 16901966
13934 14097467
13935 14936742
13936 31768983
13937 4873492.5
13938 35141795
13939 19192441
13940 27098340
13941 45705380
13942 38452138
13943 3300557.1
13944 34573370
13945 35281312
13946 16990638
13947 7912500.8
13948 42364985
13949 20900501
13950 21653740
13951 5412580.2
13952 22105011
13953 25062832
13954 20730796
13955 18312379
13956 34570983
13957 22624028
13958 7036406.1
13959 27812580
13960 29218716
13961 35141378
13962 36476328
13963 37506281
13964 6021433.5
13965 40108337
13966 22355266
13967 29874269
13968 24744145
13969 33846831
13970 35047941
13971 15203981
13972 46202578
13973 29526443
13974 26718365
13975 43817199
13976 26870072
13977 20334143
13978 17989658
13979 15080689
13980 457258.39
13981 17280886
13982 42053459
13983 6315783.9
13984 15064136
13985 1612944.9
13986 5109195.7
13987 42401979
13988 1698899.1
13989 16312672
13990 16494862
13991 37922364
13992 23401890
13993 11112696
13994 26540863
13995 13816587
13996 47907778
13997 18718.35
13998 30420788
13999 26200252
14000 39733089
14001 5857107.9
14002 26300531
14003 253475.44
14004 250979.3
14005 606021.09
14006 710136.6
14007 213989.9
14008 3971339.5
14009 15108477
14010 41135084
14011 36784989
14012 37752569
14013 20957442
14014 35199003
14015 26711902
14016 47839532
14017 43857773
14018 3180631.8
14019 15800491
14020 7198975.9
14021 30419498
14022 37548710
14023 9138283.4
14024 13143649
14025 534511.89
14026 129104.92
14027 214558.7
14028 405128.33
14029 427801.05
14030 524491.1
14031 424045.18
14032 110236.62
14033 149089.1
14034 170443.24
14035 71397.271
14036 91263.636
14037 264501.65
14038 97962.335
14039 62819.934
14040 47654.39
14041 20081.109
14042 238084.71
14043 1355842
14044 679694.79
14045 344058.29
14046 17913044
14047 38766578
14048 14137294
14049 6792766.7
14050 13364430
14051 254147.74
14052 51943.053
14053 172317.39
14054 128993.51
14055 48990.999
14056 33791.15
14057 32738.037
14058 12183.123
14059 37011.915
14060 13763.938
14061 26061.149
14062 15978294
14063 28281620
14064 47553326
14065 45996257
14066 3399377.2
14067 37621230
14068 46262053
14069 33305896
14070 28635597
14071 48360348
14072 40148117
14073 14896454
14074 39532609
14075 45797205
14076 7700632.7
14077 29310724
14078 9080796.1
14079 42159404
14080 5685886.6
14081 23902254
14082 6943195.1
14083 54423.65
14084 724902.41
14085 932767.23
14086 8324326.5
14087 26153848
14088 6664277.9
14089 12305134
14090 10318802
14091 38781644
14092 1145495.2
14093 14244871
14094 899254.72
14095 56760.956
14096 137626.53
14097 40458.861
14098 27351.338
14099 42965.764
14100 544259.61
14101 7346921.7
14102 7202876.3
14103 2069213
14104 7411218.9
14105 35762968
14106 19469555
14107 4692739.8
14108 25939498
14109 30576851
14110 2112538.1
14111 22843046
14112 1397923.3
14113 159431.91
14114 506261.07
14115 478620.86
14116 259472.97
14117 1218205.9
14118 16983601
14119 37397371
14120 42676147
14121 41878882
14122 34349919
14123 46530335
14124 33658581
14125 11897194
14126 25808715
14127 43805867
14128 2021059.5
14129 22417403
14130 12915636
14131 46434877
14132 647759.42
14133 20061832
14134 12970146
14135 43646970
14136 1882021.8
14137 17216657
14138 11946553
14139 19435.461
14140 487514.09
14141 598384.61
14142 326201.35
14143 123740.31
14144 76463.646
14145 21226.683
14146 3766.0866
14147 2843.6077
14148 5164.2894
14149 7736.0037
14150 4475.9744
14151 6566.0087
14152 9048979.5
14153 25835389
14154 35957090
14155 27818658
14156 46245904
14157 39967280
14158 10615971
14159 39735320
14160 32124527
14161 6850434.8
14162 31078077
14163 2481493.1
14164 289210.12
14165 843837.38
14166 989712.91
14167 506052.04
14168 376674.75
14169 186296.84
14170 16984667
14171 35655429
14172 5617586.1
14173 35808722
14174 41765998
14175 22746775
14176 28826893
14177 40592091
14178 30009462
14179 8630583.1
14180 12726892
14181 24980113
14182 23829506
14183 19046986
14184 19760477
14185 36707212
14186 3868741
14187 32772116
14188 37672615
14189 1258174
14190 23230041
14191 23922997
14192 7204947.6
14193 13133407
14194 7597160.6
14195 29846429
14196 25071205
14197 6789818.3
14198 20924108
14199 29321257
14200 8237570.2
14201 12107789
14202 11924121
14203 32923829
14204 25647072
14205 5620963.4
14206 11671637
14207 17324455
14208 2930677
14209 2940455.3
14210 32143385
14211 35164875
14212 0
14213 13755474
14214 36829177
14215 2344317
14216 63731.29
14217 834784.4
14218 1089054
14219 861640.18
14220 426338.64
14221 466230.2
14222 353211
14223 208992.95
14224 139961.71
14225 48022.028
14226 154258.72
14227 122824.62
14228 106635.53
14229 100486.02
14230 32614.116
14231 22398.53
14232 81385.467
14233 315576.43
14234 972796.55
14235 517795.17
14236 397578.23
14237 73402.13
14238 303773.33
14239 469799.56
14240 149298.36
14241 332131.54
14242 213568.74
14243 877088.06
14244 445756.94
14245 148459.67
14246 118365.93
14247 111664.01
14248 169878.81
14249 206310.77
14250 59730.219
14251 236423.13
14252 181905.84
14253 85223.455
14254 92518.36
14255 87089.5
14256 206148.66
14257 243587.91
14258 207924.56
14259 472840.79
14260 627569.93
14261 300931.35
14262 44243.215
14263 308998.05
14264 396268
14265 332212.86
14266 930211.57
14267 399677.82
14268 229952.05
14269 121063.16
14270 102938.97
14271 298047.84
14272 990190.54
14273 1177678.4
14274 855610.52
14275 499042.91
14276 209392.75
14277 576999.31
14278 592130.81
14279 141516.79
14280 88348.032
14281 221533.73
14282 275626.66
14283 170787.17
14284 100211.38
14285 172730.46
14286 411190.23
14287 313817.94
14288 92456.992
14289 118812.18
14290 256136.73
14291 200803.31
14292 75730.525
14293 96863.105
14294 103224.66
14295 146233.89
14296 72842.288
14297 144957.78
14298 444137.8
14299 384386.65
14300 273818.45
14301 231260.45
14302 285626.09
14303 153780.14
14304 68424.801
14305 102853.61
14306 98619.434
14307 119830.86
14308 77568.331
14309 64871.488
14310 144413.22
14311 133297.66
14312 39842.978
14313 56245.788
14314 57872.817
14315 48650.41
14316 50402.277
14317 60281.347
14318 46453.118
14319 52416.148
14320 77678.311
14321 57296.006
14322 44274.003
14323 34055.081
14324 31290.525
14325 63430.385
14326 113043.6
14327 438293.89
14328 433279.89
14329 279629.66
14330 592527.48
14331 381788.72
14332 693947.91
14333 636280.11
14334 56866.403
14335 270218.85
14336 518791.95
14337 437813.03
14338 214006.21
14339 202513.54
14340 1147349.8
14341 700482.76
14342 118302.55
14343 127365.51
14344 867166.08
14345 628922.16
14346 136509.38
14347 71660.982
14348 399992.21
14349 328718.08
14350 356864.58
14351 200266.63
14352 524986.55
14353 498780.95
14354 216545.19
14355 112171.38
14356 157861.1
14357 117622.17
14358 166460.4
14359 261657.32
14360 405199.98
14361 406878.02
14362 809608.84
14363 1274494.1
14364 1203197.9
14365 755346.07
14366 84768.722
14367 178438.82
14368 181034.56
14369 80131.092
14370 569496.66
14371 482851.28
14372 230942.56
14373 138264.76
14374 103027.91
14375 124486.26
14376 168288.4
14377 129080.56
14378 61530.782
14379 66394.997
14380 89674.329
14381 91783.108
14382 47220.781
14383 88698.434
14384 53904.367
14385 33481.562
14386 30299.081
14387 33303.739
14388 44222.483
14389 34172.036
14390 96388.693
14391 78274.021
14392 50197.914
14393 37631.474
14394 115506.34
14395 90461.495
14396 128682.91
14397 85402.99
14398 46603.084
14399 63654.898
14400 51545.347
14401 1794163.7
14402 1925891.8
14403 98020.938
14404 200980.04
14405 511725.94
14406 552850.09
14407 20475.031
14408 168442.02
14409 88886.745
14410 57548.275
14411 189188.66
14412 178174.23
14413 119717.29
14414 238503.18
14415 738907.16
14416 1180035
14417 463217.37
14418 57815.414
14419 537939.27
14420 482096.77
14421 41056.429
14422 53676.119
14423 109614.06
14424 97979.072
14425 51739.192
14426 71319.233
14427 171677.73
14428 131713.91
14429 61996.586
14430 120907.92
14431 867148.52
14432 4070022.2
14433 3554821.6
14434 3239421
14435 3075270.4
14436 199300.26
14437 53735.731
14438 107689.55
14439 1979779
14440 2323608.8
14441 2557979.4
14442 3259488.2
14443 304963.93
14444 117129.87
14445 98990.204
14446 144806.76
14447 389059.69
14448 256203.92
14449 153375.07
14450 64520.208
14451 206416.94
14452 122508.18
14453 58374.608
14454 105506.22
14455 1152630.3
14456 2044451.9
14457 601349.07
14458 3191607.3
14459 2507488
14460 707386.05
14461 590971.33
14462 235642.61
14463 316289.19
14464 194249.03
14465 421544.66
14466 365656.87
14467 70918.71
14468 213783.78
14469 324412.2
14470 154610.01
14471 219674.58
14472 185829.38
14473 72909.995
14474 43382.711
14475 299516.4
14476 2239810.5
14477 3714935.2
14478 4722996.6
14479 2642112.4
14480 136949.31
14481 61356.185
14482 39990.35
14483 50343.867
14484 54829.367
14485 28806.29
14486 43288.507
14487 61040.11
14488 55083.519
14489 75663.368
14490 33957.846
14491 52415.859
14492 46512.157
14493 132354.43
14494 43849.719
14495 23990.568
14496 55592.593
14497 102708.5
14498 443721.82
14499 359048.3
14500 49730.57
14501 101754.93
14502 41581.862
14503 93132.097
14504 93463.38
14505 263514.5
14506 314898.43
14507 167638.26
14508 105852.74
14509 191906.42
14510 90714.936
14511 50173.837
14512 34467.414
14513 74938.352
14514 71937.655
14515 46526.028
14516 46954.146
14517 114139.61
14518 101993.81
14519 386458.57
14520 240074.88
14521 50433.625
14522 28118.503
14523 57244.282
14524 134062.29
14525 138420.59
14526 242056.65
14527 704717.48
14528 519941.01
14529 68276.747
14530 140065.26
14531 136308.99
14532 128421.63
14533 78012.228
14534 94733.894
14535 140496
14536 148513.45
14537 96429.481
14538 126749.41
14539 193298.43
14540 118382.93
14541 71585.998
14542 306410.27
14543 325684.51
14544 1168821.8
14545 1760311.9
14546 875707.71
14547 201980.88
14548 239948.6
14549 173220.92
14550 214286.73
14551 50676.676
14552 142102.05
14553 102117.68
14554 94250.269
14555 72176.963
14556 112867
14557 66802.262
14558 125512.63
14559 196917.26
14560 252677.59
14561 379592.56
14562 303581.99
14563 782570.83
14564 732258.69
14565 94456.989
14566 53953.824
14567 48340.866
14568 52625.895
14569 44078.121
14570 53618.565
14571 88283.733
14572 124288.24
14573 116001.71
14574 111558.81
14575 69487.67
14576 39264.03
14577 100396.59
14578 91400.759
14579 48427.369
14580 148513.58
14581 178930.45
14582 51150.208
14583 51247.723
14584 210576.17
14585 1391580.7
14586 1331331.8
14587 214054.63
14588 214960.59
14589 212810.38
14590 153744.62
14591 135493.5
14592 88600.98
14593 154411.94
14594 133094.3
14595 71018.518
14596 121066.63
14597 192524.89
14598 203448.92
14599 236715.81
14600 231931.64
14601 165893.57
14602 65691.179
14603 60467.055
14604 123436.39
14605 159576.9
14606 140292.72
14607 249072.3
14608 332679.76
14609 160281.48
14610 289473.9
14611 271917.16
14612 182789.8
14613 82356.743
14614 102429.28
14615 149507.9
14616 112800.57
14617 116823.22
14618 133913.94
14619 170512.88
14620 215688.26
14621 252026.19
14622 380384.4
14623 408765.1
14624 600493.63
14625 632875.08
14626 291259.34
14627 106977.61
14628 77012.057
14629 277221.63
14630 363721.61
14631 286742.81
14632 286639.81
14633 467989.78
14634 172942.83
14635 94175.942
14636 173167.24
14637 107072.59
14638 117069.27
14639 244597.33
14640 523767.31
14641 268965.76
14642 128001.32
14643 293349.23
14644 988138.84
14645 1037732.4
14646 368826.04
14647 175002.3
14648 264917.06
14649 122590.18
14650 320448.14
14651 312162.91
14652 280095.39
14653 305177.38
14654 142273.17
14655 113367.29
14656 66368.179
14657 129680.52
14658 244642.64
14659 197321.83
14660 81365.472
14661 115851.21
14662 248568.11
14663 274614.53
14664 214514.8
14665 128010.91
14666 183625.08
14667 134251.41
14668 88981.905
14669 450679.33
14670 1037680.4
14671 293766.69
14672 48786.262
14673 88562.022
14674 147423.93
14675 249681.25
14676 61435.284
14677 99692.935
14678 71548.235
14679 80467.639
14680 197759.38
14681 154644.14
14682 50747.426
14683 148546.36
14684 282022.07
14685 54081.645
14686 169082.9
14687 248180.76
14688 258182.76
14689 140343.74
14690 38649.224
14691 141052.33
14692 78693.002
14693 119994.55
14694 140621.15
14695 390854.88
14696 156381.09
14697 99563.049
14698 148658.23
14699 397035.79
14700 169315.7
14701 101667.76
14702 265695.97
14703 292200.03
14704 701618.91
14705 572938.9
14706 155444.44
14707 114978.62
14708 135599.19
14709 266643.26
14710 145731.51
14711 131880.12
14712 420210.66
14713 255151.52
14714 101276.44
14715 264766
14716 484076.77
14717 84881.04
14718 48021.485
14719 211082.07
14720 428565.07
14721 139616.52
14722 69947.311
14723 145578.47
14724 406103.89
14725 400059.96
14726 485563.68
14727 262777.64
14728 115115.51
14729 61720.12
14730 65607.393
14731 121281.19
14732 106866.23
14733 237520.22
14734 225375.45
14735 212384.7
14736 151966.94
14737 28492.841
14738 102538.45
14739 108607.12
14740 139787.13
14741 124831.44
14742 49305.773
14743 77643.175
14744 106141.67
14745 117713.36
14746 31262.429
14747 150621.27
14748 124537.35
14749 189414.92
14750 38949.337
14751 92339.597
14752 55486
14753 135273.89
14754 78253.72
14755 55917.119
14756 234548.98
14757 231492
14758 121183.21
14759 77202.012
14760 82781.11
14761 175546.01
14762 73555.846
14763 72409.105
14764 171560.01
14765 150751.86
14766 50371.623
14767 102284.11
14768 159517.47
14769 208016.17
14770 117861.65
14771 103178.29
14772 119693.42
14773 54033.858
14774 103001.29
14775 138182.42
14776 196520.19
14777 208365.88
14778 214344.36
14779 139034.46
14780 197044.47
14781 92566.654
14782 143215.65
14783 117058.34
14784 169374.43
14785 405261.4
14786 652186.87
14787 450592.55
14788 111555.94
14789 104348.45
14790 70835.936
14791 51969.892
14792 176784.96
14793 414370.96
14794 382545.53
14795 131773.93
14796 117058.85
14797 69101.44
14798 61318.979
14799 54800.066
14800 162474.73
14801 356929.38
14802 136390.02
14803 130260.65
14804 73703.781
14805 178013.5
14806 50600.391
14807 151618.62
14808 209327.69
14809 919310.32
14810 1406287.3
14811 886959
14812 225122.42
14813 836830.94
14814 1268009.2
14815 767040.83
14816 161775.56
14817 244320.99
14818 230910.49
14819 137580.32
14820 83440.793
14821 207690.99
14822 156797.46
14823 222950.59
14824 95292.472
14825 35213.759
14826 78659.293
14827 76492.267
14828 110988.88
14829 121165.45
14830 180987.22
14831 81163.26
14832 118041.49
14833 59704.259
14834 238571.9
14835 53821.2
14836 93407.457
14837 53565.795
14838 112237.83
14839 71379.542
14840 63417.275
14841 168541.15
14842 86532.853
14843 1737238.2
14844 1893245.1
14845 209596.93
14846 245587.3
14847 132035.89
14848 234749.5
14849 174446.52
14850 65285.475
14851 90977.808
14852 98927.852
14853 44282.559
14854 82607.233
14855 195420.32
14856 374753.74
14857 221399.61
14858 299654.23
14859 333253.72
14860 223962.15
14861 322266.71
14862 356248.94
14863 244922.14
14864 196444.7
14865 30100.66
14866 50023.871
14867 52716.672
14868 43089.772
14869 122827.49
14870 154072.96
14871 134543.12
14872 76455.669
14873 117623.37
14874 197442.9
14875 69259.101
14876 97467.155
14877 163298.84
14878 136871.72
14879 61079.35
14880 93895.065
14881 180791.66
14882 108542.58
14883 256978.46
14884 160717.95
14885 62731.726
14886 106248.48
14887 151205.12
14888 160757.18
14889 127631.67
14890 331353.93
14891 166539.53
14892 154813.7
14893 133174.64
14894 106824.79
14895 207052.05
14896 87317.969
14897 304686.31
14898 149930.58
14899 181569.66
14900 66993.186
14901 392805.6
14902 280915.38
14903 301854.89
14904 558652.74
14905 498837.7
14906 330115.09
14907 138452.47
14908 81075.221
14909 50105.413
14910 45109.381
14911 122267.64
14912 165146.03
14913 161920.05
14914 84732.153
14915 110830.68
14916 166338.73
14917 128948.63
14918 60122.035
14919 123036.2
14920 202601.29
14921 152908.28
14922 54545.248
14923 100607.81
14924 117199.7
14925 339540.86
14926 133529.05
14927 202039.17
14928 2087408.9
14929 2420356.1
14930 765106.42
14931 529687.86
14932 339568.03
14933 338679.1
14934 76892.023
14935 288058.29
14936 310984.09
14937 147981.89
14938 212733.88
14939 515736.38
14940 297107.15
14941 100145.44
14942 94712.477
14943 96861.116
14944 69507.845
14945 118695.43
14946 216308.43
14947 85733.208
14948 124656.76
14949 51727.191
14950 165139.19
14951 180603.93
14952 129331.02
14953 43175.058
14954 95702.921
14955 136622.86
14956 711424.76
14957 368910.58
14958 442456.43
14959 496240.98
14960 402612.15
14961 457426.35
14962 210068.58
14963 163752.57
14964 68132.461
14965 210987.05
14966 115270.18
14967 247771.57
14968 109346.14
14969 88981.376
14970 47646.644
14971 182857.27
14972 51489.188
14973 60193.89
14974 126358.9
14975 171718.15
14976 43311.413
14977 238532.74
14978 257796.38
14979 129493.7
14980 83283.798
14981 105061.98
14982 90267.716
14983 179092.69
14984 52621.909
14985 92798.449
14986 123078.68
14987 232098.08
14988 75189.626
14989 217586.52
14990 254540.76
14991 162127.81
14992 38560.468
14993 158624.73
14994 157597.3
14995 222614.58
14996 130026.2
14997 283990.91
14998 218361.91
14999 222222.94
15000 109035.02
15001 146131.77
15002 281403.64
15003 164763.74
15004 82180.771
15005 200364.46
15006 262866.22
15007 148400.04
15008 172962.75
15009 114913.23
15010 278978.19
15011 49743.095
15012 233456.35
15013 295885.71
15014 220442.06
15015 42426.88
15016 163461.99
15017 80271.496
15018 172039.56
15019 80073.165
15020 210179.05
15021 158612.23
15022 182471.71
15023 59177.584
15024 176162.78
15025 175695.67
15026 112365.36
15027 109107.65
15028 135115.4
15029 211293.52
15030 107090.7
15031 208057.28
15032 110674.44
15033 218763.63
15034 116244.24
15035 184445.84
15036 161446.09
15037 123712.48
15038 121103.46
15039 95722.185
15040 169652.57
15041 30608.293
15042 199924.54
15043 99868.362
15044 71416.897
15045 236245.99
15046 201578.97
15047 197792.74
15048 263320.6
15049 740482.08
15050 1690912.8
15051 1936352.5
15052 1213287.1
15053 313435.7
15054 271482.14
15055 334306.44
15056 191738.87
15057 71054.219
15058 180472.7
15059 191913.48
15060 70357.646
15061 387924.31
15062 449027.76
15063 594911.77
15064 582413.38
15065 540021.54
15066 1020230.1
15067 796922.43
15068 576711.01
15069 739370.79
15070 1347343.6
15071 489158.78
15072 98674.408
15073 164483.73
15074 198644.18
15075 776614.84
15076 926139.75
15077 420362.69
15078 53379.975
15079 175958.41
15080 139054.69
15081 451121.33
15082 264185.89
15083 409169.94
15084 456383.26
15085 211715.56
15086 59810.056
15087 58798.452
15088 87674.67
15089 68152.512
15090 46831.713
15091 39760.415
15092 70700.767
15093 89838.608
15094 45926.297
15095 89753.976
15096 52985.021
15097 97575.591
15098 185286.64
15099 113489.57
15100 110816.42
15101 149051.89
15102 466385.16
15103 1021634.2
15104 668738.22
15105 279749.77
15106 335612.69
15107 141200.61
15108 206139.54
15109 139486.5
15110 292072.35
15111 282688.95
15112 241759.49
15113 238284.96
15114 103530.07
15115 200786.45
15116 78372.571
15117 154611.24
15118 106790.88
15119 144850.79
15120 59895.734
15121 108887.23
15122 159139.82
15123 137136.32
15124 275299.13
15125 171640.84
15126 168315.65
15127 53648.067
15128 329744.55
15129 258054.55
15130 208095.5
15131 773394.16
15132 613629.97
15133 276983.25
15134 192876.27
15135 100312.25
15136 129588.37
15137 185788.96
15138 1219096.9
15139 716679.11
15140 94521.649
15141 359414.33
15142 400290.08
15143 324625.45
15144 37515.224
15145 222501.34
15146 224420.52
15147 57357.142
15148 18155.766
15149 133462.45
15150 250027.71
15151 89703.379
15152 30649.583
15153 156763.05
15154 232070.44
15155 176575.72
15156 80966.898
15157 266280.37
15158 309999.86
15159 150916.81
15160 203038.24
15161 409353.63
15162 394423.27
15163 129586.24
15164 432866.8
15165 820553.7
15166 599027.78
15167 444313.78
15168 1536093.8
15169 1965555.1
15170 1319552
15171 85540.092
15172 97123.165
15173 104383.27
15174 125153.15
15175 243918.95
15176 223830.65
15177 64248.566
15178 75266.088
15179 30523.356
15180 168395.36
15181 98002.201
15182 110678.26
15183 115096.34
15184 135416.9
15185 55873.394
15186 106051.55
15187 186870.42
15188 73309.191
15189 96577.833
15190 144202.8
15191 167848.39
15192 64946.326
15193 78883.084
15194 84404.639
15195 118776.64
15196 69583.585
15197 150360.93
15198 494308.76
15199 567850.27
15200 188366.06
15201 260954.5
15202 210825.9
15203 79140.158
15204 39114.68
15205 913158.66
15206 1128899.4
15207 152573.95
15208 322524.51
15209 316350.59
15210 143550.09
15211 89955.448
15212 74616.97
15213 103137
15214 101576.38
15215 171861.28
15216 188366
15217 229535.61
15218 71335.177
15219 80223.554
15220 166132.94
15221 165915.53
15222 56719.645
15223 107627.88
15224 153197.02
15225 61667.557
15226 152454.92
15227 82765.186
15228 234309.07
15229 159050.07
15230 149260.64
15231 152655
15232 81083.05
15233 311256.15
15234 1494448.3
15235 1069994.9
15236 205334.85
15237 263372.31
15238 1070086.8
15239 873336.98
15240 198949.41
15241 251834.2
15242 599748.6
15243 835043.28
15244 179094.66
15245 705432.42
15246 426591.42
15247 451826.86
15248 393373.76
15249 403470.31
15250 558078.64
15251 112908.05
15252 704036.35
15253 442182.33
15254 525490.33
15255 926672.57
15256 734842.08
15257 698487.98
15258 187359.86
15259 706260.56
15260 397357.53
15261 208454.34
15262 204175.83
15263 1292848
15264 806673.74
15265 89217.962
15266 90650.419
15267 891231.67
15268 758978.5
15269 311921.29
15270 302358.44
15271 272780.97
15272 322880.85
15273 749246.44
15274 544491.82
15275 390163.29
15276 492735.35
15277 192013
15278 167948.63
15279 168627.7
15280 87110.277
15281 139165.48
15282 82790.904
15283 150053.43
15284 57863.991
15285 268127.09
15286 214270.85
15287 38097.402
15288 24631.766
15289 166946.27
15290 451186.2
15291 491993.86
15292 107780.88
15293 1155075.3
15294 2833191.6
15295 1573049.2
15296 33528.12
15297 61664.452
15298 257798.99
15299 193895.19
15300 88434.618
15301 68715.582
15302 203407.55
15303 214236.75
15304 226521.55
15305 311227.8
15306 411831.7
15307 256344.95
15308 167138.54
15309 889144.61
15310 1225870.1
15311 482065.65
15312 758584.14
15313 3146187.9
15314 2218707.3
15315 787548.13
15316 2161918.2
15317 2735699.8
15318 1417688.4
15319 986599.98
15320 2554309.4
15321 2395194.4
15322 527937.66
15323 428634.38
15324 2209828.7
15325 2142631.1
15326 161283.9
15327 2464375.3
15328 3176666
15329 969615.74
15330 317897.92
15331 1309138.8
15332 2319449.4
15333 1054402.1
15334 145147.31
15335 1100532.4
15336 4052474.5
15337 2017253.1
15338 114619.38
15339 1277535.2
15340 1997981.4
15341 541729.15
15342 184620.73
15343 151021.09
15344 88991.017
15345 36541.445
15346 135604.87
15347 225813.49
15348 357024.44
15349 462988.95
15350 2002011.4
15351 1896490.3
15352 73682.927
15353 619795.03
15354 2689647.7
15355 1696512.8
15356 84347.162
15357 2373198.5
15358 3598020.6
15359 758472.41
15360 724102.54
15361 3543539.4
15362 2758590.6
15363 502437.4
15364 272857.95
15365 635338.29
15366 546133.45
15367 73386.556
15368 653234.88
15369 1197194.7
15370 576358.63
15371 178289.38
15372 256686.39
15373 221554.49
15374 121381.19
15375 957320.33
15376 2367343.4
15377 1251308.6
15378 1066892.6
15379 3384574.1
15380 1968495.6
15381 146916.4
15382 707232.64
15383 769357.39
15384 220924.39
15385 867707.3
15386 2926848.8
15387 2392540.4
15388 678482.38
15389 522378.78
15390 1657468
15391 1445814.5
15392 341122.97
15393 1443636
15394 1277041.7
15395 176127.51
15396 950468.49
15397 3208400.7
15398 1880744
15399 120582.63
15400 776052.33
15401 2451094.5
15402 1249791
15403 211006.87
15404 2464743.4
15405 2491868.5
15406 162128.2
15407 357693.56
15408 424354.24
15409 80835.123
15410 224833.58
15411 695897.97
15412 534657.97
15413 501658.76
15414 890819.83
15415 1672435.2
15416 1295220.6
15417 183949.85
15418 938169.46
15419 2934119.6
15420 1605641.5
15421 107655.16
15422 1112759.8
15423 3101446.1
15424 1454537.1
15425 97275.876
15426 1415811.7
15427 2178990.4
15428 626679.15
15429 907135.1
15430 3061009.3
15431 2064811.4
15432 157347.91
15433 1166841.7
15434 2911422.4
15435 1424751.7
15436 380651.3
15437 2498901.8
15438 2529796
15439 287521.84
15440 1700134.8
15441 4049038.8
15442 2109431.3
15443 106640.42
15444 942093.39
15445 2245418.1
15446 1129045.2
15447 421931.5
15448 743434.48
15449 522428.88
15450 252684.05
15451 675222.09
15452 1479631
15453 1387417.1
15454 907600.33
15455 1601983.5
15456 2809145.4
15457 1724878.3
15458 725737.04
15459 3820785.4
15460 3904724
15461 776917.85
15462 402107.98
15463 3266402.9
15464 3088886.4
15465 378119.9
15466 1206039.5
15467 4001171.4
15468 2288471.5
15469 620673.68
15470 219616.15
15471 1484552
15472 1536185.9
15473 377659.33
15474 945735.45
15475 2369134.7
15476 1731017
15477 863761.87
15478 3465633.9
15479 2349736.5
15480 311866.09
15481 167745.47
15482 563700.03
15483 1250285.1
15484 885124.64
15485 271263.68
15486 308532.86
15487 741110.88
15488 893481.19
15489 316603.36
15490 1419968.7
15491 1182142.8
15492 118126.87
15493 86606.245
15494 52273.161
15495 54243.142
15496 67666.826
15497 53978.555
15498 53518.627
15499 36174.614
15500 51304.665
15501 69683.041
15502 59922.592
15503 81758.347
15504 52267.876
15505 66376.15
15506 40203.772
15507 37257.57
15508 49895.787
15509 34563.598
15510 58431.838
15511 58386.526
15512 30690.223
15513 23426.153
15514 27859.697
15515 38874.505
15516 31235.785
15517 31834.997
15518 66323.615
15519 51243.66
15520 40527.534
15521 54637.083
15522 39282.494
15523 58348.389
15524 61138.748
15525 296320.24
15526 626041.98
15527 229493.75
15528 66362.376
15529 352999.51
15530 529078.41
15531 336726
15532 73892.359
15533 643837.48
15534 493858.1
15535 61371.879
15536 240047.77
15537 227907.41
15538 172264.1
15539 150178.58
15540 642470.04
15541 836653.56
15542 1391939.6
15543 703872.44
15544 171145.53
15545 72107.057
15546 67637.374
15547 1928467.4
15548 5668282.5
15549 3286079.5
15550 218670.01
15551 196796.23
15552 60620.719
15553 94813.128
15554 96527.608
15555 90864.068
15556 37107.365
15557 39334.161
15558 49266.724
15559 78651.933
15560 93092.526
15561 55908.699
15562 52209.199
15563 63404.972
15564 65066.623
15565 69477.374
15566 183093.86
15567 416541.4
15568 324187.5
15569 68324.068
15570 16877.778
15571 47872.344
15572 38702.581
15573 64048.181
15574 80840.59
15575 62090.209
15576 93996.775
15577 196385.67
15578 228717.41
15579 247258.46
15580 252804.91
15581 147884.16
15582 140059.84
15583 92654.473
15584 69530.683
15585 129953.83
15586 52875.126
15587 42945.29
15588 38222.322
15589 50419.641
15590 66312.509
15591 84989.422
15592 103641.53
15593 130207.95
15594 104713.09
15595 76280.781
15596 240565.57
15597 150119.62
15598 45423.432
15599 133870.68
15600 554999.34
15601 527873.08
15602 88669.896
15603 68262.294
15604 33338.143
15605 49495.439
15606 65741.245
15607 57552.431
15608 127692.13
15609 91357.613
15610 131629.91
15611 60861.117
15612 66484.511
15613 114248.53
15614 55888.122
15615 65314.146
15616 64992.163
15617 97799.772
15618 219555.83
15619 748269.73
15620 636266.74
15621 168908.86
15622 141081.74
15623 55398.33
15624 82602.622
15625 36101.031
15626 90473.745
15627 378305.43
15628 281787.15
15629 132646.63
15630 58665.958
15631 275589.42
15632 215496.64
15633 54608.633
15634 45259.895
15635 123526.75
15636 199561.25
15637 162675.98
15638 327252.01
15639 328274.78
15640 109364.22
15641 661045.89
15642 1886729
15643 740486.28
15644 57883.028
15645 90494.903
15646 86543.825
15647 42314.163
15648 126462.21
15649 163681.31
15650 868066.68
15651 956800.38
15652 360424.71
15653 401294.64
15654 207593.37
15655 20500.573
15656 75394.566
15657 162793.03
15658 150258.21
15659 94876.782
15660 173130.51
15661 216617.39
15662 147549.58
15663 99465.339
15664 65151.853
15665 123012.61
15666 93919.784
15667 171037.1
15668 141018.28
15669 223535.62
15670 363975.36
15671 176906.05
15672 102879.81
15673 102779.9
15674 121169.46
15675 341690.6
15676 376041.41
15677 59711.566
15678 122171.32
15679 111605.69
15680 61812.409
15681 61735.791
15682 110437.94
15683 102094.78
15684 137499.67
15685 166527.71
15686 675485.47
15687 1122740.2
15688 543004.75
15689 79374.976
15690 265075.13
15691 108406.17
15692 113204.8
15693 125416.17
15694 259448.98
15695 327096.05
15696 308656.4
15697 140734.05
15698 251038.5
15699 116550.48
15700 116445.06
15701 164469.89
15702 192878.8
15703 99876.598
15704 88995.418
15705 179663.37
15706 182413.5
15707 94220.018
15708 88079.066
15709 70671.011
15710 68587.719
15711 105553.47
15712 70530.615
15713 103468.56
15714 109466.62
15715 94065.287
15716 80334.824
15717 192768.26
15718 387540.97
15719 365013.33
15720 438152.69
15721 594016.01
15722 488810.6
15723 219440.73
15724 40163.814
15725 80397.293
15726 62099.373
15727 189213.89
15728 355876.73
15729 278700.21
15730 277304.43
15731 422049.11
15732 382290.86
15733 132842.58
15734 84395.621
15735 113676.24
15736 85457.172
15737 180161.73
15738 409934.06
15739 422112.53
15740 146480.69
15741 298279.96
15742 509845.29
15743 343556.1
15744 83195.884
15745 230458.28
15746 386057.82
15747 279148.8
15748 158235.42
15749 385450.34
15750 372648.66
15751 130046.41
15752 142806.14
15753 214859.71
15754 675993.84
15755 598215.63
15756 359273.61
15757 498102.78
15758 352179.32
15759 138032.44
15760 215034.8
15761 426204.32
15762 320997.8
15763 76985.489
15764 172789.32
15765 719273.11
15766 2224535.9
15767 1048287.9
15768 103001.72
15769 469623.17
15770 466601.9
15771 128997.72
15772 319290.78
15773 374002.62
15774 194652.91
15775 118910.44
15776 220294.74
15777 278994.6
15778 158640.18
15779 194908.01
15780 188326.11
15781 68446.999
15782 219912.54
15783 281647.42
15784 214203.14
15785 66900.758
15786 160979.05
15787 241913.78
15788 125822.57
15789 194980.72
15790 289183.99
15791 187886.41
15792 101135.97
15793 284968.09
15794 399129.97
15795 210486.57
15796 163099.27
15797 285215.98
15798 350674.52
15799 259578.44
15800 254221.35
15801 320360.4
15802 300019.06
15803 219301.19
15804 313800.6
15805 388967.61
15806 275748.18
15807 414795.88
15808 430551.27
15809 355958.28
15810 152698.43
15811 203349.85
15812 462701.49
15813 451618.32
15814 119752.02
15815 302258.89
15816 393361.48
15817 74168.002
15818 188684.75
15819 479998.79
15820 832536.58
15821 553545.4
15822 221096.18
15823 352310.69
15824 338590.39
15825 281479.73
15826 372478.54
15827 372426.06
15828 200347.65
15829 210309.74
15830 594714.45
15831 501058.87
15832 302054.96
15833 487697.58
15834 902647.5
15835 696841.77
15836 154470.99
15837 239542.65
15838 439378.53
15839 322754.28
15840 220888.61
15841 601357.66
15842 591621.8
15843 335149.12
15844 334372.72
15845 542464.12
15846 516406.09
15847 174659.73
15848 316117.51
15849 786309.47
15850 729954.15
15851 224641.59
15852 260266.4
15853 691583.23
15854 575389.13
15855 124436.9
15856 566044.61
15857 600455.43
15858 129401.43
15859 288911.68
15860 595437.36
15861 521507.89
15862 205306.26
15863 395571.68
15864 555417.15
15865 304139.21
15866 209879.6
15867 998497.6
15868 926104.23
15869 300581.4
15870 382874.72
15871 587319.29
15872 519152.01
15873 290528.86
15874 456072.51
15875 468341.03
15876 169783.6
15877 197567.39
15878 190460.63
15879 185162.18
15880 72388.863
15881 294508.99
15882 668507.02
15883 662406.32
15884 179304.84
15885 228685.26
15886 234686.04
15887 280656.48
15888 315268.77
15889 452994.88
15890 618409.71
15891 179923.18
15892 212099.06
15893 661157.4
15894 629436.3
15895 241946.25
15896 482153.35
15897 672784.57
15898 359948.47
15899 277638.76
15900 766623.2
15901 768790.26
15902 171467.77
15903 271872.55
15904 2062087.9
15905 2471338.7
15906 624795.13
15907 814453.1
15908 873126.22
15909 135290.93
15910 344795.33
15911 965172.48
15912 801372.08
15913 138841.08
15914 249713.18
15915 1158997.9
15916 902013.94
15917 344097.81
15918 319141.1
15919 76886.123
15920 110150.74
15921 146666.72
15922 476535.11
15923 525885.62
15924 242042.1
15925 985972.69
15926 1060011.5
15927 228656.51
15928 369361.47
15929 721534.9
15930 3761449.6
15931 3073846.8
15932 55095.652
15933 90234.818
15934 935080.79
15935 1004340.6
15936 165524.55
15937 560866.18
15938 742146.67
15939 241940.31
15940 356407.98
15941 1171421
15942 867610.66
15943 119010.56
15944 270534.19
15945 782252.33
15946 604035.49
15947 253454.97
15948 2055638.9
15949 2360723.2
15950 328677.01
15951 677466.59
15952 815288.19
15953 509243.94
15954 171944.39
15955 944737.06
15956 622567.03
15957 158175.61
15958 581171.88
15959 629706.41
15960 250390.24
15961 668029.89
15962 587788.14
15963 210771.63
15964 251036.17
15965 885281.36
15966 617495.15
15967 126653.36
15968 1283296.7
15969 1534085.4
15970 526334.35
15971 436094.13
15972 456325.3
15973 322076.93
15974 196624.95
15975 156186.06
15976 837473.88
15977 853441.81
15978 158387.75
15979 657027.27
15980 590114.42
15981 176068.98
15982 584023.19
15983 1027141.1
15984 1156260
15985 695357.6
15986 636704.9
15987 1564162.3
15988 1630019.3
15989 1106944
15990 315497.23
15991 233603.13
15992 1371248.2
15993 1650899.9
15994 858894.9
15995 2166639.7
15996 1946341.1
15997 479151.75
15998 471810.29
15999 2370680.8
16000 1789635
16001 169115.96
16002 630186.95
16003 726850.62
16004 163017.94
16005 126868.18
16006 1230058.3
16007 1867839.6
16008 768178.93
16009 331174.55
16010 923157.98
16011 1023013.8
16012 125656.49
16013 147799.55
16014 868324.67
16015 978895.49
16016 618493.18
16017 476846.03
16018 577408.21
16019 1089520.2
16020 1582791.1
16021 401037.87
16022 1539322.9
16023 1573087.4
16024 188459.28
16025 831611.62
16026 1366575.6
16027 536089.34
16028 275749.06
16029 888651.41
16030 813278.64
16031 117794.8
16032 179312.94
16033 694359.23
16034 921792.76
16035 1816983.2
16036 1148558
16037 344750.45
16038 232430.55
16039 110374.55
16040 113687.67
16041 467929.85
16042 465186.41
16043 181132.43
16044 239818.8
16045 505976.12
16046 442438.2
16047 157845.55
16048 1828412.4
16049 1783131
16050 155900.68
16051 585346.15
16052 2107212.1
16053 1551571.1
16054 151969.5
16055 557036.51
16056 699614.44
16057 247327.66
16058 104986.15
16059 1091853.4
16060 1366934.2
16061 396072.65
16062 226456.94
16063 647843.07
16064 643827.93
16065 965834.38
16066 2498359.1
16067 1351848.5
16068 750182.93
16069 1098354.7
16070 311926.53
16071 226049.28
16072 356170.2
16073 352040.49
16074 132635.75
16075 981503.4
16076 1843240.6
16077 990354.29
16078 287499.65
16079 2506738.5
16080 3277902.8
16081 839124.48
16082 868584.35
16083 240009.6
16084 92914.442
16085 166320.64
16086 75345.818
16087 60598.263
16088 74749.179
16089 63638.247
16090 72913.641
16091 101713.95
16092 57378.355
16093 19758.754
16094 27859.457
16095 36870.14
16096 28531.233
16097 29918.416
16098 40287.714
16099 30971.836
16100 33779.957
16101 42801.916
16102 94171.696
16103 725938.99
16104 887142.92
16105 578778.48
16106 3391635.7
16107 9548180.6
16108 2471905.1
16109 2441176.5
16110 2869275.5
16111 191964.15
16112 151702.67
16113 40062.62
16114 63497.12
16115 59465.649
16116 470342.69
16117 1747379.8
16118 1343667.6
16119 534128.24
16120 68681.267
16121 53855.335
16122 184156.91
16123 448427.92
16124 167521.93
16125 218736.93
16126 57365.743
16127 58311.929
16128 48100.969
16129 60873.129
16130 78559.703
16131 70602.747
16132 44437.747
16133 35116.588
16134 65930.305
16135 93642.966
16136 94945.272
16137 54368.565
16138 59396.425
16139 67009.501
16140 58016.411
16141 54067.239
16142 80648.391
16143 1388836.6
16144 1805812.6
16145 40914.207
16146 50276.845
16147 37015.685
16148 57186.979
16149 119848.41
16150 103365.54
16151 52145.91
16152 71419.732
16153 70352.158
16154 125049.07
16155 163031.78
16156 176379.04
16157 50075.686
16158 96390.206
16159 81402.772
16160 46904.331
16161 68990.144
16162 92363.604
16163 96948.308
16164 122218.94
16165 48192.218
16166 92126.206
16167 182899.05
16168 170586.61
16169 122839.51
16170 107073.85
16171 191896.38
16172 578055.26
16173 329327.02
16174 236118.1
16175 348761.12
16176 235484.27
16177 1221442.5
16178 640146.68
16179 426239.45
16180 523144.35
16181 713675.43
16182 565115.7
16183 44541.006
16184 510214.26
16185 541830.73
16186 353225.49
16187 348306.88
16188 144846
16189 629288.4
16190 294395.33
16191 518739.23
16192 467085.34
16193 196252.36
16194 366024.26
16195 903772.81
16196 381786.02
16197 427611
16198 650749.47
16199 815185.92
16200 438910.34
16201 262316.94
16202 1259135.8
16203 542533.26
16204 845322
16205 1044827.8
16206 137588.05
16207 1041266.7
16208 1886331.4
16209 1796484.7
16210 456195.25
16211 168408.55
16212 327455.15
16213 97197.62
16214 386914.36
16215 256327.2
16216 352024.17
16217 189815.42
16218 293580.29
16219 215431.05
16220 192169.07
16221 189011.44
16222 152462.19
16223 170063.88
16224 180034.11
16225 471474.98
16226 1948905.5
16227 1342183.4
16228 310642.82
16229 506812.64
16230 250727.15
16231 219600.88
16232 109454.14
16233 173107.03
16234 128145.15
16235 117657.86
16236 48379.946
16237 180341.58
16238 479174.55
16239 764110.49
16240 572523.74
16241 283760.9
16242 1275820.7
16243 645617
16244 659314.5
16245 1176924.3
16246 639265.01
16247 517414.16
16248 358737.61
16249 831132.13
16250 434811.13
16251 668744.77
16252 529263.96
16253 614011.88
16254 1089124.6
16255 429455.6
16256 1246947.5
16257 512821.06
16258 783089.47
16259 1392526
16260 1230875.4
16261 1364017.1
16262 1158122.2
16263 2276793
16264 2004931.3
16265 363356.19
16266 1155628.5
16267 437774.33
16268 837515.82
16269 733546.33
16270 1692946.6
16271 284874.42
16272 649978.15
16273 832801.14
16274 1494312.4
16275 754133.21
16276 371749.76
16277 60234.764
16278 445292.86
16279 910673.64
16280 407457.95
16281 105842.29
16282 123421.77
16283 251764.17
16284 162239.53
16285 184034.54
16286 353571.29
16287 486981.7
16288 755900.54
16289 522999.58
16290 184116.09
16291 88220.308
16292 78065.406
16293 183809.35
16294 73749.036
16295 151557
16296 318351.08
16297 210082.5
16298 123319.5
16299 1179344.9
16300 1204612.2
16301 97329.366
16302 72967.249
16303 272848.16
16304 164698.53
16305 126159.21
16306 87986.017
16307 404803.64
16308 270375.82
16309 389926.9
16310 323684.11
16311 316072.8
16312 212204.44
16313 125768.52
16314 328700.75
16315 123594.14
16316 101589.22
16317 211889.66
16318 256936.77
16319 93924.48
16320 228498.64
16321 1122734.8
16322 1007073.2
16323 266274.99
16324 646306.24
16325 1879009
16326 1658773.8
16327 1293951.2
16328 1228498.6
16329 1326702.6
16330 791619.71
16331 1057252.6
16332 1104960.5
16333 1562357
16334 1253870.8
16335 2400529.6
16336 3488462.5
16337 2312935.3
16338 1722291.4
16339 2211047
16340 2283550.4
16341 984033.27
16342 1671233.1
16343 4166944.4
16344 2698180.6
16345 1948263.4
16346 3627090.9
16347 1671012.5
16348 225827.7
16349 2009255.1
16350 3015538
16351 915027.23
16352 1888241.6
16353 3490114.6
16354 1261279.1
16355 1288349.2
16356 3320785.9
16357 2064752.4
16358 206560.03
16359 1384107.6
16360 3887212.7
16361 1896223.6
16362 1448378.8
16363 1633687.8
16364 461253.39
16365 1309884.3
16366 3028356
16367 1730727.1
16368 352888.88
16369 264110.84
16370 204899.37
16371 192168.98
16372 360385.74
16373 1551184.7
16374 1181473.8
16375 812734.11
16376 935804.24
16377 244773.9
16378 933740.5
16379 2403386.7
16380 1055498.5
16381 83550.529
16382 188859.29
16383 283202.33
16384 246688.63
16385 327140.02
16386 249896.72
16387 1302619.1
16388 1340274.3
16389 1644925.2
16390 3065948.9
16391 1892822.3
16392 1646564.8
16393 1306982
16394 2514929.2
16395 2779225.2
16396 593584.47
16397 88970.84
16398 140004.89
16399 108844.59
16400 159919.02
16401 82218.631
16402 49303.659
16403 77514.315
16404 89419.744
16405 53984.318
16406 59980.595
16407 224029.24
16408 153276.69
16409 98708.905
16410 623403.37
16411 816366.25
16412 152026.72
16413 230314.19
16414 330071.67
16415 112365.26
16416 145338.36
16417 279526.93
16418 156063.39
16419 41338.216
16420 61350.751
16421 130743.07
16422 68579.863
16423 40883.231
16424 131399.02
16425 106837.23
16426 55911.236
16427 107618.34
16428 299137.23
16429 239918.12
16430 465582.83
16431 339282.75
16432 120584.95
16433 168847.88
16434 65071.965
16435 473580.28
16436 570874.56
16437 201379.76
16438 124233.57
16439 82836.398
16440 76598.488
16441 131807.5
16442 93128.521
16443 73883.158
16444 57872.909
16445 40911.48
16446 132514.44
16447 226274.78
16448 164166
16449 63306.106
16450 98899.497
16451 89528.593
16452 317973.4
16453 349629.95
16454 110940.45
16455 64904.99
16456 100075.4
16457 112090.06
16458 41437.125
16459 31307.054
16460 63032.835
16461 1021385.4
16462 1119514.7
16463 161313.75
16464 72791.949
16465 65235.427
16466 57827.067
16467 23703.801
16468 33520.372
16469 63824.23
16470 74321.034
16471 73985.24
16472 45254.553
16473 97583.59
16474 105429.58
16475 35959.092
16476 56766.738
16477 69689.838
16478 87962.709
16479 345776.39
16480 493390.86
16481 187421.11
16482 221863.89
16483 209811.77
16484 233406.67
16485 270888.23
16486 130081.11
16487 72429.619
16488 119045
16489 90665.305
16490 62638.671
16491 86460.908
16492 137635.18
16493 56190.62
16494 122666.55
16495 136279.91
16496 426142.54
16497 2247325.2
16498 1721661.6
16499 180131.53
16500 484211.44
16501 240689.77
16502 138417.7
16503 146790.68
16504 124022.11
16505 125118.69
16506 113504.42
16507 63677.194
16508 57332.108
16509 83160.806
16510 79578.22
16511 223188.81
16512 364159.64
16513 198719.3
16514 184952.28
16515 68920.464
16516 107683.49
16517 71525.934
16518 38938.35
16519 55072.596
16520 37802.733
16521 61433.652
16522 167045.24
16523 214767.44
16524 249487.31
16525 432990.5
16526 174587.73
16527 59079.73
16528 770445.85
16529 672860.1
16530 279714.33
16531 155634.7
16532 1202662.2
16533 883872.04
16534 104448.21
16535 1580081.4
16536 2133514.8
16537 739314.26
16538 620638.1
16539 703451.16
16540 126238.83
16541 85163.968
16542 112187.16
16543 73807.974
16544 227648.83
16545 264294.5
16546 1602558.7
16547 2483169.3
16548 541275.01
16549 212999.26
16550 191743.56
16551 167512.06
16552 250638.05
16553 216866.7
16554 147788.1
16555 136228.23
16556 166114.87
16557 141001.18
16558 193596.51
16559 150858.83
16560 105795.54
16561 125473.94
16562 99717.371
16563 155540.13
16564 162063.74
16565 128368.68
16566 332980.58
16567 495543.65
16568 230316.91
16569 250697.47
16570 210071.47
16571 54135.939
16572 127602.13
16573 435769.86
16574 400171
16575 79650.929
16576 61906.563
16577 155049.04
16578 188405.96
16579 83966.334
16580 105602.2
16581 115536.71
16582 76955.456
16583 106976.66
16584 77308.292
16585 33491.69
16586 66965.882
16587 189422.58
16588 242517.38
16589 89176.251
16590 63736.79
16591 185973.11
16592 160256.9
16593 287896.28
16594 727149.53
16595 523452.15
16596 345893.08
16597 320509.82
16598 318511.62
16599 424449.64
16600 164859.9
16601 47496.741
16602 48497.492
16603 77103.514
16604 161752.66
16605 154760.71
16606 32305.328
16607 47461.661
16608 199966.5
16609 210561.25
16610 73090.36
16611 124593.39
16612 164643.95
16613 60400.621
16614 30272.716
16615 282103.82
16616 470428.22
16617 325292.15
16618 181971.46
16619 185148.37
16620 145826.11
16621 168767.84
16622 160146.78
16623 171045.05
16624 235966.94
16625 195297.91
16626 145534.23
16627 138980.94
16628 37536.302
16629 130046.74
16630 141038.42
16631 110220.49
16632 170646.3
16633 135893.44
16634 70584.391
16635 57564.462
16636 57992.799
16637 389365.95
16638 492481.26
16639 320191.27
16640 276564.78
16641 123156.1
16642 96369.357
16643 173895.48
16644 216698.55
16645 144718.89
16646 132834.89
16647 107874.11
16648 133640.47
16649 151851.75
16650 156362.32
16651 184028.25
16652 138184.43
16653 86433.139
16654 140083.79
16655 145538.47
16656 126356.18
16657 110925.77
16658 101290.04
16659 84981.29
16660 117915.98
16661 491806.11
16662 926753.96
16663 295800.9
16664 124133.76
16665 139692.84
16666 84894.05
16667 100546.09
16668 215263.06
16669 226054.92
16670 144220.55
16671 157281.09
16672 284855.2
16673 295434.24
16674 250535.44
16675 545223.64
16676 744595.67
16677 368710.67
16678 111683.1
16679 113270.43
16680 116822.49
16681 117065.46
16682 127434.92
16683 85980.935
16684 94708.666
16685 161236.38
16686 145082.19
16687 82048.356
16688 83362.103
16689 173536.7
16690 248022.92
16691 165726.24
16692 194516.72
16693 502085.2
16694 317374.05
16695 101431.32
16696 107945.63
16697 219614.64
16698 614397.59
16699 518500.62
16700 108148.35
16701 168255.8
16702 143622.17
16703 167792.57
16704 197480.83
16705 72336.681
16706 81790.479
16707 186349.32
16708 392542.32
16709 767380.16
16710 449290.91
16711 237737.65
16712 154483.94
16713 39951.879
16714 100849.54
16715 74502.896
16716 55267.168
16717 159777.92
16718 197389.79
16719 97015.637
16720 74349.444
16721 112517.71
16722 147588.76
16723 128580.86
16724 53733.301
16725 116814.41
16726 192489.34
16727 210374.07
16728 250760.58
16729 135736.02
16730 86545.546
16731 82354.192
16732 64046.277
16733 84442.397
16734 125579.23
16735 118441.73
16736 211261.89
16737 205950.3
16738 122739.82
16739 173929.29
16740 136675.34
16741 63279.017
16742 74669.681
16743 140806.06
16744 163335.14
16745 110324.27
16746 777604.05
16747 1572745
16748 970794.5
16749 483266.69
16750 352288.29
16751 273467.85
16752 261803.23
16753 94555.467
16754 108878.03
16755 148818.88
16756 98648.028
16757 69341.754
16758 183104.27
16759 163376.16
16760 85678.553
16761 91449.626
16762 125858.75
16763 103980.65
16764 62685.019
16765 77681.27
16766 233162.23
16767 290363.26
16768 190986.13
16769 202333.89
16770 126404.23
16771 310724.41
16772 360523.04
16773 77185.094
16774 286179.54
16775 258853.03
16776 101177.83
16777 217601.06
16778 165298.24
16779 110227.23
16780 67819.188
16781 68002.993
16782 87919.401
16783 164471
16784 177391.85
16785 86486.884
16786 585758.86
16787 617262.23
16788 126216.95
16789 97387.567
16790 108007.01
16791 181897.07
16792 586022.52
16793 591636.28
16794 563391.68
16795 389004.07
16796 310189.48
16797 948101.9
16798 821615.01
16799 81654.102
16800 110514.76
16801 84411.215
16802 123700.74
16803 82610.713
16804 93968.69
16805 100361.2
16806 58012.031
16807 71821.679
16808 97942.582
16809 119919.16
16810 84617.27
16811 60161.053
16812 180348.44
16813 475889.59
16814 1214579.8
16815 1300560.5
16816 465277.1
16817 276218.32
16818 261662.82
16819 120943.27
16820 110238.92
16821 96892.511
16822 65325.633
16823 92111.462
16824 587645.52
16825 1190430.1
16826 1085633.2
16827 558884.34
16828 179905.68
16829 504354.03
16830 463432.43
16831 1023507
16832 1250973.1
16833 486399.01
16834 359819.06
16835 264191.93
16836 134607.78
16837 84554.453
16838 54950.763
16839 36468.678
16840 50253.15
16841 109836.46
16842 167547.87
16843 499555.52
16844 581513.72
16845 182212.29
16846 105599.72
16847 93208.053
16848 170958.14
16849 143341.05
16850 122572.19
16851 308477.24
16852 261496.37
16853 106766.09
16854 94586.196
16855 114259.41
16856 191271.7
16857 284359.7
16858 274160.4
16859 165731.62
16860 142968.74
16861 235335.2
16862 185066.6
16863 1196365.3
16864 1547622
16865 342852.82
16866 100356.49
16867 43313.561
16868 58839.013
16869 118259.75
16870 142707.17
16871 116580.83
16872 247765.31
16873 257229.84
16874 193727.46
16875 135454.14
16876 109539.22
16877 141314.33
16878 123660.03
16879 195459.6
16880 201598.91
16881 120716.02
16882 64268.416
16883 77619.382
16884 80793.724
16885 70081.361
16886 111607.13
16887 171530.6
16888 213022.47
16889 560523.44
16890 614880.56
16891 260716.07
16892 187644.7
16893 246078.54
16894 242151.2
16895 130800.87
16896 141583.83
16897 199610.8
16898 1029717
16899 1390027
16900 320496.91
16901 121020.2
16902 135682.21
16903 216626.32
16904 224772.86
16905 465073.67
16906 390923.32
16907 188891.46
16908 1608124.8
16909 1970682.1
16910 1401670.7
16911 1371825
16912 1557107.5
16913 1129940.3
16914 123014.13
16915 80885.228
16916 155345.92
16917 118342.17
16918 81066.567
16919 209212.03
16920 299672.69
16921 241969.85
16922 117559.37
16923 354080.54
16924 458453.03
16925 191783.49
16926 249782.8
16927 2248865.7
16928 4033011.1
16929 2327302.8
16930 904820.58
16931 1165640.6
16932 3474189.8
16933 1174363.5
16934 692323.28
16935 1086440.7
16936 465425.97
16937 135673.64
16938 110310.26
16939 229884.93
16940 202374.94
16941 167787.85
16942 153787
16943 103511.06
16944 110016.13
16945 148279.85
16946 196850.57
16947 123662.21
16948 50435.161
16949 155705.07
16950 179397.39
16951 71008.297
16952 151765.41
16953 164984.1
16954 97641.543
16955 106617.52
16956 227845.64
16957 224081.77
16958 84150.708
16959 145892.22
16960 122192.03
16961 74426.716
16962 88802.015
16963 57926.031
16964 59463.551
16965 79111.805
16966 155035.02
16967 227465.36
16968 373553.57
16969 518522.05
16970 229838.43
16971 530065.92
16972 473095.09
16973 93483.079
16974 111622.09
16975 221671.12
16976 91163.476
16977 102658.67
16978 132031.36
16979 66564.189
16980 225537.59
16981 435041.31
16982 418898.41
16983 561829.98
16984 1817739.7
16985 3529622.4
16986 1703029.3
16987 273148.2
16988 223586.53
16989 205381.27
16990 247399.15
16991 108284.8
16992 145589.56
16993 95515.111
16994 25741.71
16995 252150.66
16996 315092.63
16997 133851.62
16998 181601
16999 149665.23
17000 112077.58
17001 147823.05
17002 221989.04
17003 223953.41
17004 110348.71
17005 67902.503
17006 154358.46
17007 247148.21
17008 236195.48
17009 218139.27
17010 361516.33
17011 375892.98
17012 631754.87
17013 724639.07
17014 291703.43
17015 169615.64
17016 150734.56
17017 185997.74
17018 596805.89
17019 650482.06
17020 1271614.4
17021 1202232.2
17022 204646.87
17023 321545.52
17024 132940.98
17025 83646.353
17026 57721.095
17027 210276.43
17028 148422
17029 96764.101
17030 99987.259
17031 171657.29
17032 188240.32
17033 132392.96
17034 80598.309
17035 120315.84
17036 162993.84
17037 222891.74
17038 110285.3
17039 48057.725
17040 178265.68
17041 767864.99
17042 694678.35
17043 146630.61
17044 86929.063
17045 130457.76
17046 127099.7
17047 185773.4
17048 414800.92
17049 334764.33
17050 315354.97
17051 154103.36
17052 217096.18
17053 223051.87
17054 183191.32
17055 48912.207
17056 240117.86
17057 310134.02
17058 430965.49
17059 440098.83
17060 633229.55
17061 858122.97
17062 592539.46
17063 283015.96
17064 182630.11
17065 143070.16
17066 85302.305
17067 269936.5
17068 410228.45
17069 512974.44
17070 541120.36
17071 345411.29
17072 169238.26
17073 192194.94
17074 363771.85
17075 280103.47
17076 92016.9
17077 738218.14
17078 1709925.9
17079 2244185.8
17080 942456.4
17081 162150.05
17082 189156.36
17083 176179.26
17084 326128.32
17085 428895.2
17086 470547.06
17087 237296.11
17088 728243.33
17089 911607.04
17090 357372.27
17091 322902.48
17092 259196.66
17093 126360.05
17094 215373.49
17095 364139.51
17096 313202.4
17097 122172.99
17098 86216.856
17099 83802.384
17100 141488.98
17101 445816.54
17102 392942.96
17103 140731.75
17104 369397.63
17105 531184.37
17106 200662.12
17107 86537.755
17108 182425.74
17109 226024.48
17110 209984.63
17111 154323.52
17112 117561.39
17113 347702.75
17114 473483.46
17115 1972865.5
17116 1420998.7
17117 158191.16
17118 127414.5
17119 235098.18
17120 311319.95
17121 250875.64
17122 179228.14
17123 429237.35
17124 705309.17
17125 595655.62
17126 245589.64
17127 83575.408
17128 108850.63
17129 74393.959
17130 111150.99
17131 193199.94
17132 289430.14
17133 346260.51
17134 704270.62
17135 643316.66
17136 330824.72
17137 157679.12
17138 113653.35
17139 274702.27
17140 510738.86
17141 336191.42
17142 220277.53
17143 262458.8
17144 302077.51
17145 173267.83
17146 271863.68
17147 292340.03
17148 284228.13
17149 142021.13
17150 164163.94
17151 121900.12
17152 209869.09
17153 259293.99
17154 440949.07
17155 302008.22
17156 99293.561
17157 232504.24
17158 300713.43
17159 269744.44
17160 135449.32
17161 117145.53
17162 267908.62
17163 765966.19
17164 1378960.7
17165 686995.27
17166 437669.25
17167 424897.82
17168 275517.82
17169 295103.34
17170 322861.91
17171 269240.12
17172 143121.2
17173 240682.88
17174 318441.45
17175 152956.81
17176 348616.33
17177 410681.1
17178 189282.72
17179 546450.3
17180 1179665.5
17181 3274488.3
17182 2412019.1
17183 526996
17184 76454.01
17185 335841.09
17186 295546.95
17187 238516.73
17188 360633.32
17189 566734.33
17190 522557.3
17191 302400.58
17192 101193.64
17193 105877.05
17194 250069.22
17195 584080.63
17196 487009.01
17197 159535.21
17198 189410.49
17199 172491.45
17200 869227.99
17201 712045.11
17202 724201.5
17203 542943.77
17204 263339.91
17205 216217.16
17206 145012.1
17207 80690.475
17208 232920.23
17209 248034.32
17210 142444.32
17211 289879.57
17212 732851.43
17213 603899.34
17214 144501.88
17215 110330.29
17216 94429.043
17217 172181.04
17218 154392.95
17219 219097.17
17220 287774.83
17221 228389.86
17222 1584531.6
17223 2862872.2
17224 1673943.7
17225 430280.16
17226 182831.68
17227 252963.28
17228 169095.98
17229 130053.28
17230 287547.8
17231 254363.7
17232 118657.23
17233 120472.08
17234 328747.13
17235 301928.01
17236 83678.178
17237 143657.73
17238 186735.73
17239 304456.73
17240 311562.15
17241 192194.06
17242 257216.41
17243 370903.87
17244 527949.76
17245 492398.46
17246 347103.35
17247 229255.27
17248 149566.13
17249 181673.49
17250 233624.48
17251 421765.98
17252 508767.01
17253 1207111.6
17254 1053439.4
17255 333522.93
17256 672843.88
17257 593364.54
17258 889146.87
17259 376760.97
17260 228226.9
17261 162870.95
17262 186230.18
17263 154237.51
17264 115619.37
17265 184869.12
17266 335025.23
17267 205870.9
17268 125608.64
17269 349714.93
17270 291977.06
17271 194473.41
17272 286928.42
17273 211595.69
17274 152203.32
17275 224268.53
17276 401725.54
17277 336396.08
17278 315557.09
17279 377049.03
17280 163459.99
17281 172224.96
17282 546617.52
17283 491553.05
17284 159040.7
17285 75200.185
17286 440363.34
17287 679107.18
17288 347924.16
17289 282725.1
17290 176937.05
17291 321184.2
17292 409651.99
17293 63625.135
17294 330662.03
17295 390712.33
17296 286004.58
17297 262495.64
17298 225021.04
17299 212333.58
17300 224650.25
17301 209883.21
17302 154562.65
17303 152923.99
17304 221338.62
17305 204954.96
17306 43108.534
17307 139176.06
17308 214641.3
17309 839626.51
17310 762302.34
17311 378150.67
17312 571142.4
17313 358518.06
17314 200220.98
17315 388737.03
17316 324101.74
17317 191314.27
17318 206271.27
17319 226386.23
17320 259578.02
17321 187154.44
17322 169451.08
17323 161537.37
17324 115343.95
17325 474879.45
17326 478284.32
17327 175301.49
17328 457350.48
17329 1930756.5
17330 1395573
17331 410623.16
17332 302813.49
17333 177737.23
17334 239094.9
17335 219390.44
17336 480215.93
17337 342705.65
17338 1091243.8
17339 940834.63
17340 494735.48
17341 717133.43
17342 559889.74
17343 681288.54
17344 797755.24
17345 559152.78
17346 254742.14
17347 371534.92
17348 355748.92
17349 296445.41
17350 330106.32
17351 259874
17352 139369.19
17353 238318.96
17354 394791.42
17355 182854.9
17356 237726.12
17357 636271.06
17358 558109.52
17359 128175.92
17360 159556.7
17361 162406.98
17362 433592.06
17363 863976.14
17364 440820.81
17365 246132.35
17366 676244
17367 818338.06
17368 476852.24
17369 224235.43
17370 428987.07
17371 509363.93
17372 314500.84
17373 245769.32
17374 266795.01
17375 225827.97
17376 147364.48
17377 135011.43
17378 173012.81
17379 203903.47
17380 183035.06
17381 245795.58
17382 295706.65
17383 435816.73
17384 282119.47
17385 192573.74
17386 189495.57
17387 132764.73
17388 350382.25
17389 1438424.4
17390 1307199.7
17391 277331.47
17392 163294.4
17393 80019.048
17394 250700.96
17395 239013.58
17396 234790.11
17397 249712.95
17398 262006.15
17399 554588.13
17400 569978.47
17401 523204.89
17402 883784.52
17403 892869.81
17404 390627.1
17405 802452.52
17406 757124.27
17407 191683.81
17408 218852.22
17409 249600.88
17410 268476.99
17411 161145.35
17412 288979.54
17413 1880625.7
17414 1949912.6
17415 281166.28
17416 237626.43
17417 284274.08
17418 236542.8
17419 490081.79
17420 228478.96
17421 182726.2
17422 254637.32
17423 249918.64
17424 271897.36
17425 122923.82
17426 408777.58
17427 341142.4
17428 251523.61
17429 385138.61
17430 496868.84
17431 218806.38
17432 107444.94
17433 133061.3
17434 173848.2
17435 205524.46
17436 282278.34
17437 320310.04
17438 122245.55
17439 153791.69
17440 278930.06
17441 405088.75
17442 333215.08
17443 409097.21
17444 684571.43
17445 364488.71
17446 373663.68
17447 509375.29
17448 874002.23
17449 834369.45
17450 513680.51
17451 492136.94
17452 338256.33
17453 336534.36
17454 564840.57
17455 527451.12
17456 470707.2
17457 324239.18
17458 247798.69
17459 328403.36
17460 494816.14
17461 488625.19
17462 339274.15
17463 227381.03
17464 441932.4
17465 336155.51
17466 229837.47
17467 661869.74
17468 463933.37
17469 235577.85
17470 223497.72
17471 205065.78
17472 161898.76
17473 321271.48
17474 489360.69
17475 1084944.5
17476 1124537
17477 320835.14
17478 516564.5
17479 364023.37
17480 177625.08
17481 256633.58
17482 356097.92
17483 372772.03
17484 518546.41
17485 504054.24
17486 653167.4
17487 636447.71
17488 274945.25
17489 252672
17490 229841.26
17491 182928.55
17492 318559.18
17493 221286.81
17494 144416.04
17495 1135609.8
17496 1625335.6
17497 850836.58
17498 305900.82
17499 332564.85
17500 317361.56
17501 327391.47
17502 555740.99
17503 832755.89
17504 1006543.3
17505 587228.54
17506 619469.28
17507 332015.41
17508 185950.81
17509 150059.39
17510 265375.82
17511 199845.36
17512 178899.57
17513 243031.5
17514 495993.26
17515 212462.88
17516 330106.59
17517 654192.99
17518 493909.3
17519 121993.16
17520 227613.6
17521 186123.85
17522 424657.2
17523 646956.33
17524 402797.88
17525 158004.21
17526 261900.83
17527 804010.88
17528 715184.7
17529 149874.1
17530 182970.91
17531 202499.43
17532 136773.77
17533 211537.34
17534 173969.8
17535 136043.7
17536 164247.13
17537 315854.92
17538 933947.28
17539 183471.08
17540 201879.33
17541 322543.37
17542 320333.99
17543 142534.61
17544 76369.867
17545 119956.53
17546 244071.22
17547 371618.57
17548 636315.53
17549 588941.26
17550 255591.31
17551 216033.36
17552 377075.19
17553 379466.85
17554 2347738.9
17555 2016053.8
17556 915224.17
17557 565521.12
17558 621177.52
17559 393212.14
17560 164572.01
17561 251762.77
17562 190077.95
17563 62512.246
17564 86130.927
17565 248563.92
17566 762486.69
17567 625832.2
17568 307026.21
17569 283425.97
17570 156861.37
17571 207236.15
17572 116369.77
17573 348459.43
17574 378347.06
17575 358984.61
17576 479231.06
17577 590305.92
17578 322063.77
17579 2200073.5
17580 2675576.9
17581 715608.79
17582 218676.99
17583 110255.89
17584 334862.13
17585 382771.51
17586 476648.2
17587 494219.36
17588 327676.3
17589 321353.4
17590 801936.86
17591 3751487
17592 3153273.9
17593 343498.1
17594 303058.58
17595 475934.87
17596 520776.17
17597 339765.43
17598 153825.93
17599 85187.837
17600 84249.09
17601 641192.42
17602 2156285.6
17603 945737.86
17604 700814.73
17605 158526.97
17606 207447.31
17607 180756.34
17608 92727.369
17609 143688.1
17610 205065.73
17611 222443.43
17612 303186.96
17613 159161.9
17614 285661.14
17615 543266.15
17616 335085.05
17617 258644.05
17618 832508.14
17619 675979.51
17620 109421.65
17621 129779.48
17622 211369.75
17623 325833.16
17624 540098.05
17625 268197.14
17626 215585.05
17627 288026.98
17628 246511.31
17629 201256.42
17630 109930.29
17631 272278.54
17632 695994.08
17633 372464.57
17634 160327.73
17635 118172.51
17636 178179.66
17637 520089.81
17638 869083.99
17639 669216.13
17640 224003.08
17641 386984.51
17642 241615.89
17643 283587.49
17644 793500.02
17645 478323.34
17646 381720.05
17647 812749.48
17648 516744.81
17649 85224.411
17650 164085.12
17651 309434.36
17652 507032.05
17653 450079.31
17654 623720.47
17655 470957.91
17656 223882.7
17657 153189.29
17658 103170.73
17659 311172.36
17660 507159.64
17661 702948.38
17662 505253.21
17663 134832.35
17664 798178.23
17665 1005707.8
17666 531495.29
17667 265958.64
17668 75426.681
17669 174094.92
17670 293983.42
17671 214343.85
17672 386497.85
17673 438190.19
17674 183852.26
17675 108493.89
17676 1739451
17677 3686531.2
17678 1734490.8
17679 433686.89
17680 770910.11
17681 878852.61
17682 211240.31
17683 115295.83
17684 130388.4
17685 241638.04
17686 328411.99
17687 414475.37
17688 263758.2
17689 189975.38
17690 368694.06
17691 378980.19
17692 356693.78
17693 324269.4
17694 189770.17
17695 525478.09
17696 464450.2
17697 481227.11
17698 442435.52
17699 138592.89
17700 245277.1
17701 334289.5
17702 365198.18
17703 596424.68
17704 450785.1
17705 642038.04
17706 1809099.2
17707 1850930.3
17708 1135388.3
17709 783183.99
17710 434079.61
17711 494626.8
17712 531325.41
17713 215834.82
17714 443006.52
17715 466613.46
17716 108106.74
17717 146062.05
17718 176204.12
17719 265530.63
17720 978377.39
17721 471621.29
17722 285145.51
17723 1398017
17724 1472353.3
17725 363641.91
17726 234958.61
17727 260677.72
17728 190911.8
17729 334185.21
17730 1309882.3
17731 951051.42
17732 209732.99
17733 357026.88
17734 298752.88
17735 143196.85
17736 286356.34
17737 723085.78
17738 607921.85
17739 286648.39
17740 318584.2
17741 554154.21
17742 671660.06
17743 753253.72
17744 400100.41
17745 686455.25
17746 1985921.4
17747 1093210.8
17748 377613.89
17749 1358366.7
17750 304177.95
17751 281661.29
17752 648654.26
17753 458489.68
17754 207036.08
17755 184803.07
17756 297300.65
17757 579075.41
17758 316220.97
17759 222132.79
17760 377435.95
17761 583424.96
17762 440925.04
17763 210555.6
17764 218884.5
17765 357329.35
17766 219683.28
17767 126101.93
17768 148306.57
17769 154308.4
17770 121018.21
17771 185885.56
17772 395999.45
17773 311669.86
17774 126535.03
17775 277181.49
17776 295357.52
17777 112889.15
17778 176063.25
17779 247183.84
17780 662251.48
17781 843713.42
17782 510848.64
17783 642184.33
17784 501759.97
17785 224415.39
17786 113297.73
17787 120904.42
17788 201539.68
17789 236340.74
17790 837642.72
17791 1241271
17792 925621.48
17793 574504.13
17794 444169.02
17795 637621.3
17796 851699.93
17797 1328105
17798 852057.35
17799 391786.05
17800 355037.84
17801 234433.97
17802 213823.36
17803 115534.58
17804 183109.94
17805 175050.71
17806 348181.59
17807 285446.49
17808 508809.54
17809 790112.44
17810 289018.56
17811 471697.6
17812 296316.64
17813 107716.54
17814 793192
17815 855355.1
17816 228509.95
17817 166388.13
17818 222217.21
17819 123352.96
17820 277392.28
17821 566165.08
17822 605380.31
17823 484369.13
17824 371130.49
17825 129573.95
17826 142408.83
17827 198034.77
17828 235368.1
17829 153606.74
17830 152239.87
17831 142718.08
17832 196361.22
17833 351248.44
17834 484610.99
17835 190856.8
17836 345997.33
17837 418287.84
17838 159939.83
17839 82250.145
17840 204300.58
17841 218869.28
17842 151286.72
17843 216697.46
17844 286569.92
17845 222290.44
17846 416523.87
17847 351823.07
17848 115879.51
17849 322927.99
17850 638348.34
17851 1236574.8
17852 827286.5
17853 330753.14
17854 131287.08
17855 120477.51
17856 124920.2
17857 405966.65
17858 514017.38
17859 389832.22
17860 243770.46
17861 87406.497
17862 100524.7
17863 229282.92
17864 129339.3
17865 433467.61
17866 692577.78
17867 329084.81
17868 45761.06
17869 170200.04
17870 223569.36
17871 399452.6
17872 727036.08
17873 714234.52
17874 388290.11
17875 229694.27
17876 443061.6
17877 389837.85
17878 204574.22
17879 135307.74
17880 80269.46
17881 159122.76
17882 243313.73
17883 313287.24
17884 478773.23
17885 346637.36
17886 594270.15
17887 988507.96
17888 535059.82
17889 72777.793
17890 827873.03
17891 1521473.2
17892 843422.41
17893 275082.99
17894 169829.95
17895 167488.87
17896 150167.55
17897 222008.4
17898 180819.56
17899 117437.18
17900 198781.9
17901 509394.18
17902 499461.09
17903 474939.92
17904 256909.68
17905 205625.22
17906 96978.892
17907 97559.615
17908 78168.894
17909 89674.178
17910 91792.273
17911 199920.61
17912 244944.54
17913 156053.21
17914 164320.72
17915 949112.08
17916 2230726.8
17917 1127687
17918 224148.37
17919 302585.91
17920 547157.25
17921 861012.35
17922 881497.84
17923 345562.09
17924 132118.61
17925 363570.76
17926 257830.29
17927 136978.46
17928 507507.52
17929 187130.35
17930 255681.44
17931 442771.1
17932 468560.61
17933 860609.58
17934 1409221
17935 736781.43
17936 318440.12
17937 694935.96
17938 472537.35
17939 157623.3
17940 130825.63
17941 240623.38
17942 404225.6
17943 460968.03
17944 365717.99
17945 218458.02
17946 290858.47
17947 174909.14
17948 119440.18
17949 292520.21
17950 292984.6
17951 95726.468
17952 271126.55
17953 320991.79
17954 1764009.3
17955 3032833.9
17956 1230184.8
17957 433022.96
17958 205993.61
17959 321802.55
17960 120538.98
17961 149747.46
17962 177595.45
17963 71145.264
17964 245015.27
17965 198893.5
17966 208933.88
17967 191696.7
17968 171050.03
17969 657262.59
17970 761633.99
17971 646890.68
17972 130033.01
17973 262879.83
17974 555817.05
17975 406001.73
17976 167252.46
17977 211764.88
17978 309210.74
17979 333249.73
17980 259903.99
17981 267538.45
17982 761756.8
17983 758076.24
17984 485548.54
17985 554194.76
17986 513067.25
17987 823777.12
17988 1278799.6
17989 1173761.1
17990 1772113.8
17991 446369.09
17992 447017.57
17993 188080.09
17994 175608.48
17995 521417.38
17996 532973.18
17997 253977.29
17998 118100.86
17999 194688.19
18000 195119.81
18001 153422.64
18002 316954.01
18003 474379.71
18004 1537630.2
18005 667555.88
18006 398335.93
18007 331246.23
18008 402273.25
18009 144374.86
18010 187509.39
18011 243334.13
18012 291410.17
18013 784327.92
18014 557292.58
18015 679881.82
18016 185331.91
18017 384698.46
18018 95684.589
18019 153784.6
18020 118343.11
18021 220703.83
18022 285592.29
18023 134116.47
18024 384523.19
18025 842932.74
18026 358823.51
18027 436277.53
18028 417626.63
18029 580749.84
18030 724605.95
18031 1138178.5
18032 312957.84
18033 418843.84
18034 1087715.5
18035 782869.19
18036 405179.94
18037 472304.78
18038 262632.21
18039 167761.07
18040 226996.5
18041 235750.37
18042 424623.93
18043 286434.19
18044 607899.98
18045 788132.38
18046 689062.8
18047 380630.31
18048 283376
18049 302615.36
18050 353259.59
18051 865212.16
18052 1672219
18053 1229596.4
18054 561664.42
18055 829414.42
18056 1092013.1
18057 611192.01
18058 207140.06
18059 176767.73
18060 116199.06
18061 147133.09
18062 174413.57
18063 350554.72
18064 696009.79
18065 670262.76
18066 466614.31
18067 424196.58
18068 386162.29
18069 157216.88
18070 283556.77
18071 357409.63
18072 160619.37
18073 280822.73
18074 364992.62
18075 299368.61
18076 272919.11
18077 129711.89
18078 241389.79
18079 270620.67
18080 243669.4
18081 477413.86
18082 352379.8
18083 408382.02
18084 327467.15
18085 402542.17
18086 217393.37
18087 114298.32
18088 270831.94
18089 290395.06
18090 290355.4
18091 130596.42
18092 143728.71
18093 599439.1
18094 1371105
18095 968151.34
18096 287541.29
18097 242068.46
18098 1632646.4
18099 1615685.5
18100 212071.43
18101 261452.36
18102 201620.69
18103 828913.85
18104 894267.23
18105 872631.73
18106 139097.21
18107 149932.13
18108 292334.69
18109 224176.15
18110 270879.08
18111 322552.07
18112 224391.51
18113 1110732.1
18114 1753672.3
18115 529746.66
18116 341564.83
18117 495773.21
18118 294879.2
18119 291482.28
18120 1253211.6
18121 1473188.9
18122 1312264.1
18123 61710.399
18124 250825.87
18125 201660.16
18126 182570.93
18127 349489.49
18128 941927.87
18129 873088.59
18130 97778.428
18131 237398.86
18132 93439.195
18133 153283.82
18134 284305.85
18135 340192.32
18136 250627.4
18137 209991.54
18138 307764
18139 508911.14
18140 648746.4
18141 1170341.6
18142 970390.39
18143 122950.37
18144 124298.8
18145 86780.698
18146 589524.8
18147 797063.25
18148 300559.35
18149 310210.69
18150 508593.74
18151 1135842.4
18152 1253196.4
18153 1114503.5
18154 2232530.1
18155 1169819.9
18156 218590.78
18157 213943.27
18158 218434.5
18159 244313.38
18160 456371.03
18161 409070.43
18162 538632.4
18163 1151967.7
18164 607589.37
18165 508733.25
18166 367483.65
18167 352786.8
18168 367342.84
18169 253714.6
18170 356391.64
18171 410524.89
18172 435024.56
18173 651514.63
18174 648623.1
18175 263926.87
18176 123449.9
18177 104689.56
18178 96601.3
18179 203139.96
18180 289694.05
18181 235325.31
18182 119786.82
18183 51166.41
18184 76613.425
18185 178809.83
18186 632272.33
18187 417020.66
18188 485818.73
18189 137114.1
18190 593185.82
18191 840020.68
18192 545169.5
18193 297903.32
18194 771116.05
18195 1271257.5
18196 1187540.9
18197 690465.64
18198 98226.362
18199 107182
18200 589853.4
18201 583002.76
18202 168011.26
18203 281326.54
18204 216970.66
18205 146130.48
18206 205393.83
18207 206153.03
18208 161438.31
18209 220526.52
18210 267290.73
18211 125579.8
18212 92762.023
18213 402031.9
18214 518855.04
18215 884438.4
18216 828890.66
18217 276503.54
18218 245126.57
18219 646155.28
18220 646877.29
18221 296266.8
18222 94756.594
18223 436266.52
18224 148750.79
18225 728681.04
18226 501979.31
18227 256469.77
18228 335847.46
18229 287172.52
18230 210213.05
18231 256488.59
18232 515121.03
18233 661868.24
18234 316546.75
18235 245730
18236 281673.9
18237 85837.523
18238 427032.53
18239 326183.8
18240 676866.53
18241 735334.18
18242 220830.91
18243 320358.9
18244 1146389.2
18245 1804648.2
18246 1381916.6
18247 451263.8
18248 255086.99
18249 139559.41
18250 188632.53
18251 136853.85
18252 157601.59
18253 471233.21
18254 478848.61
18255 767652.35
18256 1015961.9
18257 529158.4
18258 255437.92
18259 264196.3
18260 346474.78
18261 331917.62
18262 291013.71
18263 921373.72
18264 773858.9
18265 332002.61
18266 488999.11
18267 608883.68
18268 334939.95
18269 751763.08
18270 455455.42
18271 575230.23
18272 1157695.6
18273 531359.26
18274 715475.56
18275 464670.52
18276 113472.53
18277 94033.955
18278 193939.51
18279 356018.33
18280 332521.78
18281 325938.85
18282 374315.06
18283 324173.25
18284 141292.36
18285 108549.58
18286 47416.925
18287 301407.53
18288 189310.58
18289 68768.477
18290 94008.34
18291 130842.6
18292 511110.81
18293 630555.63
18294 396398.15
18295 304118.88
18296 360664.33
18297 720601.66
18298 1676353.7
18299 1387110.1
18300 816241.65
18301 929084.73
18302 1844998.8
18303 774152.25
18304 518535.49
18305 236240.14
18306 208605.11
18307 416846.74
18308 398711.9
18309 645496.15
18310 1436139
18311 417763.95
18312 185549.01
18313 556556.54
18314 388670.18
18315 166917.88
18316 250642.12
18317 368782.22
18318 678103.8
18319 260396.4
18320 180598.41
18321 234234.25
18322 247291.62
18323 177608.6
18324 365747.14
18325 373655.86
18326 552432.07
18327 1350022.3
18328 2052513.2
18329 1282467
18330 382361.77
18331 172131.41
18332 57322.437
18333 84129.499
18334 183356.84
18335 573412.53
18336 402621.65
18337 384601.2
18338 412567.22
18339 512826.87
18340 396220.57
18341 331945.23
18342 237888.9
18343 191880.58
18344 133390.07
18345 133480.4
18346 168711.53
18347 165342.02
18348 121793.96
18349 207251.47
18350 180653.82
18351 162082.83
18352 129144.66
18353 178423.82
18354 276413.22
18355 1130062.3
18356 751152.79
18357 614235.94
18358 138015.3
18359 126290.2
18360 276022.76
18361 548511.61
18362 1264715.2
18363 470840.44
18364 301279.52
18365 308087.48
18366 410119.11
18367 1040445.2
18368 967481.56
18369 264099.69
18370 139923.53
18371 464832.82
18372 413475.79
18373 249799.42
18374 203332.19
18375 376135.75
18376 340733.18
18377 274720.02
18378 288561.64
18379 138566.7
18380 191579.88
18381 294625.1
18382 1452295.7
18383 1845667.4
18384 1033137
18385 113986.42
18386 134822.21
18387 303992.54
18388 216315.37
18389 135145.03
18390 218840.98
18391 687988.22
18392 426091.87
18393 377413.81
18394 1426193
18395 2017160.1
18396 774592.22
18397 239762.73
18398 155343.27
18399 158825.86
18400 135696.42
18401 86674.335
18402 382162.48
18403 401476.77
18404 619259.56
18405 116579.2
18406 156618.58
18407 182812.67
18408 181235.78
18409 149924.92
18410 205235.85
18411 250811.15
18412 713268.95
18413 743853.3
18414 912839.5
18415 764111.41
18416 476910.45
18417 309049.14
18418 285442.25
18419 394698.04
18420 444627.08
18421 503672.63
18422 1006046.9
18423 1418832
18424 739665.8
18425 184704.01
18426 124396.11
18427 341759.47
18428 307458.11
18429 424600.25
18430 243287.07
18431 698888.32
18432 661036.89
18433 642053.03
18434 243042.63
18435 253878.56
18436 325076.4
18437 410452.94
18438 284194.21
18439 419192.36
18440 458057.07
18441 546051.76
18442 1033350.1
18443 469840.59
18444 277183.26
18445 145393.13
18446 139472.94
18447 151778.31
18448 116560.52
18449 359228.58
18450 535625.06
18451 616951.03
18452 609642.38
18453 1067067.5
18454 1750573.4
18455 372515.75
18456 192834.66
18457 620108.17
18458 397314.62
18459 288816.25
18460 286662.01
18461 332705.77
18462 387216.55
18463 362118.66
18464 196140.71
18465 232997.22
18466 211662.75
18467 241645.27
18468 862923.64
18469 812070.66
18470 153154.85
18471 237093.39
18472 322526.75
18473 365019.09
18474 309156.63
18475 425590.19
18476 310869.79
18477 578831.77
18478 321853.35
18479 596191.43
18480 682612.49
18481 99830.297
18482 276453.11
18483 399774.85
18484 152284.91
18485 217665.37
18486 272086.93
18487 416716.01
18488 110326.09
18489 117723.44
18490 122136.51
18491 225879.89
18492 488637.5
18493 638295.16
18494 1606063.7
18495 237155.56
18496 339438.01
18497 608406.73
18498 912554.54
18499 251043.24
18500 279250.08
18501 251784.74
18502 1482237.6
18503 2008157.3
18504 1007135.2
18505 85603.9
18506 341444.42
18507 416223.1
18508 348172.47
18509 491716.29
18510 525294.75
18511 495920.12
18512 1517263.4
18513 1295852.4
18514 332313.54
18515 532164.71
18516 2264303.5
18517 2378894.8
18518 338188.89
18519 289911.43
18520 363324.2
18521 743701
18522 800573.27
18523 128227.78
18524 203592.49
18525 497477.43
18526 542453.06
18527 194683.74
18528 108689.63
18529 157969.61
18530 647942.87
18531 863621.77
18532 1271706.9
18533 666099.43
18534 1389782.8
18535 526043.79
18536 241991.08
18537 189550.62
18538 271712.7
18539 445555.03
18540 570223.04
18541 321725.38
18542 183627.11
18543 401381.94
18544 265003.14
18545 808849.56
18546 511307.58
18547 642829.46
18548 742866.47
18549 207226.23
18550 460619.87
18551 359826.41
18552 317147.99
18553 227084.26
18554 264815.29
18555 289483.09
18556 565956.31
18557 257606.19
18558 94753.177
18559 613641.55
18560 497766.26
18561 125752.74
18562 188244.11
18563 154761.85
18564 210401.85
18565 164680.1
18566 440288.35
18567 848444.9
18568 744177.07
18569 257741.59
18570 1830320.3
18571 2370613.5
18572 798053.16
18573 1127961.5
18574 609198.49
18575 366805.27
18576 349572.56
18577 447323.98
18578 289400.79
18579 51612.252
18580 313852.28
18581 530794.75
18582 452123.86
18583 171584.84
18584 252584.16
18585 357940.25
18586 506149.32
18587 149954.3
18588 66769.094
18589 150547.67
18590 188013.76
18591 245321.51
18592 492313.43
18593 735535.58
18594 598512.91
18595 274733.54
18596 206574.66
18597 292790.47
18598 648395.37
18599 494581.03
18600 534009.08
18601 667918.5
18602 441851.47
18603 397055.94
18604 343708.66
18605 93207.695
18606 351425
18607 632934.14
18608 744116.58
18609 374948.14
18610 373962.12
18611 315523.01
18612 269779.02
18613 189291.14
18614 576890.25
18615 602064.57
18616 211855.43
18617 880773.06
18618 1110916
18619 68178.409
18620 267361.76
18621 499425.43
18622 466230.56
18623 402477.65
18624 186215.39
18625 73263.655
18626 81324.712
18627 141642.35
18628 231505.62
18629 179135.25
18630 274079.63
18631 455578.26
18632 428173.47
18633 533031.01
18634 615039.56
18635 398324.16
18636 468836.13
18637 737564.29
18638 860554.85
18639 95838.503
18640 103280.96
18641 380621.56
18642 495954.7
18643 689362.36
18644 545472.74
18645 189965.82
18646 284632.74
18647 434493.37
18648 449506.53
18649 133007.38
18650 331311.33
18651 396986.28
18652 1189047.1
18653 1365311
18654 572842.46
18655 670284.38
18656 475236.34
18657 370015.1
18658 195033.47
18659 88477.675
18660 173948.19
18661 168334.82
18662 191605.07
18663 477127.55
18664 572096.68
18665 375915.95
18666 107096.71
18667 134019.85
18668 1151752.1
18669 1206342.9
18670 631227.62
18671 641752.2
18672 450270.19
18673 548934.04
18674 409635.35
18675 443756.74
18676 516368.73
18677 202380.67
18678 153414.03
18679 446537.02
18680 525467.43
18681 131454.06
18682 168283.78
18683 322099.9
18684 227742.22
18685 174864.9
18686 519239.05
18687 570669.17
18688 365113.14
18689 607437.35
18690 414321.05
18691 238922.76
18692 416056.58
18693 439578
18694 523516.59
18695 617640.67
18696 620149.32
18697 367987.9
18698 211743.26
18699 317480.35
18700 241805.01
18701 555638.54
18702 610337.94
18703 463756.35
18704 714246.63
18705 1091327.6
18706 1136243.7
18707 220135.19
18708 777515.82
18709 980520.56
18710 445005.09
18711 234847.79
18712 111867.35
18713 131458.97
18714 836241.56
18715 1318013.7
18716 1628267.4
18717 724482.64
18718 626362.38
18719 495080.92
18720 130337.64
18721 247326.44
18722 262512.85
18723 238723.04
18724 266000.99
18725 131265.8
18726 133128.98
18727 559299
18728 880750.03
18729 873562.45
18730 436207.23
18731 259014.59
18732 230586.76
18733 336021.94
18734 310939.43
18735 457763.36
18736 358873.7
18737 121699.54
18738 1056914.3
18739 1608445
18740 680918.4
18741 626006.21
18742 1041789.6
18743 751996.38
18744 437842.3
18745 416498.84
18746 1335977.2
18747 1857929
18748 1461135.4
18749 792543.7
18750 727643.95
18751 591480.4
18752 561822.43
18753 753383.32
18754 597494.67
18755 156410.93
18756 327867.41
18757 570569.21
18758 297832.61
18759 237868.04
18760 431199.42
18761 374138.03
18762 313304.7
18763 215072.79
18764 222887.44
18765 228219.59
18766 150517.23
18767 273940.02
18768 636445.58
18769 138018.06
18770 207179.52
18771 336033.49
18772 520501.71
18773 577407.46
18774 324530.76
18775 256135.32
18776 153251.52
18777 184724.78
18778 333129.93
18779 219959.09
18780 178286.13
18781 413209.6
18782 528349.02
18783 426548.03
18784 258510.27
18785 710802.33
18786 1024498.5
18787 520200.63
18788 326841.8
18789 295433.59
18790 357431.18
18791 1258386.9
18792 4265949.1
18793 2677160.7
18794 529767.07
18795 106626.98
18796 311134.39
18797 383640.96
18798 335344.12
18799 374757.1
18800 387837.39
18801 173154.66
18802 96798.177
18803 325532.33
18804 804708.87
18805 575905.04
18806 577618.14
18807 730883.2
18808 406974.18
18809 221509.79
18810 491913.14
18811 444111.69
18812 279025.02
18813 497979.84
18814 179970.07
18815 314471.49
18816 731758.78
18817 2912916.5
18818 3567390.6
18819 1063565
18820 1229173.4
18821 2005077.6
18822 1277697.1
18823 213523.14
18824 153774.62
18825 127581.21
18826 130675.35
18827 774021.43
18828 776331.48
18829 188442.24
18830 289930.89
18831 200944.83
18832 262622.12
18833 299254.5
18834 104561.8
18835 36583.471
18836 71897.625
18837 215192.11
18838 233566.15
18839 479276.57
18840 418188.59
18841 396910.55
18842 372545.53
18843 184311.29
18844 226343.14
18845 840620.31
18846 883016.39
18847 552489.47
18848 1341272.5
18849 2128614.7
18850 2415951.4
18851 1479787.4
18852 614962.75
18853 363375.4
18854 525686.84
18855 580736.71
18856 121359.96
18857 122730.76
18858 291305.24
18859 242027.19
18860 171271.85
18861 91301.038
18862 258656.06
18863 461681.75
18864 234732.89
18865 222914.72
18866 463857.18
18867 1097909.1
18868 324694.45
18869 198902.01
18870 744064.29
18871 818987.66
18872 113975.73
18873 138320.54
18874 459161.52
18875 210661.45
18876 244545.37
18877 208025.05
18878 131438.99
18879 168627.04
18880 168538.93
18881 570769.24
18882 756035.97
18883 397167.1
18884 762345.14
18885 194950.26
18886 331255.86
18887 4014403
18888 3188549.6
18889 53325.353
18890 476682.72
18891 723817.97
18892 275840.03
18893 524379.47
18894 378716.09
18895 348080.38
18896 306240.12
18897 138612.66
18898 122900.5
18899 161879.35
18900 200459.38
18901 434672.83
18902 408214.47
18903 676337.28
18904 511581.45
18905 125496.41
18906 507808.31
18907 2517814.2
18908 1610654
18909 230853.41
18910 112021.33
18911 185588.59
18912 446711.98
18913 130440.77
18914 401565.19
18915 499581.81
18916 180814.67
18917 131483.31
18918 215355.03
18919 490977.47
18920 363228.39
18921 157836.87
18922 230254.78
18923 494267.96
18924 760475.5
18925 778566.89
18926 280738.95
18927 195955.76
18928 308110.24
18929 334532.69
18930 202109.92
18931 350923.03
18932 556217.54
18933 427619.71
18934 270332.42
18935 628365.17
18936 788185.91
18937 853529.42
18938 908576.5
18939 3643584.1
18940 3020006.1
18941 193556.11
18942 1177491
18943 2354642.1
18944 1717495.7
18945 322286.5
18946 189754.11
18947 239497.75
18948 373779.58
18949 415732.6
18950 310803.04
18951 415172.01
18952 416338.15
18953 328333.51
18954 159564.42
18955 185125.52
18956 428355.07
18957 381355.56
18958 172443.64
18959 126241.18
18960 227743.83
18961 440670.66
18962 187123.15
18963 163868.48
18964 171449.93
18965 184946.55
18966 119003.59
18967 167743.25
18968 254811.46
18969 159264.3
18970 174835.75
18971 224486.54
18972 193645.9
18973 306948.99
18974 358716.3
18975 204931.96
18976 118318.67
18977 313285.19
18978 325812.15
18979 123098.33
18980 1262054.2
18981 2663787.5
18982 1309385.2
18983 306263.83
18984 207381.83
18985 140623.49
18986 127231.61
18987 197816.87
18988 985011.2
18989 1779215.8
18990 1033137.4
18991 335240.73
18992 173431.06
18993 572921.02
18994 213268.47
18995 114545.51
18996 161921.73
18997 194158.22
18998 354824.62
18999 515064.63
19000 450191.76
19001 655061.39
19002 1230337.5
19003 782961.24
19004 357610.92
19005 4720991.9
19006 7614143
19007 96408.914
19008 57851.679
19009 82638.733
19010 152512.04
19011 249989.65
19012 165348.4
19013 173930.88
19014 123562.4
19015 59705.939
19016 36818.406
19017 43565.633
19018 118529.52
19019 343587.19
19020 329158.06
19021 120068.89
19022 633788.64
19023 309275.29
19024 343063.66
19025 85186.049
19026 75562.496
19027 158901.08
19028 322045.21
19029 165404.79
19030 85051.24
19031 84236.154
19032 81030.186
19033 149230.7
19034 122011.78
19035 97044.777
19036 68195.581
19037 97360.591
19038 121747.58
19039 71757.276
19040 67586.71
19041 59343.041
19042 48524.664
19043 127513.08
19044 141883.23
19045 47675.376
19046 90137.725
19047 110518.44
19048 39254.009
19049 86983.274
19050 112871.52
19051 58563.988
19052 709628.17
19053 734990.92
19054 186793.88
19055 212629.35
19056 374785.76
19057 353249.41
19058 180520.23
19059 95531.113
19060 109489.75
19061 100027.8
19062 100146.92
19063 89497.348
19064 3559472.6
19065 28816046
19066 46738591
19067 47859405
19068 41687306
19069 0
19070 10821.3
19071 335643.16
19072 1689741.5
19073 5450365.2
19074 2273337.4
19075 960764.36
19076 364645.85
19077 408303.7
19078 793845.78
19079 290438.69
19080 802061.12
19081 967215.22
19082 437323.06
19083 6431231.7
19084 6724527.7
19085 241555.49
19086 1056314.5
19087 85856.594
19088 89594.377
19089 73778.7
19090 371.97271
19091 0
19092 0
19093 0
19094 3061.3512
19095 3049.2115
19096 108506.16
19097 2418550.2
19098 1798693.6
19099 9142254.3
19100 5438952.3
19101 11834270
19102 19798660
19103 5703484.4
19104 1183789.1
19105 3046244.8
19106 3438781.4
19107 2528095.5
19108 1503143.6
19109 501842.06
19110 267735.07
19111 108388.1
19112 28751.002
19113 9959.8955
19114 79016.025
19115 262782.54
19116 174432.64
19117 2558283.4
19118 5872594.8
19119 4338002.7
19120 10373596
19121 11809908
19122 16380971
19123 3871248.3
19124 712230.97
19125 1063370.4
19126 546173.17
19127 1526599.9
19128 686236.41
19129 680220.1
19130 576379.41
19131 132387.34
19132 1087455.9
19133 982808.55
19134 1867753.4
19135 11445446
19136 6736965
19137 8215634
19138 18551280
19139 5439440.5
19140 1340890
19141 2055735.6
19142 847451.25
19143 11529.214
19144 9494.6266
19145 1084.4287
19146 37995.872
19147 249730.76
19148 7229378.1
19149 7957075.8
19150 6609659.5
19151 22050315
19152 8354117.1
19153 2900944.7
19154 2441491.4
19155 2002842.1
19156 265342.47
19157 100821.9
19158 1491152
19159 1345422.4
19160 2070993.7
19161 17772407
19162 11131041
19163 21373357
19164 24328045
19165 10714022
19166 3628668
19167 1290369
19168 1019839.8
19169 310686
19170 230528.77
19171 1472552.8
19172 1129918.8
19173 6579452.3
19174 11467627
19175 7892530.2
19176 3031671.5
19177 339784.1
19178 182872.56
19179 11191.571
19180 2097.8033
19181 1950.6473
19182 0.984375
19183 45683.416
19184 847957.29
19185 677247.47
19186 1332053.9
19187 6008143.2
19188 5160295
19189 1333947
19190 19973.595
19191 30118.538
19192 24922.209
19193 5803.777
19194 1557937.2
19195 1470752.1
19196 6086357.5
19197 10292945
19198 13461858
19199 30861234
19200 19940958
19201 18516475
19202 11883524
19203 4471234.2
19204 8088182.9
19205 5842698.5
19206 3511769.6
19207 11892656
19208 4789154.2
19209 7074122.2
19210 12314994
19211 12099822
19212 19870544
19213 10035768
19214 15092896
19215 5728940.9
19216 6495399.9
19217 2742194.4
19218 537477.25
19219 1660103.5
19220 2734649.4
19221 1159581.2
19222 2369575.7
19223 6910431.2
19224 4306497.1
19225 1810908.8
19226 535647.52
19227 4200167.8
19228 6738109.2
19229 1820692.3
19230 484711.09
19231 1632105.4
19232 1079818.1
19233 425244.53
19234 970215.68
19235 2540040.5
19236 952050.51
19237 865.15624
19238 278254.52
19239 1121485.9
19240 741169.11
19241 2025933.1
19242 12522961
19243 26025714
19244 17524690
19245 7175961.6
19246 6993131.2
19247 3410815.5
19248 3499750.5
19249 100227.72
19250 91724.264
19251 535205.91
19252 2611937.2
19253 2689263.5
19254 1033889.9
19255 19651.238
19256 123065.12
19257 2821136.1
19258 7564276.8
19259 11915453
19260 5979959.8
19261 29332221
19262 13308882
19263 4358943
19264 2943095.4
19265 9495830.9
19266 4554327.8
19267 332483.96
19268 1242976.7
19269 11228543
19270 11980073
19271 321374
19272 130632.75
19273 185887.01
19274 259398.45
19275 7732671.5
19276 16115459
19277 4621266.2
19278 2296413.4
19279 2437200.5
19280 543808.29
19281 227764.82
19282 124865.67
19283 3540.5679
19284 0
19285 23978.13
19286 450789.85
19287 480244.11
19288 2811609.4
19289 3849859.9
19290 1158501.8
19291 3005239.9
19292 4822439.6
19293 1272483
19294 24944.357
19295 29832.926
19296 38977.973
19297 3938.4073
19298 0
19299 386071.39
19300 446650.97
19301 116520.18
19302 570707.29
19303 334709.2
19304 332153.05
19305 752031.8
19306 496369.92
19307 552326.12
19308 5855821.6
19309 4380716
19310 3284281
19311 2271455.2
19312 591664.22
19313 2274822.2
19314 1293536.9
19315 388402.94
19316 401124.63
19317 1427731
19318 2114893.8
19319 3509452.7
19320 3884072
19321 5221220.5
19322 11325565
19323 13257323
19324 7712718.8
19325 4694531.7
19326 6170142.9
19327 5262967.4
19328 1494037
19329 3046770.9
19330 1206634.7
19331 14.46433
19332 419189.11
19333 1373116.3
19334 685600.34
19335 1373052
19336 6794992.2
19337 7099528.2
19338 1106619.7
19339 4194762.8
19340 6934614.6
19341 13053225
19342 4022062.8
19343 489696.46
19344 83943.739
19345 11753.423
19346 243.68133
19347 0
19348 4837077.1
19349 6556687.9
19350 1404032
19351 7146070.8
19352 4003866.9
19353 2866952.3
19354 6533110.1
19355 16765309
19356 33808388
19357 48188523
19358 32394285
19359 13064287
19360 5357911.3
19361 428072.04
19362 213875.67
19363 50279.236
19364 114621.89
19365 155257.2
19366 137479.31
19367 137662.05
19368 144466.95
19369 217116.73
19370 378835.19
19371 170424.21
19372 1938.736
19373 406.97506
19374 2.734375
19375 0
19376 0
19377 106.47
19378 13497.693
19379 213645.9
19380 288982.6
19381 180364.57
19382 185460.21
19383 598692.88
19384 491514.78
19385 80149.549
19386 16730.046
19387 2514.5301
19388 1766.4399
19389 0.109375
19390 0
19391 0
19392 406.92983
19393 78595.923
19394 268411.44
19395 652647.79
19396 635741.27
19397 235800.22
19398 579091.74
19399 404769.95
19400 31070.288
19401 966.77003
19402 2674.1442
19403 0
19404 0
19405 1961.9115
19406 5493.2543
19407 137988.93
19408 234613.86
19409 359973.35
19410 567231.95
19411 4123449.7
19412 18011383
19413 4957830.8
19414 12957572
19415 32778762
19416 42150835
19417 36294663
19418 31248077
19419 33768818
19420 41017088
19421 785088.56
19422 15157.492
19423 286248.38
19424 231463.06
19425 4639244.1
19426 8046835.7
19427 819456.28
19428 1236451.9
19429 513560.28
19430 951638.02
19431 241095.97
19432 963055.21
19433 493209.16
19434 1195430
19435 471659.11
19436 431955.77
19437 364862.89
19438 156426.95
19439 801078.21
19440 4911455.8
19441 5192383
19442 829888.42
19443 4829542
19444 24514829
19445 3846865.3
19446 356177.29
19447 2254131.1
19448 2096889.2
19449 552943.07
19450 225995.68
19451 233401.34
19452 48965.814
19453 99422.5
19454 46446.853
19455 17639.181
19456 82908.827
19457 350016.58
19458 507743.43
19459 320047.32
19460 1203590.8
19461 440425.21
19462 488826.19
19463 246475.81
19464 149772.76
19465 54187.23
19466 55468.517
19467 109711.76
19468 117639.71
19469 364435.29
19470 356018.56
19471 1641778.2
19472 2946894.9
19473 1027777.6
19474 1108514
19475 2134786.4
19476 1073326.6
19477 227510.47
19478 43736.83
19479 40391.983
19480 96572.177
19481 21071.372
19482 36721.404
19483 31211.241
19484 36169.129
19485 165848.3
19486 240796.27
19487 169596.78
19488 91597.477
19489 80369.789
19490 151535.7
19491 69225.715
19492 118260.51
19493 182130.61
19494 107292.44
19495 125713.88
19496 72180.087
19497 54174.417
19498 68690.563
19499 388229.95
19500 537624.06
19501 809362.37
19502 86510.06
19503 18328.095
19504 174235.05
19505 59832.548
19506 75233.734
19507 166164.44
19508 80853.507
19509 76689.922
19510 9141358
19511 15595642
19512 3788770.7
19513 4737026.4
19514 2976478.2
19515 935320.68
19516 4715276.6
19517 2055125.2
19518 2029930.2
19519 163918.46
19520 384652.76
19521 347564.6
19522 162416.27
19523 414916.26
19524 275170.49
19525 385799.85
19526 176545.52
19527 193076.86
19528 88792.922
19529 62674.95
19530 169472.53
19531 134966.85
19532 95202.439
19533 164918.57
19534 162766.12
19535 98165.185
19536 26165.157
19537 60033.134
19538 88348.034
19539 44963.488
19540 98402.373
19541 104903.92
19542 149262.17
19543 142999.49
19544 60604.145
19545 142689.79
19546 180642.4
19547 204655.12
19548 62101.041
19549 62602.68
19550 51862.803
19551 100269.46
19552 238487.32
19553 236391.62
19554 101905.97
19555 40309.475
19556 40295.263
19557 184245.56
19558 65723.086
19559 53376.611
19560 39421.156
19561 400062.26
19562 484529.46
19563 160188.37
19564 61031.891
19565 139205.06
19566 121122.97
19567 50604.379
19568 41281.289
19569 238377.75
19570 298035.09
19571 279626.65
19572 183964.57
19573 135471.86
19574 113907.73
19575 108686.23
19576 40643.374
19577 77533.345
19578 111662.9
19579 61344.099
19580 176031.83
19581 125363.78
19582 68875.065
19583 88064.51
19584 93380.512
19585 53788.377
19586 126644.17
19587 156262.05
19588 89813.118
19589 27266.898
19590 339708.14
19591 548627.4
19592 236964
19593 130275.71
19594 124808.51
19595 38068.566
19596 150608.24
19597 395545.05
19598 470525.51
19599 104138.88
19600 137365.61
19601 175860.42
19602 134930.27
19603 88546.4
19604 118118.13
19605 97325.76
19606 63156.873
19607 447940.31
19608 506860.79
19609 96519.471
19610 22188.822
19611 14520.924
19612 49410.436
19613 115934.5
19614 99400.516
19615 8089068.5
19616 29971148
19617 44306239
19618 0
19619 38767461
19620 14722750
19621 15910.558
19622 535096.59
19623 3298952.1
19624 3739287.2
19625 638071.43
19626 644837.11
19627 97469.869
19628 289266.02
19629 534317.44
19630 63512.412
19631 98117.154
19632 119808.73
19633 194204.36
19634 184638.11
19635 422269.45
19636 366344.34
19637 270863.09
19638 516472.42
19639 438340.59
19640 555000.91
19641 360677.14
19642 660985.74
19643 1123806
19644 521539.53
19645 1181128.2
19646 1645358.1
19647 1689442.8
19648 583961.06
19649 257647.15
19650 514085.79
19651 611569.71
19652 206573.7
19653 247866.24
19654 527056.46
19655 117749.72
19656 388387.85
19657 522971.67
19658 58824.375
19659 229559.2
19660 137042.19
19661 298837.03
19662 188343.48
19663 453412.13
19664 842409.23
19665 1145277
19666 1029793.6
19667 497946.54
19668 2496786.5
19669 1372998.9
19670 948036.92
19671 2943902.1
19672 1751168.9
19673 2276465.8
19674 1623382.4
19675 926774.69
19676 1452503.9
19677 1859062.1
19678 1302024
19679 1115177.4
19680 423441.24
19681 1855122
19682 429911.04
19683 1142721.4
19684 1238849.5
19685 1204455.1
19686 1393733.7
19687 713355.55
19688 1476176.1
19689 581262.94
19690 950747.12
19691 1968234
19692 397022.71
19693 1425797.9
19694 2314642.6
19695 1825258.6
19696 899239.71
19697 1319983
19698 1491244.8
19699 879593.79
19700 1207746.5
19701 671905.03
19702 2258430.8
19703 1411085.3
19704 788312.45
19705 1896748.2
19706 1117391.3
19707 310118.77
19708 863056.61
19709 422109.97
19710 603353.71
19711 1531666
19712 894242.72
19713 874690.51
19714 1070264.9
19715 1248026.6
19716 2091370.6
19717 1069617
19718 1674935.5
19719 704411.29
19720 852856.44
19721 1562214.1
19722 443322.91
19723 803794.09
19724 1542091.8
19725 1108295.4
19726 1327703.6
19727 1537184.7
19728 1002166.7
19729 904955
19730 608909.39
19731 2310021.8
19732 1269663.4
19733 1475317.6
19734 1219543.3
19735 825817.78
19736 1272674.8
19737 525701.98
19738 1524475.9
19739 863166.8
19740 1186137.1
19741 2497830
19742 983475.39
19743 1582819.4
19744 625016.38
19745 1162141
19746 971612.63
19747 834047.42
19748 3141301.7
19749 1446219.4
19750 2178724.8
19751 3815889.3
19752 1692214.9
19753 1549515
19754 1063698.4
19755 2472675.9
19756 2619562.8
19757 2535241.3
19758 4181064.1
19759 3818684.4
19760 692031.74
19761 2474732.7
19762 1877921.4
19763 910885.57
19764 3675832.7
19765 1487313.3
19766 2563113.5
19767 2875700.2
19768 648030.84
19769 1682475.7
19770 875575.48
19771 1266885.3
19772 708958.65
19773 983820.61
19774 1672975.1
19775 640726.57
19776 553400.29
19777 1493544.5
19778 561216.12
19779 692984.25
19780 705092.44
19781 1443670
19782 704885.84
19783 793415.6
19784 2224176.2
19785 755675.64
19786 779353.09
19787 664841.46
19788 1568810.8
19789 243217.48
19790 1201201.5
19791 1593392.4
19792 964897.2
19793 1214232.9
19794 559400.8
19795 1311983.1
19796 511126.97
19797 696358.92
19798 862961.91
19799 770504.02
19800 264406.96
19801 382519.53
19802 1242393.8
19803 409367.65
19804 578411.81
19805 253681.13
19806 1181646.7
19807 750686.4
19808 982437.68
19809 2301209.6
19810 733506.13
19811 1337424.1
19812 750900.14
19813 607366.94
19814 258294.68
19815 468810.58
19816 1035337
19817 447923.21
19818 781771.45
19819 741321.4
19820 1178125.9
19821 797244.13
19822 1322619.7
19823 1210124.4
19824 228552.91
19825 718033.09
19826 702888.95
19827 1029353.8
19828 1111289.9
19829 464877.44
19830 2077420.6
19831 1232914
19832 711749.26
19833 1869934.7
19834 534026.32
19835 1146333
19836 781509.07
19837 1528431.6
19838 1308305.1
19839 1054210.5
19840 1724475.7
19841 939592.79
19842 1574248.9
19843 1569778
19844 1299851.4
19845 1891188.4
19846 638643.85
19847 1581191.8
19848 1835103.9
19849 775868.57
19850 1818265
19851 1945677.5
19852 2254544.1
19853 791469.62
19854 1498839
19855 1166373.9
19856 739837.82
19857 2086950.8
19858 1307968.9
19859 1639793.6
19860 893354.54
19861 1689483.2
19862 907466.68
19863 1162591.7
19864 1804461.9
19865 1053172.5
19866 1260210.4
19867 392212.46
19868 2122962.5
19869 1239522.8
19870 1569896.6
19871 3168178.4
19872 3674808.5
19873 2622409.8
19874 2182992.4
19875 826028.91
19876 1215874.6
19877 968357.92
19878 583796.73
19879 589625.23
19880 361658.85
19881 809894.81
19882 422238.5
19883 428081.82
19884 1675670.3
19885 1248708.3
19886 1280516.9
19887 1226679.2
19888 3542450
19889 845751.8
19890 1284587.2
19891 580085.6
19892 1487022.3
19893 777781.44
19894 1130981.1
19895 2727291.6
19896 510155.97
19897 864459.99
19898 712474.32
19899 2456196.8
19900 789688.25
19901 564335.17
19902 411405.76
19903 938328.12
19904 450230.21
19905 827581.99
19906 1653786
19907 730700.87
19908 1213506.7
19909 555792.81
19910 1127666.8
19911 719839.95
19912 903409.18
19913 2114693.2
19914 1604739
19915 1285594.1
19916 1377562.1
19917 2725328
19918 797917.41
19919 840591.3
19920 1960142.8
19921 396199.72
19922 870691.89
19923 910144.04
19924 514773.33
19925 289747.41
19926 1110913
19927 1042591.2
19928 1479673.2
19929 1631517.6
19930 884126.26
19931 1672218.5
19932 2063264.6
19933 1164411.9
19934 1735759.3
19935 1391497.4
19936 1169319.2
19937 1752137.5
19938 886019.85
19939 2193711.2
19940 1037810.8
19941 1520337.4
19942 1179549.5
19943 1092801.6
19944 3816579
19945 3982279.6
19946 1905598.7
19947 888249.46
19948 463134.37
19949 1394539.9
19950 967629.47
19951 1411114.1
19952 1203617
19953 1659657.5
19954 2016063.7
19955 757437.97
19956 1865047.2
19957 2134635.8
19958 2453859.8
19959 1071718.2
19960 1536412.6
19961 1479229.4
19962 302372.14
19963 1716690.2
19964 1113936.8
19965 1500558.7
19966 2185546.4
19967 1499419.5
19968 1145746.3
19969 1167819.4
19970 1347153.2
19971 1413792.2
19972 513737.99
19973 1934848.8
19974 1018544
19975 1413631.6
19976 1938305.2
19977 1398393.6
19978 2255078.7
19979 1012451.9
19980 2234963.4
19981 812589.08
19982 2308227.3
19983 3284998
19984 1612464.2
19985 6644386.9
19986 6946029.4
19987 10407687
19988 14001349
19989 3143716.1
19990 4100093.8
19991 3572582.3
19992 2183848.2
19993 774478.06
19994 276548.51
19995 650777.61
19996 784354.46
19997 202266.6
19998 774374.38
19999 1428504.2
20000 920497.9
20001 624887.74
20002 1223155.5
20003 906353.9
20004 93082.625
20005 930806.74
20006 1785372.9
20007 1512342
20008 802199.61
20009 1130322.3
20010 1375442.1
20011 223359.19
20012 1207262.4
20013 1205919.2
20014 445817.87
20015 1033177.5
20016 1781953.7
20017 1053519.3
20018 715944.11
20019 1443388.5
20020 1721702.2
20021 951492.7
20022 1449145.5
20023 2070956.8
20024 784516.35
20025 1437428.9
20026 2290523.4
20027 1110175.8
20028 1247428.9
20029 2036800.3
20030 928310.26
20031 1764758.1
20032 2582352.8
20033 1336665.9
20034 1190075.5
20035 1325796.1
20036 1306220.3
20037 472619.09
20038 1492740.5
20039 3917707
20040 1133942.5
20041 1791013.4
20042 3048123.7
20043 3489369.4
20044 3124008.6
20045 856279.87
20046 4224795.2
20047 1629175.1
20048 1268295.2
20049 4120381.6
20050 2111443.5
20051 1531553.7
20052 4238400.3
20053 2019022.6
20054 3806077
20055 2128104.4
20056 3400741
20057 1723421
20058 1898578.8
20059 5547516.9
20060 1863111.7
20061 1721221.5
20062 11328947
20063 10561584
20064 2770544.5
20065 1950081.2
20066 3053477
20067 604000.12
20068 1163056.2
20069 2485569.9
20070 1562365.9
20071 1104879.9
20072 1716701.8
20073 6153656.5
20074 2167914.7
20075 874490.23
20076 625839.52
20077 3927351.4
20078 857227.69
20079 1039968.4
20080 984181.1
20081 870837.92
20082 1137995.3
20083 1868275.9
20084 3645681.3
20085 918985.43
20086 1005855.7
20087 1875738.4
20088 1420025.8
20089 204630.82
20090 984022.35
20091 3148302.7
20092 1668062.8
20093 730995.97
20094 1143694.5
20095 559915.42
20096 827937.82
20097 2149747.4
20098 2394116.8
20099 1234437.5
20100 788448.78
20101 2970342
20102 1176562.8
20103 2729843.2
20104 2605962.6
20105 2701332.7
20106 1340378.8
20107 1791334.3
20108 3084696.8
20109 446181.84
20110 732754.27
20111 978868.9
20112 360945.54
20113 1752602.3
20114 3337978.6
20115 4284851.5
20116 1351592.4
20117 646565.35
20118 2051367.6
20119 972505.46
20120 330903.71
20121 1615290.5
20122 1928527.6
20123 647702.47
20124 492358.34
20125 1473480.6
20126 343688.02
20127 825177.12
20128 2714584.3
20129 1935809
20130 3138931.5
20131 4127686
20132 5135694.9
20133 2461920.8
20134 1093894.2
20135 5581199.7
20136 2693287.1
20137 1559465.4
20138 4220460.4
20139 4802638.7
20140 1669674.9
20141 1199712.5
20142 4123024
20143 2150352.5
20144 2266362.7
20145 1716546
20146 3958968.7
20147 1776464.6
20148 1066978.2
20149 3664833.9
20150 1176358.6
20151 1906214.7
20152 4611350.9
20153 1621665.9
20154 2053334.6
20155 5469171.2
20156 2130683.8
20157 2323966.5
20158 2606774.9
20159 2886443.6
20160 3299342.6
20161 1369731.5
20162 3564254.6
20163 1394706.3
20164 1796434.2
20165 3666216.3
20166 1370495.4
20167 1167957.4
20168 387316.3
20169 299526.98
20170 1026523.1
20171 2315182.3
20172 2323847.6
20173 2231495.7
20174 1525986.8
20175 794059.03
20176 759620.72
20177 1794224.6
20178 1444910
20179 1239374.8
20180 1630210.6
20181 1238315.6
20182 601131.24
20183 342129.88
20184 3564638.8
20185 970631.09
20186 1129498.8
20187 1625637.4
20188 1357943.6
20189 779208.28
20190 645273.95
20191 3113658.1
20192 1081702.9
20193 770402.88
20194 2515256.7
20195 1060024.6
20196 510913.65
20197 1723737.3
20198 920757.55
20199 913906.66
20200 2114204.5
20201 3798495.4
20202 1647417.1
20203 931909.72
20204 4101364.7
20205 1712130.7
20206 366569.25
20207 579687.01
20208 3010193.4
20209 1439069.8
20210 1706289
20211 2271427
20212 2980183.7
20213 1558941.5
20214 1371760.6
20215 4671524.5
20216 2343305.7
20217 1071200.2
20218 931977.24
20219 741589.09
20220 196774.33
20221 915313.03
20222 2139712
20223 2115914.6
20224 813136.18
20225 1013258.4
20226 3935244.5
20227 1284059.6
20228 1039431.7
20229 3958633.3
20230 1752665.8
20231 1164160.3
20232 905054.34
20233 4229059.7
20234 1103319.8
20235 856503.09
20236 1385303.5
20237 921275.12
20238 1236898.8
20239 1177219.9
20240 3237397.5
20241 1157617
20242 2508760
20243 6727982.9
20244 2202830.7
20245 1425086.4
20246 1473640.8
20247 3232572.1
20248 1221225
20249 951727.36
20250 1513383
20251 1563593
20252 809915.14
20253 813099.81
20254 4378373.2
20255 3856897.4
20256 3641113.2
20257 2636376.4
20258 7544706
20259 2912549.1
20260 1926200
20261 3316211.8
20262 1412197
20263 852112.73
20264 890218.02
20265 3867314.5
20266 1476074.2
20267 1044095.1
20268 5862952.8
20269 2253806.9
20270 929194.67
20271 1908674.2
20272 3189665.5
20273 1738158.5
20274 637940.56
20275 2644520
20276 1463195.3
20277 1280118.9
20278 3711377.8
20279 2904691.2
20280 2827097.4
20281 1389980.7
20282 4867439.8
20283 2318642
20284 1708248.3
20285 2916292.1
20286 2788962.4
20287 891125.41
20288 2120351.6
20289 5255515.6
20290 1470839.3
20291 892032.57
20292 3170892
20293 3163934.9
20294 977875.84
20295 533711.22
20296 1614388
20297 545223.48
20298 206875.53
20299 511116.24
20300 448394.47
20301 833698.82
20302 544164.88
20303 537962.04
20304 80735.951
20305 831908.43
20306 1262004.5
20307 2170283.9
20308 841594.19
20309 741931.85
20310 3021925.4
20311 2146496.1
20312 715462.85
20313 316966.69
20314 541560.47
20315 275096.94
20316 1017825.9
20317 1427163.4
20318 3199564.9
20319 806001.15
20320 5568802.2
20321 25494393
20322 44110120
20323 12176046
20324 3041808.5
20325 7949986.9
20326 3183269.3
20327 1779390.3
20328 5369269.2
20329 3214346.9
20330 3391387.6
20331 365274.05
20332 307223.41
20333 1548712
20334 1827807.5
20335 1231694.1
20336 466636.62
20337 1026009.3
20338 3843525.8
20339 1372341.4
20340 1659451.4
20341 9270367.3
20342 24313664
20343 27509970
20344 41910640
20345 15049854
20346 32901222
20347 40691052
20348 0
20349 426.9553
20350 603075.19
20351 1157864.2
20352 1978662.1
20353 1062751.5
20354 271332.17
20355 1533648.1
20356 5553418.1
20357 1122679.6
20358 261050.7
20359 290025.14
20360 87591.138
20361 50334.777
20362 349413.14
20363 340747.48
20364 288561.19
20365 302924.88
20366 437103.13
20367 512780.38
20368 324413.7
20369 1785846.3
20370 2377151.3
20371 205491.74
20372 1108524.2
20373 508498.18
20374 331671.89
20375 417366.98
20376 547056.98
20377 549112.35
20378 878646.59
20379 2219104.5
20380 4796352.1
20381 944490.81
20382 1314609
20383 2106208.1
20384 1083022.8
20385 1052039.7
20386 1811921.1
20387 2164573.5
20388 366234.88
20389 646585.77
20390 756344.55
20391 156060.43
20392 127269.06
20393 1253351.7
20394 1480075.6
20395 159490.23
20396 1524476.9
20397 2793354.5
20398 1183776.3
20399 787159.33
20400 971221.67
20401 1305308.5
20402 1521978.6
20403 550405.43
20404 405885.67
20405 1155854
20406 1702481.7
20407 1268417.8
20408 399486.27
20409 65856.459
20410 864354.76
20411 929236.69
20412 139687.23
20413 582780.39
20414 1016886.2
20415 679090.23
20416 442734.37
20417 447140.43
20418 524805.7
20419 313162.78
20420 262630.93
20421 606282.53
20422 1040785.2
20423 2378098.3
20424 5434002.7
20425 2715206.3
20426 136977.99
20427 1012782.6
20428 1743940.9
20429 363318.07
20430 51428.771
20431 620379.47
20432 2320782.7
20433 671571.96
20434 336007.6
20435 991578.84
20436 567879.07
20437 159584.23
20438 1186674.5
20439 1583599.1
20440 286010.23
20441 1214303
20442 2928529.4
20443 1384260.6
20444 87500.876
20445 336173.52
20446 322908.42
20447 585348.2
20448 409928.11
20449 137280.68
20450 1868202.2
20451 1678074.2
20452 542957.58
20453 455755.45
20454 878684.15
20455 1629759.4
20456 1828684.2
20457 204660.75
20458 431766.65
20459 388030.9
20460 471406.71
20461 305075.99
20462 376078.28
20463 199421.21
20464 522874.49
20465 205021.51
20466 451645.97
20467 248338.55
20468 329434.12
20469 819850.06
20470 535492.48
20471 894203.14
20472 348989.1
20473 410325.85
20474 584798.02
20475 333429.09
20476 693322.72
20477 282448.02
20478 1035052.4
20479 1021233.7
20480 776317.81
20481 879268.5
20482 698734.47
20483 330205.74
20484 666017.75
20485 590590.75
20486 169558.68
20487 197260.76
20488 132156.53
20489 720063.98
20490 244089.22
20491 657531.28
20492 1019488
20493 188084.21
20494 678226.99
20495 490658.99
20496 780539.6
20497 236448.12
20498 444151.58
20499 376760.35
20500 1138769
20501 1023402.3
20502 227633.41
20503 851057.93
20504 892474.23
20505 647317.04
20506 476209.68
20507 326709.14
20508 774692.94
20509 557524.7
20510 182954.18
20511 393357.76
20512 176060.06
20513 321956.36
20514 252600.65
20515 959963.15
20516 1740736.7
20517 1903024.9
20518 2097865.3
20519 1177207.3
20520 518521.88
20521 283481.9
20522 75729.822
20523 2184933.3
20524 2545523.6
20525 495985.95
20526 558929.93
20527 1002737.7
20528 2132469.5
20529 1094878.6
20530 849731.45
20531 701005.16
20532 291738.38
20533 23203.067
20534 668137.01
20535 1171109.9
20536 2224783.8
20537 1260200.4
20538 350148.69
20539 1047107.7
20540 386367.78
20541 568284.66
20542 395333.66
20543 533091.16
20544 406942
20545 381779.48
20546 1819719.2
20547 1021682
20548 654515.03
20549 313501.98
20550 1877519.4
20551 1620155.1
20552 716400.71
20553 1564114.2
20554 528410
20555 862684.6
20556 1447617.4
20557 517468.24
20558 1526624.6
20559 1228900.9
20560 807406.66
20561 1204538.9
20562 676236.49
20563 1941505
20564 633825.02
20565 1155976.6
20566 1321064.4
20567 758732.71
20568 769274.87
20569 542486.76
20570 423824.78
20571 187607.82
20572 415697.1
20573 1080883
20574 270003.95
20575 1005789.3
20576 702752.9
20577 473446.27
20578 946112.01
20579 299899.97
20580 1007743.2
20581 794476.59
20582 1550392.5
20583 16172457
20584 31615316
20585 42106221
20586 31800766
20587 31507037
20588 32306059
20589 37210959
20590 0
20591 2853.2564
20592 277836.99
20593 429956.63
20594 303779.94
20595 4602073.6
20596 2403781.6
20597 1071308.7
20598 15091925
20599 19243865
20600 1411748.2
20601 9988311.9
20602 17566567
20603 2629805.9
20604 4295607.5
20605 9804768
20606 4014075.7
20607 4864397.4
20608 11128064
20609 8793940.2
20610 5823062.3
20611 2871845
20612 10586743
20613 4864761.8
20614 2974237.9
20615 4549272.9
20616 745782.3
20617 2431870.9
20618 2853732.5
20619 486930.26
20620 1005980.7
20621 2034791.3
20622 1188451
20623 1055233
20624 698571.08
20625 920608.75
20626 240604.94
20627 1148998.3
20628 1882183
20629 577461.41
20630 305722.15
20631 795580.7
20632 1051974
20633 624887.31
20634 1298391.5
20635 1221475.7
20636 1966850.4
20637 225900.15
20638 877909.11
20639 965278.55
20640 585188.28
20641 639657.2
20642 1214717.6
20643 1370426.5
20644 355018.6
20645 589177.22
20646 1860331.1
20647 908800.25
20648 850831.8
20649 410404.03
20650 638014.89
20651 579321.46
20652 421281.82
20653 728844.47
20654 274757.24
20655 289857.54
20656 183218.45
20657 1073044.6
20658 279738.84
20659 1037329.7
20660 1113556.2
20661 1280784.4
20662 541874.62
20663 200515.07
20664 696459.53
20665 667754.73
20666 559241.05
20667 682427.81
20668 733834.28
20669 1172653.9
20670 391453.14
20671 355004.49
20672 749632.97
20673 382466.21
20674 408981.12
20675 425033.71
20676 1641434.1
20677 655526.7
20678 500222.91
20679 1404003.7
20680 903853.36
20681 1285804.3
20682 1230077.2
20683 1188094.1
20684 1101451.5
20685 662078.08
20686 735785.1
20687 203831.76
20688 868229.18
20689 1549241.9
20690 2512295.4
20691 1745246
20692 2047872
20693 1576252.3
20694 228298.27
20695 266890.95
20696 878224.27
20697 403219.58
20698 944909.72
20699 400183.64
20700 831827.39
20701 398248.82
20702 501142.58
20703 843283.09
20704 458339.72
20705 855010.56
20706 503369.45
20707 587867.55
20708 310769.38
20709 335380.48
20710 683057.57
20711 548790.48
20712 557131.94
20713 446726.4
20714 201837.08
20715 108787.48
20716 147440.51
20717 92666.83
20718 331383.85
20719 857430
20720 740545.92
20721 199482.38
20722 52919.915
20723 366979.7
20724 232893.89
20725 634286.7
20726 526500.64
20727 491268.84
20728 484555.4
20729 176707.74
20730 582569.86
20731 382182.64
20732 538638.44
20733 338192.95
20734 494055.84
20735 459153.06
20736 131380.94
20737 486619.04
20738 579984.61
20739 678732.15
20740 720680.64
20741 317129.19
20742 304033.8
20743 368192.45
20744 293963.03
20745 218205.24
20746 154457.74
20747 247997.4
20748 135119.18
20749 262816.8
20750 702856.05
20751 781053.34
20752 478133.17
20753 229047.08
20754 316576.45
20755 532050.26
20756 277021.93
20757 63879.934
20758 121530.31
20759 299691.87
20760 174804.65
20761 76543.214
20762 104290.15
20763 282576.02
20764 122059.94
20765 231400.14
20766 812139.79
20767 291786.91
20768 118246.19
20769 759712.42
20770 985987.13
20771 219877.86
20772 139298.33
20773 98527.771
20774 89770.612
20775 130709.06
20776 48625.904
20777 484003.57
20778 123621.16
20779 187173.06
20780 289152.9
20781 138018.58
20782 28842.732
20783 122093.42
20784 470298.24
20785 201591.16
20786 106504.13
20787 409200.06
20788 128394.82
20789 480423.02
20790 906745.44
20791 318599.39
20792 331261.67
20793 343414.35
20794 339802.76
20795 312059.42
20796 254887.89
20797 970652.96
20798 435402.31
20799 414782.69
20800 379226.66
20801 173001.39
20802 499713.07
20803 974025.78
20804 512873.68
20805 444226.64
20806 134155.48
20807 365341.43
20808 278716.16
20809 473895.69
20810 523905.87
20811 125718.18
20812 191200.93
20813 82274.321
20814 345185.19
20815 219764.88
20816 124222.89
20817 142495.6
20818 82137.09
20819 118283.8
20820 171381.43
20821 141838.13
20822 74406.814
20823 95859.346
20824 107863.38
20825 61346.162
20826 375091.03
20827 338897.9
20828 955585.21
20829 320273.63
20830 254038.82
20831 6670988.5
20832 11298154
20833 4011895.8
20834 2100656.5
20835 1133978.5
20836 707001.38
20837 288038.4
20838 228325.31
20839 329185.42
20840 689865.5
20841 431590.54
20842 137623
20843 1151053.6
20844 1678763.6
20845 254873.98
20846 782434.2
20847 622936.16
20848 531921.25
20849 402778.45
20850 609055.27
20851 409504.83
20852 602032.2
20853 741503.29
20854 1449120.3
20855 1542036.4
20856 418246.92
20857 479452.07
20858 1985429.8
20859 819306.4
20860 203564.28
20861 847186.15
20862 680853.58
20863 61242.447
20864 382080.62
20865 915704.45
20866 128437.81
20867 511919.98
20868 1021932.1
20869 374904.88
20870 264291.52
20871 366097.49
20872 1019798.9
20873 412890.96
20874 409979.15
20875 613145.75
20876 427564.63
20877 480220.74
20878 255028.72
20879 362517.11
20880 450527.13
20881 366359.28
20882 594480.78
20883 255086.23
20884 630468.33
20885 973701.5
20886 458360.74
20887 956490.36
20888 1011093.5
20889 296178.19
20890 636155.13
20891 913001.82
20892 311114.99
20893 268471.69
20894 299824.93
20895 592407.03
20896 693506.78
20897 1904432.4
20898 2294374.9
20899 559435.04
20900 228244.76
20901 206434.07
20902 294760.91
20903 562370.61
20904 240975.73
20905 322863.48
20906 1498389.1
20907 1045342.4
20908 880072.59
20909 529057.71
20910 969918.87
20911 653592.04
20912 431646.79
20913 493866.52
20914 564691.43
20915 1242362.2
20916 1302766.1
20917 554180.25
20918 1090817.8
20919 561512.97
20920 343015.27
20921 436041.27
20922 415152.35
20923 462425.91
20924 317311.45
20925 661890.14
20926 540387.6
20927 120351.13
20928 470556.48
20929 614823.46
20930 796163.5
20931 354769.33
20932 440067.16
20933 405445.19
20934 199746.59
20935 501958.93
20936 288509.69
20937 1003465.7
20938 835549.74
20939 635002.02
20940 456331.08
20941 175729.23
20942 90327.655
20943 58794.811
20944 73816.457
20945 181276.38
20946 316568.62
20947 276380.41
20948 248158.12
20949 125930.08
20950 85327.886
20951 264135.15
20952 435210.59
20953 72675.502
20954 98064.436
20955 77795.71
20956 188553.05
20957 358455.99
20958 695161.4
20959 183448.18
20960 63846.681
20961 72183.053
20962 54793.489
20963 644064.4
20964 325745.94
20965 100949.21
20966 139131.81
20967 328162.31
20968 396618.94
20969 169521.89
20970 131698.25
20971 98219.023
20972 919873.55
20973 987450.81
20974 387470.73
20975 1076024.5
20976 483452.36
20977 973702.32
20978 801544.03
20979 711025.93
20980 1127734.7
20981 577985.77
20982 707994.25
20983 1771485.2
20984 1391263.2
20985 636026.62
20986 1942691.1
20987 1874863.9
20988 2032381.2
20989 208289.89
20990 627326.86
20991 843811.53
20992 52002.093
20993 59738.482
20994 46480.897
20995 38626.031
20996 232195.15
20997 263581.57
20998 185075.05
20999 303746.47
21000 154877.24
21001 277026.96
21002 495749.99
21003 378604.36
21004 418336.45
21005 473030.6
21006 1338977.9
21007 1441202
21008 177137.19
21009 330883.83
21010 1196353.2
21011 922365.71
21012 3622993.2
21013 1313635.6
21014 600191.82
21015 731847.39
21016 733704.31
21017 290515.42
21018 1348715.6
21019 887442.48
21020 152134.84
21021 534659.04
21022 721622.55
21023 943024.71
21024 387488.97
21025 1182439.5
21026 789627.8
21027 403155.75
21028 1435312.1
21029 813595.58
21030 2337287.6
21031 1391461.7
21032 891928.37
21033 1296427.5
21034 1169826.9
21035 3309765.9
21036 2305005.9
21037 1056927.3
21038 1555204.4
21039 1858477.7
21040 2540268
21041 2497814.6
21042 1428029.3
21043 619087.4
21044 5377202.2
21045 28671509
21046 17752016
21047 5371913.7
21048 1314285.4
21049 1201138.4
21050 475447.48
21051 1095295.5
21052 1015377.6
21053 196615.49
21054 987694.02
21055 1240705.9
21056 878383.46
21057 1540821.4
21058 774045.51
21059 1979210.3
21060 1383371.5
21061 3432908.2
21062 3824684.3
21063 1773922.9
21064 1374163
21065 1986409
21066 683953.34
21067 1491407.1
21068 540758.55
21069 1568934.2
21070 583750.78
21071 2358262.9
21072 1424950.8
21073 1359117.7
21074 2274342.4
21075 1514992.7
21076 4821335.5
21077 2498684.1
21078 1981633
21079 2076341.3
21080 1950684.4
21081 2153771.3
21082 818667.06
21083 3656779.9
21084 1514521
21085 1618238.4
21086 4085974.4
21087 1994303.5
21088 1091817.6
21089 1559637
21090 1449748.4
21091 935978.83
21092 2614317.5
21093 1712372.5
21094 1780177.2
21095 2218913.3
21096 1755236.2
21097 3112332
21098 3508305.8
21099 3222950.6
21100 1593730.9
21101 1741621.4
21102 731061.33
21103 2677564.3
21104 1196387.2
21105 2523067.5
21106 4061830.4
21107 3281155.6
21108 1546083.8
21109 924400.79
21110 776200.13
21111 620339.82
21112 1006505.2
21113 688557.13
21114 649916.53
21115 1511004.5
21116 1199673.9
21117 116981.26
21118 505933.15
21119 370906.32
21120 354959.29
21121 476880.84
21122 775575.3
21123 854482.87
21124 351608.15
21125 175125.12
21126 417151.54
21127 957492.35
21128 848708.47
21129 2726424.9
21130 7850447.8
21131 22412204
21132 39613551
21133 39405885
21134 31830983
21135 11823038
21136 38154230
21137 32940856
21138 0
21139 47983804
21140 10584497
21141 40888691
21142 6022364.5
21143 40457551
21144 39331373
21145 5787209.5
21146 3231161.3
21147 2027506.7
21148 4787300.3
21149 7517582.1
21150 8143219.8
21151 27731600
21152 30615774
21153 6087182.4
21154 870746.37
21155 602252.56
21156 413538.37
21157 305831.67
21158 1275209
21159 14144042
21160 35736992
21161 30536554
21162 12829221
21163 14787392
21164 2374382.1
21165 14546559
21166 5164927.7
21167 17459974
21168 7654682.2
21169 32602970
21170 16511195
21171 8015864.9
21172 2140791.2
21173 42398930
21174 11150547
21175 30966251
21176 18084033
21177 32167431
21178 21403947
21179 42334747
21180 6328983.2
21181 44028427
21182 18383850
21183 26244453
21184 8999125.4
21185 45371274
21186 6932484
21187 11770630
21188 218177.88
21189 311607.98
21190 81342.608
21191 112424.68
21192 114737.79
21193 61950.79
21194 138023.14
21195 348885.51
21196 395188.4
21197 2644143.6
21198 14647059
21199 39445109
21200 39272846
21201 22307716
21202 36274031
21203 24947195
21204 40092353
21205 36693981
21206 36677579
21207 43925447
21208 13132672
21209 47396813
21210 34350370
21211 31657717
21212 20291167
21213 39484497
21214 40586362
21215 321780.19
21216 27160374
21217 27370365
21218 8031334.4
21219 19450387
21220 10895872
21221 20771650
21222 40767143
21223 47679965
21224 15376997
21225 14620184
21226 19606405
21227 37065041
21228 327988.59
21229 22316016
21230 33774392
21231 13490542
21232 45876271
21233 41598057
21234 28738269
21235 47030013
21236 48420499
21237 27786506
21238 29266641
21239 37840174
21240 20193782
21241 34699856
21242 36475236
21243 23900053
21244 30842509
21245 22749293
21246 26950527
21247 11424176
21248 5145544.7
21249 3185112.3
21250 146277.71
21251 3366167.9
21252 10131190
21253 4384399.7
21254 7782355
21255 13942781
21256 30187156
21257 16313053
21258 9760529
21259 29201486
21260 12812255
21261 26655642
21262 5873984.9
21263 39217358
21264 29047035
21265 18922886
21266 10375585
21267 33552220
21268 14140946
21269 3313771.4
21270 16072617
21271 9717228.6
21272 2204403.7
21273 5470503.3
21274 28977614
21275 18743803
21276 2341301
21277 7731011.6
21278 36342847
21279 14043617
21280 31062293
21281 5460188.6
21282 43535341
21283 24497460
21284 19120580
21285 28567481
21286 14483868
21287 17820712
21288 5710995.9
21289 27085001
21290 10014391
21291 4335812.7
21292 26061143
21293 15477381
21294 9201083.3
21295 38092753
21296 14329731
21297 2308499.5
21298 4635977.7
21299 4198105.1
21300 753759.46
21301 279003.93
21302 237208.56
21303 292520.76
21304 347912.81
21305 318670.78
21306 8692676.5
21307 30747633
21308 21640144
21309 3535785.2
21310 11121536
21311 27858088
21312 8426941.6
21313 2004283
21314 1990227.5
21315 1053499.1
21316 2519184.2
21317 1471054.1
21318 20893.958
21319 1157693.8
21320 15378286
21321 21858906
21322 10109586
21323 9128252.3
21324 33206272
21325 26142043
21326 12961887
21327 41672691
21328 2109851.2
21329 36562200
21330 39101494
21331 36725523
21332 24847411
21333 9679663.9
21334 12543170
21335 5325359.1
21336 2649692.3
21337 116685.25
21338 122945.86
21339 193479.86
21340 10955.94
21341 41922.933
21342 9507.4487
21343 8918.2741
21344 34602.864
21345 50683.279
21346 54034.32
21347 56198.97
21348 57346.677
21349 66753.475
21350 249836.37
21351 847897.66
21352 219505.26
21353 114811.75
21354 626938.06
21355 2320386.6
21356 875784.76
21357 7759308.3
21358 48783141
21359 47164496
21360 49228492
21361 12770349
21362 156318.15
21363 444451.96
21364 563209.02
21365 258392.38
21366 27491169
21367 25966096
21368 10146386
21369 2826225.9
21370 30429659
21371 34873012
21372 15167850
21373 4289217.6
21374 22628905
21375 10461240
21376 5159167.8
21377 5863813.1
21378 1632043.6
21379 14441653
21380 21765135
21381 21476894
21382 44823608
21383 25762307
21384 21069490
21385 38015476
21386 30036861
21387 21808127
21388 21726542
21389 40908939
21390 7327714.8
21391 610850.1
21392 72548.516
21393 984640.16
21394 3601438
21395 2587476.8
21396 595759.99
21397 104145.72
21398 544348.75
21399 11957294
21400 39007355
21401 496.86438
21402 0
21403 48094621
21404 45490039
21405 17457633
21406 0
21407 44650554
21408 40199385
21409 13764746
21410 217371.49
21411 1938905.3
21412 38562010
21413 32615640
21414 30777573
21415 2659736.9
21416 40154422
21417 34913154
21418 44240139
21419 1493504.8
21420 41362156
21421 12992720
21422 3150875.4
21423 10680531
21424 15430421
21425 41608567
21426 20655401
21427 19261873
21428 31948831
21429 25878910
21430 28587534
21431 20419487
21432 11008555
21433 1986422.6
21434 7890719.2
21435 16842024
21436 3293126.1
21437 54750.512
21438 7814303.4
21439 7539179.1
21440 4570860.5
21441 11555783
21442 5552690.8
21443 94383.563
21444 0
21445 0
21446 0
21447 0
21448 0
21449 0
21450 0
21451 0
21452 0
21453 0
21454 18186.985
21455 82616.584
21456 81107.621
21457 292432.69
21458 12116526
21459 15457731
21460 10486490
21461 9999437.8
21462 24105112
21463 12007902
21464 6511993
21465 6507500
21466 5120384.5
21467 1781201.2
21468 1975580.5
21469 1393661.6
21470 33041.767
21471 1068.0002
21472 462.94812
21473 965.60108
21474 4086.2281
21475 2023.0448
21476 378.71891
21477 3.1340261
21478 826350.96
21479 917025.95
21480 257039.69
21481 320650.77
21482 955694.62
21483 8048382.8
21484 6002359.3
21485 7271823
21486 26577914
21487 23206711
21488 12869233
21489 18925452
21490 30115029
21491 14573478
21492 2961620.9
21493 3540140.1
21494 5408798.4
21495 1535058.7
21496 6365965.7
21497 10251306
21498 2368133.4
21499 10368.197
21500 3832.1317
21501 917.19511
21502 5702801.1
21503 6898800.9
21504 1746204
21505 1275142.6
21506 5809041.6
21507 16318449
21508 4516001.5
21509 3389115
21510 554203.97
21511 754152.01
21512 1276574.2
21513 719137.59
21514 3795505.5
21515 4062200.6
21516 361210.76
21517 4729.7917
21518 9938.4056
21519 13995.753
21520 2398.7439
21521 487.24344
21522 629958.27
21523 628214.08
21524 514.71437
21525 793291.74
21526 2011802.4
21527 7373711.5
21528 15975820
21529 16218774
21530 18862597
21531 23060368
21532 28814797
21533 27696989
21534 11445720
21535 6826836.2
21536 11606162
21537 7636169.5
21538 7059578
21539 500492.61
21540 1554318.8
21541 6665021.1
21542 10300290
21543 4092283.5
21544 4271216.3
21545 4316814.4
21546 1089.6338
21547 0
21548 0
21549 0
21550 0
21551 8790.7091
21552 15862.244
21553 561510.44
21554 2897122.7
21555 9635975.3
21556 17807138
21557 17781295
21558 14054257
21559 6787259.7
21560 4807376.8
21561 8084528.2
21562 4378158.6
21563 54755.825
21564 3601.1853
21565 8094.7391
21566 14254.159
21567 16100.965
21568 24037.472
21569 9682.8007
21570 4332.8691
21571 859.5567
21572 0.109375
21573 2969.0853
21574 2969.0853
21575 0
21576 134501.26
21577 2042982.1
21578 2494312
21579 1105090.2
21580 6855221
21581 7459373.3
21582 190383.41
21583 5666.8783
21584 337843.73
21585 637309.7
21586 345842.1
21587 9933.676
21588 180.71534
21589 172633.13
21590 197152.29
21591 4031884.1
21592 6796953.8
21593 12462432
21594 137137.89
21595 254471.4
21596 100051.01
21597 137343.93
21598 549234.3
21599 773969.46
21600 6828456.1
21601 31409966
21602 26454353
21603 24088700
21604 26867242
21605 16447606
21606 3288348.5
21607 15217872
21608 21982370
21609 4262710
21610 21818.946
21611 30091.748
21612 2473535.5
21613 5592174.2
21614 2834038.9
21615 92.88194
21616 0
21617 0
21618 491.11219
21619 429654.77
21620 428043.05
21621 1009987.8
21622 2902080
21623 10883414
21624 8856801.2
21625 826615.53
21626 363182.35
21627 6191998.4
21628 25873473
21629 28272521
21630 32429911
21631 39350820
21632 29577762
21633 9090852.8
21634 3754048.7
21635 10504241
21636 9416422.1
21637 5904221.8
21638 688878.59
21639 815592.58
21640 6823.4785
21641 74913.085
21642 73866.362
21643 2130.8584
21644 596.42927
21645 82880.995
21646 88999.814
21647 939.50498
21648 0
21649 0
21650 16728.931
21651 188847.47
21652 169763.49
21653 222770.84
21654 6193389.8
21655 10795438
21656 14290875
21657 22733782
21658 29328819
21659 30060376
21660 23468424
21661 34527358
21662 31887296
21663 14966367
21664 10375915
21665 9284238.2
21666 616455.03
21667 409194.72
21668 5573486.3
21669 4937597.2
21670 2808.2303
21671 8.089375
21672 0
21673 342919.27
21674 342919.27
21675 0
21676 62904.634
21677 99163.865
21678 673041.78
21679 951725.95
21680 1737261.3
21681 2545867.6
21682 3058532
21683 9616755.8
21684 14486395
21685 2894903.7
21686 300974.13
21687 531721.97
21688 297998.7
21689 15201.52
21690 17455.573
21691 11075.985
21692 15164.836
21693 1445610
21694 4668905.5
21695 5123968
21696 5667628.5
21697 2867196.4
21698 5688698.2
21699 5578938
21700 714171.59
21701 2013643.6
21702 1702621.9
21703 7801101.8
21704 35928859
21705 20262453
21706 11898369
21707 28285235
21708 13399670
21709 4156736.2
21710 66848.461
21711 36280.751
21712 19064.987
21713 1305967.2
21714 1405967.6
21715 116326.6
21716 15804.699
21717 10230.388
21718 13837.455
21719 14867.757
21720 1.75
21721 0
21722 28032.421
21723 376579.74
21724 256266.08
21725 0
21726 358662.33
21727 348593.79
21728 5046502
21729 7916106.8
21730 3476782.6
21731 8935993.7
21732 8402830.6
21733 11799240
21734 16967216
21735 12740684
21736 25835652
21737 24525286
21738 20423382
21739 18452706
21740 11682621
21741 13711212
21742 10047128
21743 103572.28
21744 323.24159
21745 6373192.9
21746 12058244
21747 4976842.5
21748 6005140.1
21749 5188672.5
21750 7420.3253
21751 2.1175
21752 0
21753 0
21754 3208462.8
21755 3208462.8
21756 6943557.6
21757 7306504.5
21758 4466575.5
21759 4564012.1
21760 9446434
21761 10903410
21762 9631364.3
21763 29399249
21764 11107309
21765 5101855.6
21766 8224135.1
21767 35991892
21768 15505614
21769 11352327
21770 19829424
21771 5170068.2
21772 28469056
21773 10288975
21774 2146798.5
21775 3653559.6
21776 8922219.6
21777 10389386
21778 5156245.6
21779 1545259.2
21780 1663140
21781 5780756.7
21782 6230703
21783 2600843.1
21784 481067.63
21785 104435.36
21786 0
21787 0
21788 0
21789 6213259.2
21790 6924673.8
21791 194420.78
21792 1122000.3
21793 5119735
21794 27614209
21795 11385364
21796 4683211.1
21797 439505.34
21798 421139.66
21799 313170.51
21800 174406.6
21801 2043526
21802 2610455.3
21803 1197414.6
21804 1811.9534
21805 2.0373341
21806 0.984375
21807 0
21808 0
21809 4427952.8
21810 15268486
21811 8676731
21812 4173723
21813 13329025
21814 21840808
21815 23723760
21816 32137719
21817 34717925
21818 32372202
21819 24580056
21820 9377311.1
21821 8975172.7
21822 17858996
21823 8919037
21824 1820054.1
21825 6179981.2
21826 15574432
21827 15345463
21828 9617635.8
21829 124405.29
21830 5648554.3
21831 6429178.5
21832 415852.25
21833 0
21834 1280463.9
21835 1280485.5
21836 5670.5327
21837 8076691
21838 23163495
21839 27984750
21840 4220887
21841 5187325.6
21842 22108507
21843 15182642
21844 3927827.9
21845 96875.907
21846 164527.43
21847 25774.079
21848 1050.9689
21849 0.214375
21850 0
21851 283982.44
21852 1129671
21853 634275.7
21854 212103.72
21855 133857.28
21856 208382.43
21857 7615172.4
21858 23447559
21859 15820848
21860 20686353
21861 13616473
21862 3412881.2
21863 7516162.1
21864 7875410.2
21865 462608.48
21866 5099713.4
21867 9332741.1
21868 8884181.5
21869 4520869.5
21870 1626501.2
21871 4981397.1
21872 7690177.5
21873 16382867
21874 6841836.6
21875 68158.796
21876 5384272.2
21877 4621114.1
21878 14950828
21879 33226432
21880 28509835
21881 5594190
21882 3808938.9
21883 13140660
21884 10205346
21885 746579.52
21886 29100.977
21887 26291.552
21888 208.18291
21889 0
21890 17145581
21891 38094367
21892 39351789
21893 28643934
21894 19685267
21895 1067569.1
21896 1322537.5
21897 1130674.2
21898 693121.85
21899 121000.7
21900 4130.8435
21901 1047.1677
21902 525.38914
21903 4.1300946
21904 0
21905 0
21906 4031249.6
21907 4081836.8
21908 140018.47
21909 7163557.2
21910 10597026
21911 3258886.2
21912 433481.5
21913 433330.93
21914 145319.82
21915 1881100.6
21916 2008453.6
21917 4788.5603
21918 9655.3101
21919 82.079249
21920 0
21921 71.338898
21922 73.236315
21923 8801.7679
21924 2048240.2
21925 10383753
21926 6390670.6
21927 1375063.2
21928 595390.84
21929 331942.4
21930 405632.94
21931 9939.4983
21932 16779.292
21933 0
21934 0
21935 0
21936 0
21937 73910.509
21938 361354.16
21939 624315.12
21940 2078832.3
21941 799399.53
21942 7527.1452
21943 3261.8331
21944 1533.5916
21945 918129.58
21946 4512366.2
21947 5086688.2
21948 10993130
21949 19659440
21950 10320449
21951 10540336
21952 30096806
21953 10503597
21954 7256978
21955 7178348.2
21956 3206181.5
21957 6250952.4
21958 2855871.9
21959 6155189.5
21960 6155189.5
21961 0
21962 876.63888
21963 81685.374
21964 13760063
21965 36652224
21966 9752244.2
21967 259072.8
21968 195660.79
21969 25194.579
21970 1992.2536
21971 3445.4851
21972 2871.1673
21973 2.8667473
21974 0
21975 0
21976 0
21977 0
21978 13608.908
21979 115909.58
21980 287903.16
21981 433158.04
21982 310030.76
21983 245122.27
21984 170363.03
21985 140832.07
21986 220570.42
21987 255994.56
21988 5676215.2
21989 5607070
21990 1972615.4
21991 1937173
21992 0
21993 5096658.8
21994 16839335
21995 8524273.2
21996 11352289
21997 13780080
21998 36428380
21999 34372656
22000 14258359
22001 1214864.6
22002 270555.86
22003 89244.029
22004 2412.5547
22005 411.60964
22006 574.42588
22007 2352.3804
22008 43.917585
22009 0
22010 0
22011 0
22012 0
22013 0
22014 0
22015 0
22016 774.97757
22017 81157.152
22018 578041.87
22019 761123.72
22020 361730.98
22021 315516.06
22022 452470.57
22023 375429.57
22024 181466.67
22025 63218.999
22026 558.74126
22027 152.56687
22028 723.6487
22029 975.83286
22030 618.00668
22031 14.95673
22032 0
22033 0
22034 0
22035 0
22036 0
22037 230.70926
22038 273892.44
22039 1315697.1
22040 4121656.3
22041 10776242
22042 8960623.7
22043 1997774.2
22044 839099.98
22045 309358.11
22046 523944.35
22047 1014251.5
22048 492613.33
22049 6089.9925
22050 855.18053
22051 0
22052 0
22053 0
22054 0
22055 0
22056 1728.7359
22057 320278.91
22058 1748459.4
22059 1105960.9
22060 2053855.7
22061 4369679.7
22062 856844.98
22063 9617648.8
22064 21364892
22065 17448519
22066 11638304
22067 3973347
22068 2870048.5
22069 861795.96
22070 1313394.5
22071 1359073.3
22072 11085.157
22073 3.021682
22074 0
22075 0
22076 0
22077 709587.66
22078 1034690.9
22079 82244.832
22080 408716.35
22081 424010.69
22082 5581841.1
22083 21518420
22084 18624660
22085 10370877
22086 278508.24
22087 425963.48
22088 656155.73
22089 3301989.6
22090 17144422
22091 18171353
22092 44932365
22093 40696284
22094 40293194
22095 8137861.6
22096 0
22097 770821.13
22098 4073417.7
22099 1537119.2
22100 844592.9
22101 3719793.4
22102 1007311.5
22103 2126897.8
22104 12427050
22105 8136390.8
22106 808611.21
22107 546104.85
22108 938582.55
22109 1882294.9
22110 2239769.8
22111 57805.069
22112 8434408
22113 10665248
22114 10357154
22115 42801940
22116 0
22117 0
22118 171542.9
22119 636165.13
22120 255535.72
22121 304963.54
22122 1174923.4
22123 446845
22124 2304861.6
22125 2116770.5
22126 3800978.4
22127 5447170.7
22128 15164316
22129 12562963
22130 5943962
22131 18479099
22132 36352684
22133 29954038
22134 39393238
22135 38456460
22136 40210368
22137 0
22138 3551.7156
22139 286767.4
22140 777408.99
22141 2204571.2
22142 1059899.3
22143 10605894
22144 14414908
22145 22447447
22146 32164725
22147 41733501
22148 45669021
22149 24905154
22150 0
22151 50963.027
22152 268604.39
22153 2645867.6
22154 4097939.1
22155 595799.62
22156 124862.99
22157 113302.67
22158 31648.99
22159 3549.1472
22160 10.041407
22161 0
22162 0
22163 0
22164 0
22165 0
22166 0
22167 0
22168 0
22169 125593.49
22170 305824.89
22171 405578.79
22172 7548387.7
22173 21538233
22174 19753596
22175 31449770
22176 23843594
22177 14439870
22178 4038000
22179 2767263.3
22180 1248060.3
22181 15976352
22182 25557304
22183 11650282
22184 6282526
22185 7071781.5
22186 834126.86
22187 0.984375
22188 0
22189 435667.6
22190 435667.6
22191 0
22192 0
22193 0
22194 0
22195 0
22196 1566.3273
22197 42270.145
22198 129039.68
22199 307744.35
22200 312575.85
22201 323113.01
22202 362750.6
22203 1628940.1
22204 3506340.6
22205 3186716.6
22206 1684009.8
22207 363071.66
22208 107210.9
22209 10323576
22210 12048151
22211 10754783
22212 4165839.9
22213 2550382.8
22214 2460631.2
22215 5863998.1
22216 15953865
22217 16312965
22218 6698460.9
22219 54459.99
22220 6076010.1
22221 8435337.4
22222 550940.14
22223 426275.62
22224 337964.25
22225 109531.48
22226 483707.46
22227 213935.66
22228 346007.18
22229 1061492.6
22230 1017919.3
22231 267554.77
22232 1950.1427
22233 641.52836
22234 208.30714
22235 259.19921
22236 1112.5749
22237 3726.2172
22238 156.40147
22239 0
22240 0
22241 0
22242 0
22243 0
22244 0
22245 13.72
22246 694.12485
22247 2229.6357
22248 63700.665
22249 281033.19
22250 430873.93
22251 317007.55
22252 369484.4
22253 570063.63
22254 538496.89
22255 1277908.3
22256 1859325.1
22257 2309917.8
22258 2327886.3
22259 742195.91
22260 114868.37
22261 10916.722
22262 49007.817
22263 39291.75
22264 217.85656
22265 437.81478
22266 1671.7318
22267 2240.642
22268 2189.5727
22269 1695.5766
22270 299.16867
22271 0
22272 0
22273 0
22274 0
22275 0
22276 0
22277 80.92
22278 62771.609
22279 5018018.9
22280 16102111
22281 12691953
22282 14532783
22283 34085072
22284 42636713
22285 46990871
22286 0
22287 143.02231
22288 220440.8
22289 430108.23
22290 912620.59
22291 1832076.1
22292 4230475.8
22293 546361.04
22294 331337.57
22295 159667.34
22296 72724.902
22297 159066.92
22298 131095.17
22299 71536.377
22300 90220.001
22301 152666.3
22302 85781.361
22303 19148.933
22304 40172.089
22305 49235.284
22306 48104.78
22307 30339.88
22308 56628.35
22309 12158.397
22310 264029.32
22311 2437434.4
22312 3734767.1
22313 1427562.8
22314 649846.82
22315 2580435.2
22316 2697503.6
22317 1598659.3
22318 2333347.6
22319 1329896.2
22320 1736741.2
22321 2382066.7
22322 4395163.3
22323 2057149.8
22324 1884566.1
22325 2952059.9
22326 1866100.1
22327 36189.377
22328 369686.32
22329 352228.77
22330 149929.67
22331 500124.12
22332 1468157.6
22333 2274868.3
22334 7690822.6
22335 10708608
22336 4984582.5
22337 10066355
22338 4546355.3
22339 5562688.1
22340 4736071.8
22341 2801014.8
22342 80575.007
22343 29779.281
22344 18886.666
22345 23430.563
22346 18927.243
22347 70972.353
22348 26051.978
22349 59597.106
22350 708051.51
22351 956674.68
22352 103875.98
22353 11374.19
22354 12249097
22355 44332949
22356 7967523.1
22357 0
22358 97019.234
22359 459984.73
22360 261945.53
22361 222246.68
22362 271859.19
22363 8074463.7
22364 21901881
22365 21843472
22366 14602146
22367 7489679
22368 13053465
22369 12655917
22370 3947249.3
22371 7027615.1
22372 6560106.8
22373 3641294.5
22374 693618.99
22375 5326992.5
22376 4665007.1
22377 874360.86
22378 13763.728
22379 46954.505
22380 29735.071
22381 0
22382 0
22383 0
22384 0
22385 241.60938
22386 28469.239
22387 520532.13
22388 549482.64
22389 1317518.8
22390 5052355.8
22391 3102073.8
22392 1206880.1
22393 724318.27
22394 574306.67
22395 839281.86
22396 1543790
22397 8699503
22398 7118057.7
22399 441265.71
22400 2232054.3
22401 2041265.3
22402 140160.03
22403 942.472
22404 215.37626
22405 168.64245
22406 176.75942
22407 371.53093
22408 1012.5695
22409 3371.1113
22410 11702.112
22411 10697.375
22412 11068.233
22413 973.91427
22414 2040.4665
22415 2063.3773
22416 0
22417 0
22418 0
22419 0
22420 730122
22421 4927240.1
22422 3890094.6
22423 13722673
22424 37630905
22425 38908696
22426 27515304
22427 20075350
22428 40639124
22429 41794716
22430 39971390
22431 15225853
22432 0
22433 39048.229
22434 855081.39
22435 1853279.9
22436 2298142.1
22437 10100013
22438 5479143.1
22439 4145075.6
22440 718271.85
22441 712801.94
22442 38946.421
22443 61056.552
22444 49232.75
22445 99546.394
22446 217464.29
22447 13243.579
22448 119521.77
22449 411673.48
22450 466699.12
22451 107794.2
22452 212142.08
22453 252900.54
22454 170988.63
22455 130499.05
22456 32699.662
22457 30082.655
22458 32356.622
22459 19869.067
22460 26818.73
22461 49430.764
22462 115281.12
22463 102748.98
22464 135080.21
22465 39267.219
22466 151363.74
22467 308599.78
22468 337074.67
22469 268393.7
22470 205105.89
22471 414353.84
22472 82254.692
22473 234902.98
22474 245274.93
22475 551204.42
22476 148867.48
22477 365256.91
22478 494748
22479 766674.59
22480 338523.22
22481 220265.8
22482 1017578.7
22483 907319.02
22484 870215.68
22485 1580703
22486 1811945.5
22487 1276853.2
22488 300787.45
22489 507444.56
22490 55809.508
22491 73529.54
22492 191905.53
22493 823564.41
22494 693516.84
22495 215576.03
22496 308908.47
22497 457238.49
22498 702075.88
22499 272311.29
22500 240472.64
22501 294588.96
22502 328246.22
22503 376615.23
22504 192341.57
22505 220421.31
22506 90442.175
22507 316061.98
22508 333373.18
22509 429473.42
22510 362932.7
22511 181072.6
22512 227968.87
22513 263936.27
22514 720154.89
22515 380610.49
22516 84552.022
22517 51739.555
22518 95787.282
22519 133162.39
22520 166745.99
22521 110885.33
22522 160994.72
22523 335661.41
22524 371754.5
22525 205788.99
22526 24363.249
22527 37596.3
22528 51309.102
22529 78185.998
22530 36832.266
22531 26799.863
22532 27298.499
22533 43289.964
22534 32847.539
22535 34568.067
22536 40446.261
22537 81134.051
22538 85596.553
22539 196326.57
22540 91862.398
22541 43804.102
22542 39923.815
22543 37050.251
22544 755966.8
22545 1154729.8
22546 11390058
22547 39677097
22548 39535387
22549 17553798
22550 506666.94
22551 510437.1
22552 28534.552
22553 31781.885
22554 151866.45
22555 147373.02
22556 329495.82
22557 272748.12
22558 55312.059
22559 47132.908
22560 35008.602
22561 11045.396
22562 21796.711
22563 57346.604
22564 104838.36
22565 70517.972
22566 60476.418
22567 72593.674
22568 73282.014
22569 270239.28
22570 117158.18
22571 185095.8
22572 221103.25
22573 111895.39
22574 23011.473
22575 25365.092
22576 104188.45
22577 95410.922
22578 312678.38
22579 109029
22580 99617.357
22581 26430.602
22582 94547.551
22583 66047.216
22584 49146.404
22585 34027.462
22586 33523.455
22587 69796.015
22588 241054.28
22589 107380.61
22590 184674.33
22591 345895.48
22592 610772.77
22593 217312.36
22594 205853.61
22595 455124.75
22596 878468.64
22597 8934010.2
22598 11913763
22599 10561028
22600 15366853
22601 8547324.7
22602 1478661.8
22603 1150886.5
22604 728568.23
22605 429329.7
22606 771026.08
22607 794243.51
22608 783713.1
22609 143804.2
22610 765880.29
22611 665926.23
22612 790354.66
22613 290370.65
22614 86320.212
22615 422728.07
22616 575355.26
22617 588996.92
22618 159643.22
22619 29608.591
22620 48932.38
22621 73110.771
22622 70032.558
22623 52320.641
22624 632251.93
22625 729795.28
22626 480913.36
22627 31340.176
22628 75292.08
22629 46108.4
22630 41254.59
22631 106030.5
22632 48705.103
22633 772288.13
22634 718813.61
22635 427191.37
22636 3691170.6
22637 15969663
22638 17632294
22639 923638.53
22640 487957.09
22641 600949.36
22642 43318.034
22643 37478.363
22644 73883.558
22645 60195.743
22646 12134.289
22647 8276.0725
22648 15128.882
22649 30832.616
22650 29050.969
22651 69406.594
22652 131216.64
22653 168230.89
22654 53430.369
22655 283947.72
22656 424754.85
22657 936773.29
22658 263000.4
22659 460782.41
22660 234448.97
22661 1088641.7
22662 280963.13
22663 609206.13
22664 786035.21
22665 287983.41
22666 470611.67
22667 246656.38
22668 285447.09
22669 146631.23
22670 358946.4
22671 286845.27
22672 1697922.9
22673 3803049.5
22674 1956838.2
22675 2003381.7
22676 4110060.2
22677 3756792.2
22678 4901669.3
22679 4952259.8
22680 1280798.2
22681 307066.23
22682 1401261.2
22683 1399956.8
22684 259163.66
22685 224076.7
22686 309271.21
22687 91039.744
22688 91661.623
22689 241789.15
22690 46544.927
22691 134518.17
22692 284837.75
22693 314448.79
22694 52929.699
22695 54394.612
22696 373074.84
22697 613543.24
22698 349112
22699 397969.74
22700 400710.07
22701 148919.98
22702 144352.26
22703 970544.63
22704 424208.82
22705 619026.32
22706 600853.06
22707 205359.32
22708 1106142
22709 870276.91
22710 135426.24
22711 125177.5
22712 1330060.8
22713 1046480.5
22714 471840.95
22715 1110136
22716 653008.18
22717 502148.01
22718 1310236.5
22719 542014.63
22720 607311.26
22721 853681.31
22722 682937.78
22723 643879.35
22724 847996.19
22725 968769.92
22726 1239513.1
22727 631565.76
22728 600155.88
22729 629526.87
22730 540496.11
22731 608559.29
22732 72623.949
22733 74054.342
22734 133991.59
22735 580985.9
22736 665748.77
22737 486333.12
22738 1287438.1
22739 610029.74
22740 767023.24
22741 840030.37
22742 676050.37
22743 600311.42
22744 78045.543
22745 46529.325
22746 38581.463
22747 564346.57
22748 1231130.2
22749 468549.13
22750 461347.51
22751 1074006.9
22752 753080.09
22753 278900.96
22754 59601.652
22755 61719.583
22756 63093.619
22757 80215.676
22758 646570.13
22759 1367535
22760 575404.32
22761 659909.04
22762 601808.06
22763 222641.56
22764 737830.06
22765 584338.05
22766 177767.13
22767 168172.44
22768 507259.04
22769 1154023.4
22770 889320.08
22771 1154179.5
22772 598777.91
22773 1011428.6
22774 909429.04
22775 85174.942
22776 84558.235
22777 353384.32
22778 595886.01
22779 703846.71
22780 1214246.3
22781 673347
22782 709537.57
22783 54932.852
22784 43517.449
22785 41407.344
22786 591673.62
22787 742124.29
22788 103210.91
22789 86054.662
22790 39382.295
22791 101861.98
22792 80671.511
22793 79329.022
22794 118346.71
22795 114295.18
22796 171807.84
22797 209770.07
22798 97177.489
22799 242171.61
22800 261586.89
22801 523699.11
22802 1147178.2
22803 590577.42
22804 237850.07
22805 417711.96
22806 1196026.3
22807 921830.62
22808 362186.04
22809 49803.923
22810 34101.364
22811 58592.072
22812 1235226.2
22813 2050533.1
22814 1094430.9
22815 148251.2
22816 1110997.7
22817 1172092
22818 827678.81
22819 1668141.1
22820 1089695.5
22821 240238.96
22822 35940.147
22823 46563.45
22824 204674.53
22825 900145.64
22826 1228249.1
22827 1227955.2
22828 447155.83
22829 35103.983
22830 33205.629
22831 1188969.5
22832 8296342.8
22833 14535213
22834 7782431.6
22835 794773.83
22836 108749.72
22837 161273.74
22838 548068.3
22839 1192130.3
22840 529682.72
22841 270339.73
22842 486879.53
22843 495076.76
22844 609773.15
22845 595931.26
22846 577398.02
22847 624813.4
22848 106695.88
22849 37474.755
22850 27089.826
22851 78131.151
22852 306581.38
22853 510375.63
22854 254289.39
22855 229847.9
22856 306184.14
22857 453122.36
22858 633964.1
22859 185396.25
22860 757777.25
22861 568462.58
22862 134450.92
22863 57842.594
22864 66226.128
22865 96819.932
22866 749625.42
22867 896133.18
22868 211978.69
22869 529112.37
22870 440801.48
22871 628927.18
22872 1388640.6
22873 810324.37
22874 577364.25
22875 498760.69
22876 745015.08
22877 1292787.1
22878 622538.54
22879 286076.58
22880 428097.67
22881 793793.36
22882 321908.19
22883 265565.92
22884 493193.42
22885 212098.27
22886 786716.7
22887 618592.02
22888 1023971.3
22889 6584938.7
22890 27513234
22891 42096511
22892 24054789
22893 40533699
22894 23792919
22895 23792919
22896 0
22897 20969.081
22898 368102.58
22899 394555.26
22900 1126895
22901 16460501
22902 17853797
22903 937999.45
22904 17483543
22905 19176982
22906 4244739.1
22907 2135586.1
22908 3752343
22909 865854.33
22910 875843.26
22911 4167.2209
22912 1543.5436
22913 2151.7238
22914 522.51205
22915 20.171265
22916 13.234375
22917 0
22918 233.33246
22919 233.33246
22920 0
22921 0
22922 1583898.9
22923 2336748.3
22924 9002516.5
22925 12450375
22926 10644054
22927 14622007
22928 8327370
22929 31737477
22930 33702322
22931 33180251
22932 29789745
22933 19735611
22934 2712002.8
22935 6201668.7
22936 16754427
22937 6812723.5
22938 5798904.5
22939 5965736.8
22940 6755299.9
22941 17099078
22942 6624368.8
22943 1459580
22944 7256250.5
22945 17710886
22946 8847841.6
22947 4286047.4
22948 8064938.4
22949 25518018
22950 11159593
22951 19082680
22952 11512052
22953 4939317
22954 19469932
22955 10037245
22956 6067101.1
22957 14101248
22958 7045797.3
22959 2050426.8
22960 5979521.1
22961 14590802
22962 6902812.5
22963 7553790.6
22964 22716430
22965 8207211.7
22966 8948545
22967 22389169
22968 9188710.7
22969 9663973
22970 5062391.7
22971 36977296
22972 22064921
22973 10623734
22974 23160067
22975 8458479.9
22976 12290.21
22977 2007.6703
22978 241.74631
22979 5455339.6
22980 5455339.6
22981 0
22982 0
22983 8366540.9
22984 21157691
22985 9786618.9
22986 2496255.9
22987 8031090.9
22988 36167315
22989 12161727
22990 569424.29
22991 7134459.4
22992 21355218
22993 6547344.4
22994 14295.827
22995 3720060.1
22996 3671950.5
22997 92.276089
22998 0
22999 546728.73
23000 861934.08
23001 260893.66
23002 2749022.6
23003 5925916.9
23004 17964106
23005 15207555
23006 8531924.2
23007 21035233
23008 9637846.8
23009 10807747
23010 6451098.6
23011 6320082.2
23012 6917017.9
23013 5127614.7
23014 13408246
23015 6093461.3
23016 3035.1954
23017 7558550.8
23018 20127988
23019 17771222
23020 18731364
23021 16945387
23022 21589059
23023 15978469
23024 7673913.9
23025 31880283
23026 20734171
23027 5659590.9
23028 17154627
23029 15109177
23030 10272111
23031 12210714
23032 9883252.6
23033 1942808.4
23034 993322.2
23035 7389680.8
23036 17951445
23037 7498483.1
23038 1066000.9
23039 8979956.2
23040 27596695
23041 8697925.4
23042 5147931.2
23043 8941459.3
23044 28130094
23045 13731875
23046 982973.59
23047 4108700.1
23048 17033233
23049 7947838.8
23050 423862.96
23051 954915.64
23052 7670969.8
23053 6426038.8
23054 3170487.8
23055 3181156.4
23056 7446233.5
23057 7467842.9
23058 7684398.3
23059 13668228
23060 8795517.2
23061 19171514
23062 9652073.6
23063 21216083
23064 23420070
23065 7240662.3
23066 22968393
23067 9249444.4
23068 7230273.5
23069 20684650
23070 7372015.2
23071 6618989.2
23072 13030863
23073 6384000.1
23074 9535685.4
23075 10593398
23076 7920913.1
23077 13791159
23078 19769390
23079 10610984
23080 7461609.8
23081 29660739
23082 12187018
23083 9144695.8
23084 9790131
23085 20180773
23086 9666367.2
23087 1534173.3
23088 4358289.2
23089 9223511
23090 4859343.1
23091 6516167.7
23092 11854409
23093 5463514.8
23094 3013622.9
23095 2006413.9
23096 10455717
23097 7159910.9
23098 4338892.5
23099 9696117.3
23100 6922152.7
23101 10299765
23102 13532403
23103 15224670
23104 21534110
23105 8081925.3
23106 24934570
23107 9562914.4
23108 13534024
23109 9019681
23110 6561331.9
23111 18804816
23112 14478213
23113 16467340
23114 20299580
23115 9220781.8
23116 6239929.1
23117 15824573
23118 14319329
23119 5353262.2
23120 0
23121 2786084.5
23122 3603689
23123 435530.59
23124 0
23125 7282141.3
23126 22129081
23127 8407329.1
23128 6592971.9
23129 23913911
23130 17721064
23131 22941332
23132 32305404
23133 45072039
23134 42081257
23135 43553575
23136 22401765
23137 49734319
23138 38820297
23139 16155881
23140 530352.15
23141 2169438.5
23142 26330603
23143 47972737
23144 39473256
23145 24946639
23146 128510.19
23147 9280257
23148 22880568
23149 2490129.3
23150 610328.21
23151 1943219.6
23152 1192855.4
23153 137024.73
23154 14942674
23155 20639566
23156 12480114
23157 1012016.5
23158 4518039.6
23159 34697262
23160 26605207
23161 11501390
23162 22449490
23163 3959782.7
23164 42536879
23165 23004176
23166 10629552
23167 21454282
23168 1373302.1
23169 1793977.1
23170 32677242
23171 25164329
23172 0
23173 7264290.5
23174 23688776
23175 5174093.3
23176 193404.07
23177 996974.08
23178 456824.56
23179 114059.76
23180 551482.93
23181 11406106
23182 39032862
23183 0
23184 3218112.4
23185 3215239.6
23186 379523.79
23187 5917846.4
23188 25493712
23189 26509221
23190 15925591
23191 11440461
23192 49042085
23193 14875875
23194 475169.55
23195 24305945
23196 31957786
23197 8470060.1
23198 0
23199 0
23200 0
23201 1575.6779
23202 106889.62
23203 97221.82
23204 191449.47
23205 173296.14
23206 905631.13
23207 893448.71
23208 466895.02
23209 229982.19
23210 72712.483
23211 1384.6652
23212 413.53933
23213 312.65625
23214 188.93931
23215 288.77916
23216 521.36056
23217 3094.7279
23218 938.91922
23219 280.18714
23220 33.216231
23221 30.325052
23222 0
23223 0
23224 3044436.2
23225 3044436.2
23226 0
23227 0
23228 0
23229 0
23230 0
23231 0
23232 0
23233 0
23234 0
23235 1259.9514
23236 17752.325
23237 65014.295
23238 177041.55
23239 249881.67
23240 293613.16
23241 1382118.9
23242 590967.97
23243 1164979.2
23244 8138902.2
23245 14039334
23246 1016259.9
23247 530131.03
23248 781641.79
23249 86695.5
23250 1304.4309
23251 362.83374
23252 166.55245
23253 122.22282
23254 103.67967
23255 407.91439
23256 667.62794
23257 789.37406
23258 996.79538
23259 496.78329
23260 1034.9185
23261 435.44192
23262 8.9927425
23263 2.1175
23264 0
23265 0
23266 0
23267 0
23268 0
23269 0
23270 0
23271 0
23272 0
23273 0
23274 0
23275 0
23276 0
23277 0
23278 1398.058
23279 5328.7908
23280 43452.01
23281 149733.72
23282 158212.38
23283 268821.17
23284 366190.2
23285 204993.65
23286 332600.3
23287 340734.04
23288 322726.31
23289 5948885.6
23290 7545110.8
23291 47155387
23292 25916.479
23293 0
23294 105930.64
23295 280361.8
23296 152711.26
23297 482097.63
23298 129886.62
23299 44468.154
23300 90456.553
23301 70091.876
23302 70478.89
23303 84502.576
23304 201229.73
23305 149330.89
23306 199665.17
23307 55893.043
23308 72247.215
23309 116591.92
23310 62064.27
23311 74715.903
23312 88926.005
23313 96979.351
23314 35781.464
23315 78131.494
23316 276981.81
23317 156478.81
23318 1235800.3
23319 6407720.6
23320 10905107
23321 22566538
23322 43325804
23323 0
23324 499.15866
23325 201193.78
23326 2709468
23327 2881974.5
23328 524654.33
23329 192461.59
23330 444921.36
23331 67564.928
23332 121402.76
23333 191472.99
23334 26405.467
23335 2019.4112
23336 1250.6153
23337 281.25482
23338 317.64936
23339 323.34825
23340 226.38316
23341 270.77889
23342 522.04945
23343 411.96969
23344 416.0806
23345 330.91999
23346 180.1419
23347 100.97257
23348 63.763383
23349 38.120911
23350 23.984903
23351 141.85393
23352 176.33621
23353 420.05043
23354 249.29819
23355 892.95346
23356 540.43292
23357 317.64009
23358 943.67487
23359 1328.4388
23360 2049.5476
23361 314.54211
23362 724.27682
23363 1678.4316
23364 41.504668
23365 0
23366 0
23367 0
23368 0
23369 0
23370 0
23371 0
23372 0
23373 0
23374 0
23375 0
23376 0
23377 0
23378 129.43
23379 81053.364
23380 135997.81
23381 190081.74
23382 549714.67
23383 557635.61
23384 444829.72
23385 452228.97
23386 417361.3
23387 577148.62
23388 222852.14
23389 620212.15
23390 423426.92
23391 44159.99
23392 10187.268
23393 3025.7142
23394 663.05857
23395 101.51525
23396 65.311558
23397 158.2189
23398 519.93011
23399 1024.699
23400 1097.2034
23401 441.44332
23402 1375.8354
23403 1247.3701
23404 1573.2559
23405 499.27511
23406 320.73883
23407 332.68417
23408 44.066927
23409 0
23410 0
23411 0
23412 0
23413 0
23414 0
23415 0
23416 0
23417 0
23418 0
23419 0
23420 0
23421 0
23422 0
23423 0
23424 0
23425 0
23426 0
23427 0
23428 0
23429 0
23430 0
23431 0
23432 0
23433 0
23434 0
23435 0
23436 0
23437 0
23438 0
23439 0
23440 0
23441 0
23442 0
23443 0
23444 0
23445 0
23446 0
23447 0
23448 0
23449 0
23450 0
23451 0
23452 3044.6771
23453 3144.971
23454 31897.8
23455 101600.57
23456 107831.85
23457 196390.57
23458 254132.19
23459 198316.6
23460 235870.42
23461 239854.52
23462 204854.11
23463 62990.85
23464 388290.25
23465 439830.02
23466 266171.47
23467 324133.99
23468 261294.21
23469 401156.46
23470 120674.99
23471 312610.56
23472 228772.08
23473 71876.612
23474 83995.167
23475 70050.341
23476 21458.979
23477 6684.3053
23478 6244.4208
23479 3358.4657
23480 370.03303
23481 768.88675
23482 1057.4375
23483 569.69636
23484 864.78212
23485 643.09084
23486 84.840533
23487 173.39538
23488 297.02068
23489 252.08214
23490 116.60209
23491 132.12298
23492 60.656132
23493 43.280246
23494 266.68261
23495 551.38395
23496 702.71801
23497 340.86465
23498 1152.78
23499 1462.3084
23500 828.92015
23501 1800.0816
23502 829.77242
23503 520.7452
23504 200.44423
23505 613.72574
23506 278.28016
23507 528.30237
23508 341.44833
23509 1048.1774
23510 740.52081
23511 1114.2871
23512 713.51895
23513 1074.0378
23514 1518.015
23515 293.60627
23516 843.46663
23517 693.95448
23518 804.54132
23519 907.85033
23520 1474.5784
23521 1944.9847
23522 1182.8632
23523 249.58958
23524 49.910663
23525 7.1018804
23526 4.7247424
23527 0.529375
23528 0.529375
23529 0
23530 0
23531 2.314375
23532 2.314375
23533 0
23534 0
23535 0
23536 0
23537 0
23538 0
23539 0
23540 0
23541 0
23542 0
23543 0
23544 0
23545 0
23546 0
23547 0
23548 0
23549 0
23550 0
23551 0
23552 0
23553 0
23554 0
23555 0
23556 0
23557 0
23558 0
23559 0
23560 0
23561 0
23562 0
23563 0
23564 0
23565 0
23566 0
23567 0
23568 0
23569 0
23570 0
23571 0
23572 213.67937
23573 467.89418
23574 410.39121
23575 727.87133
23576 1315.105
23577 3073.9294
23578 45634.205
23579 198407.37
23580 253440.05
23581 196648.53
23582 719595.42
23583 439910.54
23584 245459.2
23585 887361.52
23586 1041544.3
23587 402406.59
23588 386137.8
23589 752772.25
23590 424326.8
23591 214128.71
23592 586706.77
23593 587670.32
23594 335421.81
23595 182180.95
23596 446895.08
23597 255948.38
23598 87434.136
23599 27812.615
23600 26938.349
23601 17911.026
23602 1229.8465
23603 904.81238
23604 713.90442
23605 812.85239
23606 276.6924
23607 155.93587
23608 132.9221
23609 393.14114
23610 768.08033
23611 1538.7531
23612 2599.052
23613 183.41354
23614 21.705882
23615 0
23616 0
23617 0
23618 0
23619 0
23620 0
23621 0
23622 0
23623 0
23624 0
23625 0
23626 0
23627 0
23628 0
23629 0
23630 0
23631 0
23632 0
23633 0
23634 0
23635 0
23636 0
23637 0
23638 0
23639 2672102.6
23640 8089319.1
23641 5005741.7
23642 176746.52
23643 96270.616
23644 122832.57
23645 120918.31
23646 95928.084
23647 191271.65
23648 228814.36
23649 190290.41
23650 235429.96
23651 290086.84
23652 325552.94
23653 357304.67
23654 177282.06
23655 214579.61
23656 257317.65
23657 66107.017
23658 3876.0106
23659 1173.5094
23660 408.23359
23661 165.9404
23662 195.78283
23663 87.351807
23664 17.070979
23665 342.36944
23666 941.25132
23667 900.32793
23668 1144.4609
23669 653.00771
23670 155.77138
23671 73.746646
23672 0
23673 0
23674 0
23675 0
23676 0
23677 0
23678 3352237.1
23679 28078411
23680 28732991
23681 8902037.8
23682 627007.94
23683 627007.94
23684 362.06744
23685 430.93451
23686 22498.094
23687 22563.524
23688 26030.963
23689 52270.595
23690 71376.256
23691 151789.07
23692 99573.355
23693 224570.57
23694 188469.66
23695 129969.51
23696 101352.96
23697 332199.06
23698 348328.89
23699 218300.17
23700 194316.3
23701 324295.22
23702 314544.18
23703 315401.21
23704 431213.52
23705 400713.64
23706 286366.75
23707 121889.61
23708 15556.071
23709 11748.839
23710 262.30165
23711 144.69162
23712 110.30219
23713 62.187787
23714 261.51907
23715 695.52612
23716 1383.3601
23717 457.33231
23718 827.12955
23719 909.24492
23720 682.84569
23721 736.23145
23722 518.70046
23723 172.2442
23724 5.989375
23725 0
23726 0
23727 0
23728 0
23729 0
23730 0
23731 0
23732 0
23733 0
23734 0
23735 0
23736 0
23737 0
23738 0
23739 0
23740 765.39143
23741 2416.0667
23742 21997.61
23743 62558.39
23744 107470.45
23745 108670.28
23746 100790.37
23747 140622.76
23748 121762.15
23749 97281.966
23750 149508.96
23751 200482.12
23752 248425.33
23753 177816.76
23754 170444.35
23755 242398.72
23756 239226.75
23757 281446.46
23758 286350.59
23759 60430.373
23760 31625.897
23761 25672.655
23762 835.4421
23763 718.17103
23764 273.64094
23765 494.61689
23766 109.12274
23767 73.930775
23768 153.23476
23769 200.92164
23770 626.75938
23771 972.46353
23772 1354.0557
23773 509.77531
23774 61.012751
23775 49.280767
23776 2.314375
23777 0
23778 0
23779 0
23780 0
23781 0
23782 0
23783 0
23784 0
23785 0
23786 0
23787 0
23788 0
23789 0
23790 0
23791 0
23792 0
23793 272.99862
23794 15680.885
23795 70200.999
23796 64813.46
23797 81399.224
23798 197736.19
23799 178290.73
23800 283803.93
23801 353092.34
23802 265648.28
23803 279164.08
23804 155271.08
23805 218654.92
23806 263332.42
23807 213644.1
23808 244228.72
23809 230609.02
23810 221668.98
23811 482150.62
23812 328560.77
23813 211841.04
23814 414922.15
23815 408224.29
23816 267567.56
23817 265360.56
23818 302227.74
23819 398947.34
23820 410483.86
23821 354438.27
23822 220299.85
23823 162440.03
23824 59106.379
23825 12838.737
23826 11299.937
23827 474.33714
23828 336.88144
23829 436.25321
23830 380.55919
23831 111.49985
23832 263.13712
23833 303.19107
23834 358.7233
23835 145.66338
23836 144.67239
23837 128.55607
23838 15.438215
23839 33.414559
23840 197.02916
23841 348.90117
23842 274.04328
23843 523.2023
23844 693.04662
23845 652.13429
23846 560.24775
23847 418.66386
23848 749.05815
23849 467.02098
23850 538.63199
23851 881.65323
23852 455.67233
23853 17.230262
23854 0
23855 0
23856 0
23857 0
23858 0
23859 0
23860 0
23861 0
23862 0
23863 0
23864 0
23865 0
23866 10880014
23867 19325771
23868 36903068
23869 0
23870 17974540
23871 37711703
23872 40651024
23873 36885498
23874 27542560
23875 278707.06
23876 2851137.1
23877 390146.72
23878 740536.58
23879 2637365.7
23880 4016328.6
23881 302116.24
23882 1332037.3
23883 1797291.9
23884 580901.5
23885 825580.29
23886 280738.18
23887 397258.46
23888 703718.12
23889 872392.31
23890 157680.15
23891 1298782
23892 777078.54
23893 1057426.2
23894 2108929.2
23895 1163630.6
23896 809772
23897 413252
23898 6889074.7
23899 6734278.1
23900 168886.25
23901 83239.975
23902 1254035.4
23903 1480918.5
23904 83325.633
23905 1592180.2
23906 1631616.1
23907 60622.156
23908 80.478758
23909 1488.4636
23910 749.33186
23911 4069.7224
23912 13740.8
23913 5172.4947
23914 142.47465
23915 0
23916 0
23917 0
23918 0
23919 0
23920 0
23921 0
23922 0
23923 0
23924 0
23925 0
23926 0
23927 0
23928 0
23929 0
23930 0
23931 77.772087
23932 77.772087
23933 1330.9664
23934 28421.853
23935 26313.343
23936 99316.613
23937 162791.11
23938 885712.25
23939 1229528.8
23940 1348282.8
23941 3881028.1
23942 2220607.7
23943 1281751.6
23944 14992701
23945 14956005
23946 1053249.9
23947 5118812.5
23948 1621992.4
23949 566488.37
23950 269060.93
23951 391821.07
23952 315517.65
23953 537.96236
23954 4298.4044
23955 4722.6431
23956 1603.4618
23957 5963.4347
23958 2561.6607
23959 258.51535
23960 453.34322
23961 633.11038
23962 56.316557
23963 3.679375
23964 11.602113
23965 2.314375
23966 0
23967 0
23968 0
23969 0
23970 0
23971 0
23972 0
23973 0
23974 0
23975 0
23976 0
23977 0
23978 0
23979 0
23980 0
23981 0
23982 0
23983 0
23984 0
23985 0
23986 0
23987 0
23988 0
23989 0
23990 0
23991 0
23992 1562337.7
23993 1583241.7
23994 4232.138
23995 5023.406
23996 2911338.4
23997 2839647.9
23998 0
23999 8981407
24000 20388203
24001 6660288.2
24002 5821848.7
24003 9802846.8
24004 2012365
24005 2966727.5
24006 3376837.6
24007 8469589.9
24008 5375524.4
24009 589121.03
24010 4222908.2
24011 3093728.6
24012 2440314.9
24013 2790134.9
24014 7979576.6
24015 4009933.5
24016 10884880
24017 9004509.9
24018 1509553.6
24019 9537285.2
24020 5830475.6
24021 759889.83
24022 507229.58
24023 7798457.5
24024 9384899.9
24025 2678981.2
24026 16600963
24027 13495976
24028 23169345
24029 6802914.9
24030 15225079
24031 16968994
24032 24805256
24033 21201195
24034 14122442
24035 32532365
24036 13130772
24037 17772197
24038 29087897
24039 6348880.9
24040 12805183
24041 6319262.4
24042 19037540
24043 11081820
24044 11161323
24045 25318872
24046 2986837.2
24047 14457058
24048 22476034
24049 10549623
24050 10982405
24051 8530950.3
24052 19644493
24053 4238071
24054 9032548
24055 13836072
24056 6103044.2
24057 5477790.2
24058 4319720.5
24059 10431409
24060 3384740
24061 7518429.7
24062 19856310
24063 4263700.2
24064 6127052.1
24065 13067451
24066 12203642
24067 10805165
24068 12010814
24069 28304610
24070 9548982.8
24071 13097136
24072 13258391
24073 7082641.1
24074 3562616.2
24075 3765185.1
24076 10934995
24077 3269764.1
24078 1613592.1
24079 1109822.3
24080 2101502.4
24081 1222959
24082 1293141.4
24083 5578796.5
24084 2713713.4
24085 972594.39
24086 2312000.8
24087 5139538.7
24088 3841412.5
24089 3311664.8
24090 14869421
24091 4036585.7
24092 10636166
24093 16803616
24094 16386374
24095 10338725
24096 10120523
24097 27420129
24098 6042980.3
24099 12776637
24100 23062654
24101 24283764
24102 16110253
24103 11517771
24104 31403993
24105 8406859.6
24106 15209587
24107 31048979
24108 18358442
24109 21398571
24110 11601950
24111 25825400
24112 6239443.1
24113 17063448
24114 17553482
24115 26227765
24116 4914900.8
24117 18188367
24118 28735896
24119 15344182
24120 10139948
24121 18672670
24122 35371139
24123 4104850.1
24124 18439801
24125 15290908
24126 29330788
24127 18466937
24128 17394021
24129 35024855
24130 5051834.5
24131 31415527
24132 31696580
24133 12050312
24134 26379007
24135 29162372
24136 21658891
24137 9871412
24138 12428597
24139 31541753
24140 9365945.8
24141 16272701
24142 10844885
24143 24020365
24144 9267725.1
24145 18167563
24146 43440863
24147 11100119
24148 19871804
24149 7914981.4
24150 29781144
24151 15950619
24152 8323080.8
24153 37159282
24154 21558465
24155 17585059
24156 18603792
24157 21693673
24158 19754805
24159 16297014
24160 27972923
24161 22894508
24162 23213170
24163 15324621
24164 17843803
24165 17108700
24166 6397022.4
24167 13128214
24168 11237618
24169 8964770.5
24170 10364954
24171 19921075
24172 14425473
24173 5477391
24174 14939547
24175 12728462
24176 11578147
24177 11409218
24178 8755132.7
24179 17207023
24180 29624373
24181 23800328
24182 15361832
24183 9047636.2
24184 33828117
24185 19673966
24186 13723796
24187 22846090
24188 26853515
24189 11928978
24190 318073.41
24191 1229758.8
24192 3816803.2
24193 5198733.4
24194 4103824.4
24195 17715585
24196 15670145
24197 7679467.3
24198 6101073.2
24199 6823192.4
24200 846509.7
24201 612754.83
24202 644389.74
24203 4088270.7
24204 23838991
24205 29991982
24206 49098903
24207 10143886
24208 19939374
24209 12785298
24210 25926895
24211 36006297
24212 18246153
24213 25081317
24214 2325518.1
24215 549158.35
24216 5978893.5
24217 5644239
24218 1844591.1
24219 524711.9
24220 820196.91
24221 7282789.6
24222 12986069
24223 350659.32
24224 106442.91
24225 317325.91
24226 6412296.2
24227 25084859
24228 8484798.4
24229 13486.17
24230 0
24231 314.73265
24232 314.73265
24233 0
24234 0
24235 0
24236 0
24237 0
24238 0
24239 0
24240 0
24241 0
24242 0
24243 0
24244 0
24245 0
24246 0
24247 0
24248 0
24249 0
24250 7850751.2
24251 28309078
24252 11315964
24253 9260852.8
24254 12508558
24255 40043323
24256 42138498
24257 21822016
24258 36569246
24259 41081791
24260 38712165
24261 29512822
24262 30343108
24263 27519479
24264 2069111
24265 3076432.5
24266 3188564.2
24267 144230.92
24268 25529.151
24269 0
24270 0
24271 0
24272 0
24273 0
24274 0
24275 0
24276 0
24277 0
24278 0
24279 0
24280 0
24281 0
24282 0
24283 0
24284 0
24285 0
24286 0
24287 512.52256
24288 512.08469
24289 515.37832
24290 1269.248
24291 42539.84
24292 225593.18
24293 300791.99
24294 432353.24
24295 320996.45
24296 2097425.2
24297 1372058.4
24298 802525.75
24299 815606.48
24300 2061671.7
24301 2235706.6
24302 648565.46
24303 1778267.2
24304 1522101.2
24305 589357.77
24306 1972625.1
24307 1072620.7
24308 871885.3
24309 2044360.1
24310 2241337.4
24311 1799131.6
24312 629991.77
24313 2567053.9
24314 1772582
24315 593639.49
24316 2237516.3
24317 2633806.3
24318 2560176.1
24319 675818.56
24320 4127051.9
24321 2448141
24322 804956.23
24323 4595823.4
24324 2257619
24325 1028709.3
24326 4056338.7
24327 2936646.4
24328 1398359.4
24329 1491110.5
24330 3366180.1
24331 2016991.3
24332 640347.15
24333 2630606.4
24334 1251506.6
24335 667763.82
24336 2791850.2
24337 1471462.7
24338 1234213
24339 18668975
24340 22077606
24341 4239552.9
24342 817768.18
24343 750535.7
24344 496387.02
24345 17377.476
24346 332290.31
24347 289617.51
24348 8974.8822
24349 4237.6066
24350 2413.154
24351 1949.4222
24352 2706.2892
24353 1536.3226
24354 503.28648
24355 907.13378
24356 13128.515
24357 7385.7493
24358 1055.7288
24359 4228.5496
24360 705.56364
24361 0
24362 0
24363 0
24364 0
24365 0
24366 0
24367 0
24368 0
24369 0
24370 0
24371 0
24372 0
24373 4525.0011
24374 4525.0011
24375 1255.9022
24376 12973.108
24377 461734.85
24378 524278.74
24379 421521.11
24380 2568147
24381 2301788.4
24382 2069520.8
24383 2769028.8
24384 3489601.9
24385 2541704.9
24386 761825.18
24387 6379535.9
24388 2804499.6
24389 1647992.5
24390 6759781.8
24391 4333644.9
24392 2135448.6
24393 1598696.1
24394 4116581.3
24395 3468820.7
24396 738425.49
24397 4688992
24398 2783730.6
24399 311849.86
24400 3231376.6
24401 1660703.5
24402 319914.86
24403 1513779.5
24404 784721.13
24405 251849.47
24406 1150881.8
24407 551614.26
24408 114929.94
24409 79896.419
24410 44977.667
24411 382.12
24412 11236.798
24413 44554.938
24414 27928.048
24415 148902.92
24416 203713.39
24417 36773.148
24418 0
24419 0
24420 0
24421 0
24422 0
24423 0
24424 0
24425 0
24426 0
24427 0
24428 0
24429 0
24430 0
24431 0
24432 0
24433 0
24434 0
24435 0
24436 0
24437 0
24438 0
24439 56.831332
24440 2599.2167
24441 6988.5379
24442 1750.1274
24443 1866.2567
24444 12088.073
24445 9550.5385
24446 559.5069
24447 1068.5275
24448 53.868339
24449 289.02732
24450 1974.5092
24451 147856.71
24452 229079.69
24453 322898.26
24454 2232365.6
24455 1847329
24456 785845.32
24457 2377834.6
24458 2312040.3
24459 1276014.5
24460 2435654.5
24461 2570543.8
24462 468876.27
24463 316294.36
24464 3758566.5
24465 2808009.6
24466 160976.76
24467 2582131.7
24468 1781123.4
24469 252039.37
24470 710920.64
24471 1449525.9
24472 762993.56
24473 209999.07
24474 1835304.2
24475 1367441
24476 244258.03
24477 535203.69
24478 493672.83
24479 306660.56
24480 872850.79
24481 1573406.3
24482 1171219.2
24483 753291.42
24484 1216938
24485 689941.64
24486 376032.73
24487 1925092.9
24488 2532231.5
24489 267782.15
24490 4076391.6
24491 3058817.5
24492 648708.1
24493 2205529
24494 2634750.8
24495 1309727
24496 1048768.6
24497 5112283.4
24498 4246128.6
24499 489098.04
24500 1146567.1
24501 2867521.9
24502 1607775.8
24503 254719.83
24504 715941.91
24505 442518
24506 2962.1917
24507 83734.016
24508 81417.13
24509 2484.5416
24510 5657.041
24511 7784.9548
24512 715.49103
24513 281.2542
24514 465.17802
24515 229.37389
24516 732.262
24517 8454.4874
24518 5854.6178
24519 406.05763
24520 231.71592
24521 17.073043
24522 0
24523 0
24524 0
24525 0
24526 0
24527 0
24528 0
24529 0
24530 0
24531 49781.586
24532 83465.154
24533 414984.38
24534 2812304.9
24535 2090129.5
24536 1066975.1
24537 702673.08
24538 3487486.7
24539 1705332.5
24540 859391.63
24541 1524621.7
24542 494682.98
24543 6934.0343
24544 2256.3366
24545 11232.988
24546 1695.3589
24547 0
24548 0
24549 0
24550 0
24551 58.87
24552 176607.16
24553 296377.02
24554 921953.94
24555 4283865.8
24556 2335312.2
24557 151127.66
24558 95852.868
24559 1747.8092
24560 887.07056
24561 2890.1813
24562 2782.3782
24563 0
24564 0
24565 0
24566 0
24567 12.289375
24568 3337.7854
24569 377236.86
24570 1328828.9
24571 742793.62
24572 3329947.5
24573 1709661.7
24574 614347.56
24575 373642.97
24576 4944.6391
24577 2888.1954
24578 7047.2126
24579 1560.56
24580 0
24581 0
24582 0
24583 0
24584 0
24585 161652.41
24586 360346.75
24587 400959.06
24588 511675.55
24589 2992645.1
24590 1465569.2
24591 3449.633
24592 10111.86
24593 8557.9182
24594 310.89484
24595 0
24596 0
24597 0
24598 0
24599 7760.6563
24600 18107.383
24601 681465.39
24602 4388102.4
24603 3208009.6
24604 1344342.1
24605 587857.81
24606 168053.54
24607 4058.5926
24608 5277.3972
24609 10015.308
24610 586.91602
24611 0
24612 0
24613 0
24614 0
24615 15196.718
24616 589904.96
24617 739887.95
24618 1545758.7
24619 5901020.8
24620 2311538.7
24621 78655.399
24622 1218.8435
24623 3817.9736
24624 2370.4813
24625 995.46682
24626 12.154835
24627 0
24628 0
24629 3323.9842
24630 25247.057
24631 214298.47
24632 962974.43
24633 3503762.5
24634 1214726.1
24635 126366.22
24636 3684.0992
24637 4055.0649
24638 948.82948
24639 170.88114
24640 34.015471
24641 0
24642 0
24643 490.98438
24644 900.15759
24645 539263.07
24646 1300885.1
24647 5961881.6
24648 3258557.1
24649 868370.5
24650 1183862.2
24651 288648.19
24652 926.20243
24653 2170.6101
24654 16923.61
24655 6074.2622
24656 2.8843195
24657 0
24658 0
24659 0
24660 2484.9311
24661 1087652.8
24662 1073487.4
24663 1266753.1
24664 2050065.7
24665 2100758.4
24666 364758.48
24667 3610.2173
24668 14507.182
24669 3370.3664
24670 0
24671 0
24672 0
24673 0
24674 1014429.1
24675 6795854.1
24676 5711557.7
24677 1844380.9
24678 259419.91
24679 161464.38
24680 37993.07
24681 2924.8484
24682 10222.115
24683 4001.1271
24684 0
24685 0
24686 0
24687 0
24688 0
24689 213685.69
24690 260113.1
24691 932249.16
24692 1016265.9
24693 2996419.6
24694 1463103.1
24695 107680.55
24696 8356.092
24697 2012.9913
24698 5982.5838
24699 10268.967
24700 16.141169
24701 0.109375
24702 0
24703 0
24704 0
24705 0
24706 13513.423
24707 1059334.8
24708 963412.08
24709 142649.98
24710 640159.25
24711 3620558.3
24712 2517293.6
24713 155071.8
24714 9287.7008
24715 1244.5129
24716 1943.8221
24717 2393.6778
24718 1376.7991
24719 2.9990622
24720 0
24721 0
24722 0
24723 0
24724 31887.504
24725 213314.45
24726 1573893.4
24727 1209487.3
24728 403456.54
24729 665530.69
24730 1005699.1
24731 372541.86
24732 803.0886
24733 4143.1944
24734 2452.1638
24735 0.214375
24736 0
24737 0
24738 0
24739 1499.4625
24740 279332.25
24741 689863.03
24742 672832.35
24743 3153004.8
24744 1298148
24745 202313.76
24746 86173.881
24747 601.91507
24748 843.44962
24749 3589.8139
24750 367.57748
24751 0
24752 0
24753 0
24754 0
24755 15387.828
24756 884766.62
24757 1449434.6
24758 749340.63
24759 5012870.2
24760 2213188.2
24761 99083.482
24762 3085.242
24763 7746.3127
24764 1146.984
24765 0
24766 0
24767 0
24768 383.32
24769 62526.084
24770 105779.85
24771 285347.64
24772 767198.35
24773 2564751.3
24774 1237792.6
24775 195149.81
24776 76718.135
24777 6470.6211
24778 1316.4426
24779 4705.3892
24780 1718.1595
24781 18.865807
24782 0
24783 0
24784 0
24785 0
24786 45474.59
24787 122527.02
24788 290426.66
24789 2547933.6
24790 3458287.1
24791 1543392
24792 61422.288
24793 1109.5716
24794 1910.8159
24795 3973.5967
24796 1659.9302
24797 0
24798 0
24799 0
24800 0
24801 13361.793
24802 236821.32
24803 2652788
24804 2194100
24805 138936.85
24806 70118.828
24807 415.43171
24808 1061.2387
24809 3620.8121
24810 110.28906
24811 0
24812 0
24813 0
24814 39.420826
24815 44069.75
24816 1415400
24817 1569686.2
24818 180831.97
24819 268151.17
24820 11589.527
24821 1160.6695
24822 4455.7742
24823 566.86253
24824 0
24825 0
24826 0
24827 1534.1378
24828 234949.97
24829 835430.74
24830 6026353.9
24831 2545053.6
24832 42786.239
24833 7422.3233
24834 4192.5078
24835 0
24836 0
24837 0
24838 322638.53
24839 801313.22
24840 4957813.1
24841 2371951.2
24842 102522.17
24843 2427.9336
24844 10482.368
24845 1853.5878
24846 0
24847 19715.67
24848 159730.08
24849 325749.07
24850 471141.59
24851 3052287.5
24852 3235691.5
24853 71162.646
24854 2892.8082
24855 8511.3617
24856 5.3310291
24857 0
24858 59408.801
24859 284365.16
24860 1333186.3
24861 1313959.5
24862 1964726.6
24863 235944.85
24864 2025.6207
24865 625.37122
24866 0
24867 0
24868 589.5064
24869 878832.3
24870 1137749.2
24871 633005.05
24872 600308.58
24873 736697.9
24874 127676.67
24875 3262.7857
24876 3862.89
24877 0
24878 0
24879 18334.446
24880 1752271.8
24881 2146402.3
24882 322954.27
24883 288629.38
24884 16963.971
24885 1664.8508
24886 601.89622
24887 0
24888 0
24889 50834.907
24890 637072.59
24891 5137145.8
24892 2603968.1
24893 194749.28
24894 7759.6573
24895 8237.038
24896 283.6309
24897 0
24898 0
24899 6723.1139
24900 512319.01
24901 960021.53
24902 2690216.4
24903 1373845.1
24904 2200.7477
24905 5774.0659
24906 6.1996273
24907 0
24908 13571.398
24909 1109473.8
24910 1304633.4
24911 1107268.9
24912 1598231.6
24913 513504
24914 664.18231
24915 3370.247
24916 1137.4516
24917 0
24918 0
24919 266487.18
24920 1419973
24921 1502335.2
24922 897240.67
24923 1548064.8
24924 274233.06
24925 677.04101
24926 2933.2861
24927 39.01058
24928 0
24929 0
24930 116853.92
24931 186165.85
24932 1697718.4
24933 6601263.7
24934 3371444.2
24935 6111.7243
24936 8067.7096
24937 7841.779
24938 30.708518
24939 0
24940 0
24941 13172.602
24942 468987.38
24943 6894313.6
24944 6521270.2
24945 957974.72
24946 2316.0406
24947 8589.7533
24948 2356.6463
24949 0
24950 561.3378
24951 17443.416
24952 284289.74
24953 439682.79
24954 2098516.3
24955 801511.26
24956 4284.6868
24957 3706.0406
24958 1713.9643
24959 0
24960 0
24961 1092742.4
24962 1152054.5
24963 654626.45
24964 263193.25
24965 76319.225
24966 5318.5237
24967 1833.773
24968 0
24969 0
24970 0
24971 457422.44
24972 4351265
24973 7388028.1
24974 2101052.8
24975 48489.813
24976 11782.195
24977 5761.4092
24978 0
24979 15.229375
24980 14674.054
24981 474111.21
24982 2247790.2
24983 3512223.7
24984 1172445.9
24985 5525.1332
24986 11169.27
24987 1388.4384
24988 0
24989 0
24990 56813.459
24991 780795.9
24992 6451322.8
24993 3994829.8
24994 107292.61
24995 2873.4593
24996 1397.0806
24997 1070.9245
24998 0.039375
24999 0
25000 0
25001 100856.77
25002 1334349.4
25003 2784112.4
25004 1296004.6
25005 776665.57
25006 83497.784
25007 2844.0789
25008 587.72704
25009 0
25010 0
25011 663788.64
25012 843645.58
25013 328030.16
25014 319189.39
25015 323718.3
25016 3600.001
25017 1052.6272
25018 979.55032
25019 27.511084
25020 0
25021 39380.274
25022 2190556.5
25023 1967698.6
25024 246954.77
25025 104369.66
25026 32096.222
25027 1551.3697
25028 913.40533
25029 0
25030 0
25031 16990.137
25032 2015431.8
25033 2592894.5
25034 870059.69
25035 131864.16
25036 5396.4384
25037 2963.266
25038 13.083844
25039 0
25040 0
25041 59807.655
25042 622269.36
25043 5017200
25044 2589592
25045 157307.56
25046 3593.2853
25047 6662.7519
25048 1123.2867
25049 0
25050 0
25051 100832.54
25052 668370.56
25053 2720468.7
25054 2196223.4
25055 129979.64
25056 2298.3719
25057 7902.0491
25058 2626.3332
25059 0
25060 0
25061 0
25062 789314.11
25063 1228207.3
25064 3265048.8
25065 1882115.9
25066 3468.677
25067 6612.0486
25068 1305.5341
25069 0
25070 277.83
25071 369763.96
25072 679275.71
25073 702116.4
25074 1859234
25075 420869.03
25076 1249.7087
25077 2749.319
25078 0
25079 8317.3721
25080 113327.21
25081 2131201.5
25082 2887201.2
25083 1020430
25084 5514.58
25085 1496.9458
25086 1629.9891
25087 0.4289585
25088 0
25089 3371.3133
25090 582383.89
25091 6047086.4
25092 4309761.8
25093 150430.1
25094 8257.6201
25095 4292.8742
25096 1304.9211
25097 0
25098 0
25099 0
25100 4903.2627
25101 552934.46
25102 1097304.2
25103 1129245.6
25104 922928.76
25105 333899.06
25106 16538.551
25107 1416.3118
25108 2025.8015
25109 8.6274936
25110 0
25111 33.88
25112 286219.94
25113 382457.43
25114 561947.57
25115 2301260.8
25116 1747045.8
25117 35855.22
25118 10724950
25119 28379830
25120 33911843
25121 5766599.7
25122 37723585
25123 29837851
25124 24336374
25125 14928519
25126 32752910
25127 25890678
25128 37774105
25129 18502352
25130 0
25131 66143.05
25132 4339306.4
25133 1789187.5
25134 2017399.1
25135 2132847.3
25136 883059.73
25137 1252667.7
25138 825746.04
25139 160282.44
25140 124139.98
25141 121566.95
25142 41730.444
25143 47123.146
25144 213263.61
25145 2098957.3
25146 3988485.5
25147 4994647.1
25148 7337880.6
25149 5633232.1
25150 2761316.1
25151 419644.2
25152 227203.27
25153 66186.98
25154 13095.1
25155 54693.295
25156 5953669.9
25157 5842226.9
25158 164615.92
25159 411814.08
25160 785118.67
25161 1701896.3
25162 2469549.9
25163 1964905.4
25164 1934434.8
25165 1127762.6
25166 4529155.8
25167 4217868.8
25168 742940.94
25169 446147.1
25170 223859.38
25171 62434.671
25172 21358.112
25173 9691.3464
25174 841.35069
25175 147.6598
25176 13866.908
25177 60947.835
25178 43864.889
25179 35559.914
25180 38752.752
25181 265253.38
25182 375846.39
25183 301114.43
25184 166981.5
25185 782111.37
25186 1128317.5
25187 2521340.2
25188 2516285
25189 52701.845
25190 70261.855
25191 453104.17
25192 176754.62
25193 195048.79
25194 361752.14
25195 286750.26
25196 90288.414
25197 1319454.8
25198 3410036.2
25199 3263289.3
25200 1149366.1
25201 1262571.9
25202 455078.91
25203 222727.13
25204 327771.82
25205 1160698.7
25206 656273.91
25207 6006.4114
25208 2014.8561
25209 0
25210 8085.5106
25211 96389.947
25212 872942.61
25213 1092201.5
25214 5634293.1
25215 3828528.9
25216 2168845.9
25217 1769936.8
25218 335103.66
25219 363432.32
25220 113528.39
25221 54806.88
25222 104009.57
25223 625738.5
25224 879000.97
25225 4502764.2
25226 4242538.6
25227 2379116.9
25228 1951535.5
25229 836667.75
25230 1892454.8
25231 721297.74
25232 105572.11
25233 150007.15
25234 80237.716
25235 27726.47
25236 291140.46
25237 344082.25
25238 214819.42
25239 5257248.5
25240 3938353.5
25241 2378146.1
25242 2194248.7
25243 1498986.5
25244 766349.96
25245 747282.92
25246 1775222.1
25247 1472302.2
25248 18952.92
25249 1312148.2
25250 6464372.2
25251 4149144.4
25252 1057599.5
25253 5937561.6
25254 13562353
25255 6181821.6
25256 828993.15
25257 3870903.1
25258 2690044.2
25259 253093.44
25260 1303652.5
25261 4534490.2
25262 2553014.9
25263 2489492.8
25264 5427943.8
25265 12736498
25266 8024070
25267 2119769.7
25268 7237301
25269 2599226.5
25270 1293142.3
25271 1523728.6
25272 4256140.8
25273 4255199.8
25274 3951511.6
25275 16629406
25276 9089201.3
25277 295111.53
25278 1736065.1
25279 5819881.2
25280 2643295.4
25281 1618788.1
25282 3557422.6
25283 6109094.5
25284 14389845
25285 14938389
25286 13575041
25287 5369129.6
25288 1779957.6
25289 2746230
25290 1483871.6
25291 787715.41
25292 2000205.1
25293 9504877.4
25294 5793069.8
25295 6427059.3
25296 21074263
25297 9370325.4
25298 1454604.5
25299 2933686.3
25300 3635341.5
25301 413539.37
25302 1193923.5
25303 2870558.2
25304 1349163.6
25305 2596653.1
25306 2940008
25307 8175492.2
25308 7076761
25309 4492621.7
25310 10673577
25311 8736279.1
25312 4196702.9
25313 193171.84
25314 1327.2488
25315 117.55891
25316 0
25317 55.864375
25318 102564.45
25319 204720.23
25320 132521.27
25321 128766.65
25322 763487.78
25323 409362.52
25324 4317613
25325 4551143.2
25326 845317.59
25327 515769.98
25328 1665986.7
25329 1634908.8
25330 82961.237
25331 1260321.4
25332 1266682.1
25333 173524.3
25334 3292037.8
25335 3591359.5
25336 796793.58
25337 405499.05
25338 4464524.5
25339 7069814.1
25340 160193.45
25341 26471.247
25342 2022.842
25343 0
25344 0
25345 937854.8
25346 2187583.3
25347 2914857.9
25348 6914235.8
25349 5533908.5
25350 513497.47
25351 124360.5
25352 27631.321
25353 9332.7147
25354 843.39299
25355 0.0175
25356 0
25357 148.11711
25358 5022.9123
25359 20173.641
25360 51626.331
25361 54069.096
25362 22273.174
25363 54028.978
25364 158292.15
25365 172396.44
25366 35934.204
25367 84109.854
25368 157046.96
25369 258565.66
25370 145189.24
25371 1002732.7
25372 3693960.9
25373 2235282.1
25374 93908.443
25375 600086.92
25376 416605.1
25377 69642.807
25378 941209.87
25379 1109229.5
25380 345090.88
25381 154731.45
25382 444941.35
25383 111764.98
25384 1505.3337
25385 141.63392
25386 0.8575
25387 0
25388 402969.98
25389 1403944.6
25390 4242113.1
25391 5973395.8
25392 10851214
25393 15993997
25394 14186691
25395 13955012
25396 4167401.5
25397 588323.28
25398 441391.36
25399 1531464.9
25400 776364.93
25401 5927.4137
25402 85457.628
25403 2568052.9
25404 5740636.7
25405 3460441.1
25406 1411546.6
25407 702269.56
25408 1638885.5
25409 2739227
25410 1642428.8
25411 178455.84
25412 30.856732
25413 1340628.7
25414 1342174.7
25415 2207424.8
25416 6181844.3
25417 5967030.5
25418 4213096
25419 3837021.1
25420 9754385.8
25421 4382808.2
25422 69880.852
25423 1412011.1
25424 1579167.3
25425 1138959.2
25426 911008.63
25427 704.30279
25428 1047000.4
25429 1840290.6
25430 1267210
25431 907610.28
25432 5960669.5
25433 4522137.6
25434 362477.26
25435 8061819.4
25436 9479872.4
25437 2797570.9
25438 4519246.9
25439 2138949.2
25440 2260573.2
25441 56414.587
25442 2293.248
25443 1444516.3
25444 1435615
25445 0
25446 2464822.2
25447 3482741.1
25448 529216.09
25449 6376239.3
25450 16102208
25451 12273171
25452 1663615.4
25453 1997086.4
25454 5100998.7
25455 5758489.8
25456 2893783.5
25457 1160982.3
25458 1141210.4
25459 1113400
25460 2082478.9
25461 3009035.7
25462 1004758.7
25463 392133.73
25464 2128656.1
25465 2922466.2
25466 4667614.3
25467 14366333
25468 8813043.2
25469 1105356.6
25470 4163121.8
25471 1842821.3
25472 51933.922
25473 310036.97
25474 817082.29
25475 489519.33
25476 1546595.6
25477 1778549.8
25478 6249696.8
25479 6506505.7
25480 5703050
25481 5969267.6
25482 2212535.2
25483 2939268
25484 5838196.9
25485 4014443.6
25486 768460.38
25487 358855.88
25488 1726593.1
25489 3838133.7
25490 1248939.1
25491 1267503.1
25492 4476653.3
25493 9029600.6
25494 14916879
25495 9868836.7
25496 394159.72
25497 4318847
25498 3198503.6
25499 3751.7578
25500 413552.06
25501 1596204.7
25502 1229838.9
25503 219443.27
25504 130316.17
25505 3061341.6
25506 4973109.4
25507 2482649.9
25508 1292558.5
25509 1706030.9
25510 5737696.2
25511 3134334.9
25512 1052701.4
25513 0
25514 0
25515 35825.814
25516 223042.45
25517 5765436.6
25518 9769963.6
25519 14487888
25520 10207505
25521 3416237.8
25522 4780235.2
25523 2229788.6
25524 1719590.2
25525 978076.36
25526 839440.08
25527 2317349.8
25528 5083279.4
25529 11064682
25530 7508226.4
25531 2312283
25532 1843230.3
25533 427793.37
25534 15571.861
25535 359522.59
25536 1406882.6
25537 971022.9
25538 199454.1
25539 339698.04
25540 145701.5
25541 1552113.1
25542 1547827
25543 345044.39
25544 453382.29
25545 712420.71
25546 195200.44
25547 477836.57
25548 468546.11
25549 41174.361
25550 3346486.7
25551 11283837
25552 6859313.5
25553 124978.73
25554 535998.51
25555 4892557.4
25556 4015271.3
25557 62302.078
25558 1389304.7
25559 1405485.4
25560 808.86865
25561 764920.11
25562 2755944
25563 1632146.1
25564 2793453.6
25565 12958578
25566 11021934
25567 1427728.1
25568 1824193.6
25569 2508320.6
25570 1871503.8
25571 1090742.8
25572 287311.94
25573 38.6575
25574 19458.251
25575 1658726
25576 1899051.4
25577 4702214.5
25578 5760822.6
25579 1757625.9
25580 783062.37
25581 299334.83
25582 2210426.3
25583 3552152.3
25584 1130245.6
25585 34716.45
25586 683207.22
25587 1975877.5
25588 1172590.5
25589 570.44678
25590 228378.76
25591 223595.87
25592 509584.61
25593 499409.95
25594 10451.398
25595 162405.52
25596 311447.49
25597 2957148.4
25598 7929390
25599 6210486.9
25600 4199095.4
25601 8829641.2
25602 5607784.6
25603 1950637.6
25604 2343577.8
25605 2645059.8
25606 654443.38
25607 353185.85
25608 350047.97
25609 383727.63
25610 383864.46
25611 483157.34
25612 505143.47
25613 1979209.7
25614 2472413.6
25615 3059864.6
25616 3406567.7
25617 3859542.2
25618 5189344.1
25619 3186139.8
25620 4632306.4
25621 1671682.2
25622 903795.56
25623 773350.88
25624 447816.45
25625 454030
25626 459689.62
25627 459689.62
25628 1869325.8
25629 2326616.1
25630 758254.29
25631 232203.35
25632 304103.59
25633 1586316.4
25634 1273848.1
25635 888365.7
25636 1319366.2
25637 1192211.1
25638 518794.82
25639 6068.9336
25640 0
25641 0
25642 15420.687
25643 229844.86
25644 924336.54
25645 2723251.8
25646 3323155.1
25647 4225067.8
25648 7486557.6
25649 5968056.4
25650 2698351.7
25651 899872.27
25652 510904.88
25653 421275.18
25654 70408.273
25655 135942.61
25656 76275.074
25657 7852.2673
25658 117318.78
25659 151704.21
25660 168745.73
25661 586501.46
25662 1347528.5
25663 1626516.2
25664 2208385.5
25665 4451430.2
25666 3508363.1
25667 1834050.1
25668 2729110.1
25669 4035703.9
25670 2339043.5
25671 673424.71
25672 525078.38
25673 206231.63
25674 21665.011
25675 16256.393
25676 16.279375
25677 27.073267
25678 13999.975
25679 308671.07
25680 350657.56
25681 327583.41
25682 1370306
25683 3760425.9
25684 2586638.2
25685 2434866.3
25686 5370336.4
25687 3119916.4
25688 1219387.4
25689 1496104.8
25690 522089.23
25691 42719.182
25692 75248.499
25693 140287.29
25694 91196.283
25695 881.71798
25696 39789.075
25697 681487.14
25698 1079260.2
25699 627233.48
25700 3529712.3
25701 3797494.9
25702 1099511.3
25703 4404370.4
25704 4536326.3
25705 1076688.2
25706 715072.17
25707 751751.79
25708 372031.17
25709 25200.299
25710 63465.482
25711 78383.844
25712 21651.52
25713 186819.66
25714 991929.54
25715 1385151.6
25716 2365819.4
25717 4230382.8
25718 2235982.5
25719 744211.74
25720 4165816.1
25721 6546827.3
25722 4070584.9
25723 1449757.3
25724 1020533.5
25725 567463.54
25726 442999.05
25727 70524.836
25728 103565
25729 74556.838
25730 11447.957
25731 135752.18
25732 120590.93
25733 145539.45
25734 255498.06
25735 863360.48
25736 1027557.5
25737 1534133
25738 3907292.9
25739 3734554.9
25740 2381512.3
25741 3250297.3
25742 5767030.5
25743 4476722.5
25744 2568744.9
25745 1398809.3
25746 37075.175
25747 26169.399
25748 11357.609
25749 4567.8221
25750 94.452426
25751 12646.751
25752 37361.817
25753 16418.024
25754 323563.33
25755 2225333.4
25756 1708029.7
25757 1939298.6
25758 9006876
25759 14855107
25760 5758459
25761 227110.9
25762 1233969.4
25763 1989942.6
25764 1157441.6
25765 941513.56
25766 663592.53
25767 934704.17
25768 338436.04
25769 181867.83
25770 444474.44
25771 500344.93
25772 3105340.6
25773 6201010.3
25774 3813238.1
25775 5926344.8
25776 6403572.1
25777 5838891.9
25778 10669909
25779 11316734
25780 10302948
25781 5486316.9
25782 1108210.1
25783 1434797.9
25784 607279.61
25785 636156.92
25786 818464.04
25787 1444575.2
25788 518351.09
25789 1121726.4
25790 1127368.7
25791 537569.69
25792 539247.01
25793 1811066.9
25794 2775116.5
25795 2134238.3
25796 5119295.2
25797 4862952.7
25798 4399534.8
25799 4874412.1
25800 5862764.3
25801 11983831
25802 5013793.3
25803 4289104.5
25804 6441775.3
25805 2766600.5
25806 1049202.7
25807 118776.98
25808 957626.44
25809 930512.79
25810 775001.38
25811 920990.73
25812 207080.93
25813 188407.5
25814 620395.17
25815 3453492.6
25816 2377558.6
25817 1309111.6
25818 4171254.4
25819 3810449.4
25820 897332.24
25821 2487964.4
25822 4316115.7
25823 4291886
25824 3789599.7
25825 4074282.3
25826 6467203.3
25827 5663674.2
25828 10434873
25829 8110040.7
25830 3992399
25831 4560898.5
25832 2467525.5
25833 4305894.1
25834 1333391.9
25835 556548.5
25836 215708.35
25837 315689.94
25838 72126.401
25839 45626.168
25840 354917.59
25841 350408.67
25842 881686.63
25843 2241240.8
25844 1276560.2
25845 972831.66
25846 2923291.7
25847 3013047.2
25848 1320452.5
25849 1780975.1
25850 3097345.2
25851 3709826
25852 2906325.2
25853 1587057.3
25854 1333973.2
25855 676084.83
25856 592845
25857 9109047.6
25858 10889990
25859 3992991.6
25860 3346742.9
25861 3163845.7
25862 1701639.5
25863 4092740.9
25864 2708780.6
25865 1264782.8
25866 300570.69
25867 1335175.3
25868 958873.48
25869 726874.92
25870 902788.15
25871 1013586
25872 248843.96
25873 536269.84
25874 867123.99
25875 235551.6
25876 513907.03
25877 544241.56
25878 581363.97
25879 1010227.5
25880 2711238.6
25881 3822955.4
25882 7037238.5
25883 13845458
25884 9298422.8
25885 3267461.9
25886 3442614.6
25887 16124452
25888 13476032
25889 2954164.2
25890 5078240.4
25891 3215812.4
25892 1981775.2
25893 1462970
25894 2728614.9
25895 827891.33
25896 1323570.8
25897 1398647.9
25898 673021.03
25899 1355480.9
25900 592776.09
25901 47.542101
25902 37.307082
25903 1108.0521
25904 23495.528
25905 27250.498
25906 3440.0088
25907 37475.377
25908 534695.77
25909 639723.35
25910 2185814.1
25911 3260864.8
25912 2129770.5
25913 4593117.4
25914 4846696
25915 4229457
25916 4313061.4
25917 4081726.7
25918 7436864.4
25919 3863183.8
25920 1359976.1
25921 2233864.2
25922 3515609.4
25923 988373.13
25924 750793.35
25925 808455.94
25926 526680.6
25927 464542.04
25928 782814.33
25929 1201892.7
25930 335687.83
25931 1169508.3
25932 2245133.3
25933 812019.34
25934 1506160.5
25935 1570785.7
25936 103662.06
25937 689244.5
25938 865965.32
25939 4010428.2
25940 9118538.8
25941 10070942
25942 8337423.3
25943 3764143.3
25944 4324783.4
25945 7717835.8
25946 4476655.3
25947 5167885.2
25948 5091434.1
25949 2830147.2
25950 3032537.7
25951 2192346.6
25952 3494466.9
25953 1103495.3
25954 2161089.7
25955 2487274
25956 427072.55
25957 203763.94
25958 630441.65
25959 633002.91
25960 392447.39
25961 394138.65
25962 1107666.1
25963 1429735.7
25964 1021458.1
25965 1231968.5
25966 3094573.5
25967 5406943.4
25968 2264247.9
25969 1218102.7
25970 5382161.5
25971 7262371.3
25972 4543158.7
25973 4206182.3
25974 8255483.4
25975 3499227.4
25976 1876774.9
25977 2930449.8
25978 1588024.2
25979 1468986.9
25980 1069417.1
25981 1554366.2
25982 601236.24
25983 816822.72
25984 704323.22
25985 197265.82
25986 187974.37
25987 600305.67
25988 599469.65
25989 351087.27
25990 998323.28
25991 1650814
25992 1061081.8
25993 473517.43
25994 468559.42
25995 1885832.7
25996 3863760.5
25997 1860147.9
25998 3107923.8
25999 3844362.6
26000 3806768
26001 4297108.4
26002 4522834.4
26003 8221876.6
26004 3518363.9
26005 4704206.3
26006 5452682.6
26007 4917562.1
26008 10601243
26009 7233728.6
26010 2188986.5
26011 2667839.9
26012 1489786.1
26013 969197.03
26014 510587.84
26015 750612.4
26016 790800.9
26017 267602.65
26018 267983.32
26019 725041.71
26020 992171.48
26021 330198.56
26022 505329.51
26023 476766.71
26024 128106.74
26025 800857.61
26026 609026.72
26027 112758.23
26028 2492631.8
26029 2491362.4
26030 489881.58
26031 1344718.8
26032 621880.45
26033 642654.68
26034 1965006.9
26035 5370928.7
26036 4731647.3
26037 1141120.2
26038 8234771.6
26039 8593574.3
26040 3245869.5
26041 8645308.6
26042 17793520
26043 15092449
26044 12468493
26045 6919863.1
26046 8250937.4
26047 6772186
26048 152976.71
26049 238140
26050 1421490.7
26051 423771.35
26052 1720929.9
26053 1639963.5
26054 7526347.6
26055 13285330
26056 5795429.2
26057 122266.64
26058 99.754375
26059 99.754375
26060 0
26061 30638.76
26062 30532.355
26063 33.383931
26064 24004.01
26065 104531.45
26066 195884.9
26067 111629.32
26068 305437.04
26069 469940.09
26070 129867.58
26071 615477.05
26072 1311113.6
26073 866843.14
26074 1527455.5
26075 4501365.9
26076 14053636
26077 11856929
26078 253909.17
26079 7498627.7
26080 13506005
26081 5168008.9
26082 108465.71
26083 1940583.5
26084 4596434.8
26085 1595196
26086 698574.26
26087 870509.71
26088 889304.83
26089 1244279.3
26090 1289844.8
26091 943704.3
26092 475725.54
26093 83400.465
26094 276212.81
26095 364442.29
26096 215704.18
26097 207795.67
26098 266608.28
26099 118351.17
26100 81707.391
26101 457289.35
26102 559947.4
26103 314569.29
26104 247513.84
26105 1244902
26106 2202296.5
26107 1836240.6
26108 1657315.1
26109 2538901.2
26110 4440307
26111 2761097.9
26112 4281969.9
26113 5290749.1
26114 5884538.5
26115 4206313.9
26116 3359721.2
26117 6148251
26118 4038797.3
26119 3707006.7
26120 1904079.1
26121 4330197.6
26122 1648751.3
26123 129608.98
26124 1012297.2
26125 2117974.7
26126 787251.58
26127 753412.93
26128 1291124.4
26129 334988.25
26130 462539.41
26131 472536.4
26132 296413.81
26133 269537.84
26134 574445.88
26135 854482.62
26136 303246.36
26137 724090.3
26138 827318.34
26139 817886.78
26140 752319.59
26141 2529958
26142 5384486.5
26143 2894083
26144 3846820.1
26145 4896210.1
26146 3888497.7
26147 3793961.1
26148 2647282.5
26149 4942737.4
26150 2012774.5
26151 1274284.2
26152 1799105.6
26153 2745865
26154 590776.57
26155 1115215.2
26156 1017857.8
26157 624888.65
26158 455938.52
26159 634738.56
26160 870533.34
26161 197546.4
26162 568602.22
26163 564418.56
26164 227814.7
26165 219734.94
26166 907003.38
26167 1075357.7
26168 737232.74
26169 817561.49
26170 2350225.4
26171 6234360.3
26172 3127831.3
26173 4418289.4
26174 6053326.6
26175 5151569.5
26176 5322228.6
26177 4037268.3
26178 7570527.8
26179 3019967.5
26180 588208.76
26181 2072208.9
26182 3594320.4
26183 1239069
26184 866515.78
26185 1619519.8
26186 753424.91
26187 193351.18
26188 639088.41
26189 953328.21
26190 232600.46
26191 168395.64
26192 429471.21
26193 309962.88
26194 152627.68
26195 694116.31
26196 1546614.7
26197 692889.95
26198 1176427.7
26199 2148726.2
26200 2331851.3
26201 2198896.4
26202 3298739.8
26203 5385036.2
26204 3841186.5
26205 3382356.2
26206 3019199.2
26207 5763726.6
26208 2864538
26209 1326292.9
26210 1767449
26211 2779178.6
26212 699715.56
26213 715081.72
26214 859493.19
26215 286791.05
26216 781717.98
26217 424711.06
26218 206395.07
26219 205928.84
26220 921081.35
26221 1222089.1
26222 1167179.2
26223 1288613.4
26224 726330.14
26225 1427412.8
26226 4896160.4
26227 3872026.1
26228 1793068.2
26229 3289078.6
26230 1684951.1
26231 1598564.6
26232 528306.98
26233 712766.2
26234 51712.39
26235 14200.533
26236 329688.09
26237 394820.38
26238 281396.09
26239 927717.02
26240 627767.85
26241 1307772.5
26242 2719371.5
26243 3958376.9
26244 15307529
26245 11165428
26246 24484594
26247 40711351
26248 48565973
26249 46412732
26250 21842955
26251 0
26252 798357.23
26253 38531769
26254 40171131
26255 41185669
26256 44492470
26257 40490352
26258 36440280
26259 36133365
26260 0
26261 25392258
26262 42159947
26263 32695355
26264 39607915
26265 35273663
26266 16128596
26267 23940414
26268 13356796
26269 42956594
26270 416950.39
26271 20264878
26272 5038072.6
26273 27341522
26274 35449145
26275 47640913
26276 2063083.4
26277 315430.61
26278 44061880
26279 40287854
26280 29226284
26281 6949603.7
26282 45582012
26283 25527030
26284 42915938
26285 13732038
26286 35011979
26287 39809989
26288 42830050
26289 0
26290 20250298
26291 40700680
26292 42920006
26293 2845641
26294 29055432
26295 40937496
26296 42553561
26297 11820488
26298 34735667
26299 1878738.4
26300 131489.41
26301 8034139.2
26302 7513062.6
26303 3099126.7
26304 408121.74
26305 39173.238
26306 37894.101
26307 113468.3
26308 24540.107
26309 9986680.8
26310 32159915
26311 29238555
26312 45609664
26313 44518537
26314 40378864
26315 37222285
26316 45444189
26317 47371083
26318 33603150
26319 37125498
26320 26317131
26321 16457534
26322 5564535.3
26323 12961697
26324 4039960.9
26325 6743379.2
26326 12539903
26327 14126443
26328 14804719
26329 29371819
26330 43016616
26331 31662240
26332 21946906
26333 15735841
26334 43576990
26335 27730397
26336 4747304.8
26337 19319616
26338 39514487
26339 35092303
26340 32493116
26341 38999907
26342 6011337.6
26343 30523378
26344 34169530
26345 35525441
26346 24503544
26347 35523114
26348 12210026
26349 45337413
26350 47875365
26351 38657525
26352 13074304
26353 15679497
26354 47480005
26355 42030917
26356 26204970
26357 39804535
26358 21855425
26359 39676012
26360 326917.92
26361 26302113
26362 41101502
26363 34896072
26364 43537319
26365 36735639
26366 43912154
26367 28795455
26368 24304678
26369 38142851
26370 43524644
26371 20381681
26372 34058756
26373 24478651
26374 26124425
26375 38777391
26376 43539990
26377 38508150
26378 38379845
26379 27560794
26380 38019320
26381 29271762
26382 28696053
26383 42234931
26384 41576580
26385 42007295
26386 31479415
26387 43906604
26388 47809006
26389 45022856
26390 19439810
26391 38136703
26392 8094548.9
26393 16195801
26394 39141687
26395 2606652.9
26396 27321047
26397 5731597.3
26398 39383819
26399 7647717.1
26400 39326419
26401 32210404
26402 46813294
26403 43568095
26404 43300373
26405 40173357
26406 34333827
26407 43764398
26408 38347664
26409 38082505
26410 45675875
26411 43224803
26412 41012962
26413 31526737
26414 45202061
26415 48020037
26416 20253213
26417 36974655
26418 34530159
26419 32987688
26420 3549414.2
26421 24553754
26422 29124071
26423 29277374
26424 39619559
26425 14186788
26426 47691624
26427 47201100
26428 41379936
26429 49555503
26430 30712925
26431 265616.91
26432 32194399
26433 34542621
26434 42169869
26435 45866389
26436 38710836
26437 21289218
26438 22623175
26439 27695106
26440 33347174
26441 23355193
26442 11691023
26443 26003323
26444 36600247
26445 23455826
26446 17613409
26447 29288215
26448 43836721
26449 31079293
26450 12109584
26451 31227080
26452 38696989
26453 32194151
26454 18265383
26455 13404153
26456 44385058
26457 19194035
26458 23431126
26459 11512611
26460 16437489
26461 15552524
26462 2629103.9
26463 20009047
26464 35095403
26465 24776310
26466 11105522
26467 36360198
26468 36852863
26469 42138294
26470 34757523
26471 44250690
26472 34911933
26473 24848453
26474 28235464
26475 44814428
26476 15370424
26477 6025052
26478 20613233
26479 25267833
26480 19947677
26481 34429947
26482 43415059
26483 29045877
26484 23893065
26485 35713528
26486 37062387
26487 40698441
26488 41733505
26489 41113402
26490 36939829
26491 45310707
26492 38809458
26493 39747888
26494 32402618
26495 41140295
26496 42177265
26497 38059239
26498 46412024
26499 42830471
26500 43505011
26501 39099371
26502 40786795
26503 43784720
26504 38021268
26505 41270396
26506 48813931
26507 48638996
26508 44742126
26509 45604693
26510 38162897
26511 28511180
26512 24981134
26513 41963098
26514 32654210
26515 36505436
26516 23966192
26517 41278045
26518 31530247
26519 35034766
26520 30384557
26521 37926117
26522 43421847
26523 19360030
26524 35836705
26525 30511469
26526 29487213
26527 12301134
26528 28009998
26529 35331805
26530 20168355
26531 8261982.2
26532 37524415
26533 14529268
26534 39882770
26535 41450112
26536 43240774
26537 39412998
26538 41258053
26539 10997566
26540 37201853
26541 27303343
26542 37366181
26543 43892945
26544 35017571
26545 41736416
26546 43828167
26547 41418357
26548 44195498
26549 40934724
26550 27447270
26551 21952894
26552 46706685
26553 32759588
26554 32543436
26555 26268749
26556 2302413.3
26557 1436955
26558 4353625.8
26559 10445425
26560 5960064.4
26561 3053830.7
26562 12583428
26563 36294327
26564 27086902
26565 22056257
26566 39401077
26567 48478056
26568 294325.57
26569 16945933
26570 33619597
26571 34416470
26572 38743161
26573 43766908
26574 42071544
26575 43256049
26576 44234409
26577 39744890
26578 37156077
26579 26052178
26580 48253840
26581 36510269
26582 32060695
26583 13309011
26584 33024055
26585 44782014
26586 47847777
26587 45894985
26588 48496610
26589 29153446
26590 36391463
26591 20736371
26592 37702518
26593 44610779
26594 27839920
26595 22232005
26596 40691143
26597 28884733
26598 25702517
26599 13079154
26600 29512243
26601 37115265
26602 30815379
26603 20963053
26604 46079806
26605 28883956
26606 12246188
26607 23911183
26608 43707609
26609 32307510
26610 25210294
26611 30706617
26612 26394170
26613 32955202
26614 24437586
26615 21938141
26616 38527226
26617 41092840
26618 38751902
26619 25250995
26620 35091221
26621 41816458
26622 47246967
26623 44399303
26624 31856421
26625 40106955
26626 43281408
26627 35255814
26628 41552087
26629 39313155
26630 28403894
26631 23076061
26632 44741048
26633 35020359
26634 2426700.6
26635 48553999
26636 0
26637 0
26638 101850.52
26639 33535485
26640 28370479
26641 36835904
26642 34794492
26643 38215784
26644 30873699
26645 39801793
26646 41147833
26647 41337917
26648 43202789
26649 39666326
26650 41654026
26651 44559291
26652 36797479
26653 38014363
26654 42669835
26655 40878508
26656 44683159
26657 33509328
26658 39726102
26659 19176210
26660 3996078.9
26661 41242871
26662 24652028
26663 35474399
26664 37794892
26665 37175259
26666 32673503
26667 14021646
26668 38226879
26669 20054149
26670 41983594
26671 37081314
26672 41219555
26673 40240646
26674 20143028
26675 32620141
26676 44448493
26677 43229166
26678 27146294
26679 14780559
26680 29118475
26681 35646802
26682 19486649
26683 29190208
26684 23804373
26685 38928952
26686 34060501
26687 32873284
26688 40775375
26689 33555768
26690 40656071
26691 41793182
26692 21144573
26693 23997875
26694 35754112
26695 45319974
26696 47006887
26697 30183344
26698 32387155
26699 44280369
26700 30299082
26701 27645498
26702 39279986
26703 38013022
26704 45006462
26705 43236689
26706 600685.92
26707 2044.9469
26708 1309069.7
26709 46337893
26710 46424475
26711 45478695
26712 900278.19
26713 61.880721
26714 333384.38
26715 1770587.4
26716 1847944.8
26717 1251227.2
26718 408843.2
26719 169317.66
26720 70323.48
26721 47090.798
26722 119939.53
26723 136823.81
26724 8575061.9
26725 31770704
26726 36927052
26727 0
26728 8651.9203
26729 320668.42
26730 381739.8
26731 154146.02
26732 96474.851
26733 11439280
26734 24317058
26735 17165570
26736 44487498
26737 43158385
26738 41804152
26739 23278575
26740 2016465.5
26741 11562259
26742 5548232.3
26743 5159812.4
26744 787202.28
26745 348696.81
26746 5861455.3
26747 11229268
26748 44566643
26749 8312834.5
26750 45078067
26751 55775.106
26752 37313.222
26753 10364811
26754 10163375
26755 750888.84
26756 4624492.4
26757 11405890
26758 14032923
26759 18464448
26760 5566618.9
26761 6110656.8
26762 3829291.3
26763 6889268.9
26764 4049564.1
26765 1992881.6
26766 2033965.2
26767 2860713.8
26768 2986734.7
26769 1470466.6
26770 1831012
26771 14737602
26772 40625222
26773 12553843
26774 415384.54
26775 7519685.2
26776 7528442.2
26777 119.20166
26778 816.48
26779 8071610.4
26780 9005034.9
26781 1767956.2
26782 8032305.4
26783 15875497
26784 2551919.7
26785 3153189.8
26786 830286.01
26787 760480.71
26788 1020053.3
26789 365024.75
26790 154068.35
26791 24610.831
26792 1112.3743
26793 2116.5396
26794 643.32754
26795 24.496197
26796 7780167.1
26797 7780167.1
26798 0
26799 9136969.2
26800 28030335
26801 17296910
26802 10963462
26803 13189463
26804 12960706
26805 40499026
26806 37671161
26807 44562521
26808 34530654
26809 21946488
26810 7610523.4
26811 1430362.9
26812 1210850.1
26813 5493018.1
26814 11390601
26815 9301909.7
26816 360381.3
26817 156135.76
26818 167230.15
26819 15801.813
26820 7369573.8
26821 12336995
26822 7156426.3
26823 2881617.4
26824 20576710
26825 15963325
26826 459055.69
26827 4554056.9
26828 21838907
26829 15193130
26830 94977.357
26831 6700067.5
26832 18027095
26833 7377278.2
26834 4117.371
26835 6699639.4
26836 19815513
26837 8549186.7
26838 438272.36
26839 7908454.6
26840 13976789
26841 13507350
26842 26299472
26843 34554185
26844 21167970
26845 16683929
26846 38101016
26847 48651555
26848 43562080
26849 29429328
26850 0
26851 2680249.2
26852 11979989
26853 9803742.5
26854 6328532.7
26855 9071206.9
26856 41105069
26857 3487483.7
26858 0
26859 495173.93
26860 6536079.1
26861 4205201.5
26862 362190.43
26863 6717923.3
26864 3940755.7
26865 15542.463
26866 1376246.9
26867 14757196
26868 13092392
26869 41770.061
26870 1308497.6
26871 7960008.9
26872 20993406
26873 15299762
26874 7874985.2
26875 21268333
26876 25354488
26877 17649276
26878 9546533
26879 33088363
26880 30982499
26881 26514397
26882 13627566
26883 36213343
26884 24810186
26885 20262752
26886 7686959.8
26887 22712962
26888 17906033
26889 15269085
26890 11298581
26891 14567332
26892 12837810
26893 18532825
26894 26306294
26895 14825206
26896 31134312
26897 18186097
26898 118257.8
26899 37838091
26900 7204948.6
26901 1313788.6
26902 118653.09
26903 3271940.3
26904 468599.63
26905 24321176
26906 33741177
26907 5318776.6
26908 14316545
26909 27189754
26910 28187163
26911 17554763
26912 604304.81
26913 127499.61
26914 561539.31
26915 190341.86
26916 23262.828
26917 11063.205
26918 257.66017
26919 6914878.6
26920 18918179
26921 15036290
26922 13161701
26923 6417767.5
26924 0
26925 5743987.4
26926 14494115
26927 7342425.6
26928 1423646.7
26929 6147326.1
26930 12266742
26931 7529885.5
26932 4039353.2
26933 6355860
26934 7184667.1
26935 6685338.9
26936 6240432.8
26937 7470135.9
26938 17194281
26939 8899529.1
26940 10940590
26941 5032713.2
26942 23445649
26943 20595963
26944 26256540
26945 35556667
26946 22583910
26947 7087156.2
26948 16750270
26949 22630087
26950 44173260
26951 0
26952 50.512185
26953 209859.9
26954 3015953.8
26955 7436293.7
26956 6581049.2
26957 2541861.6
26958 1349970.9
26959 8165982.5
26960 28891537
26961 14389877
26962 23621240
26963 32920364
26964 36626819
26965 44876382
26966 4567197.2
26967 4473851.9
26968 362204.23
26969 27251836
26970 22409643
26971 11259277
26972 2353912.4
26973 8177489.3
26974 17618899
26975 7385348.8
26976 8761408.4
26977 19491141
26978 9781907.7
26979 100621.87
26980 11659562
26981 40321230
26982 25546875
26983 38594847
26984 29240156
26985 36160182
26986 8383573.1
26987 13755399
26988 40709684
26989 17810745
26990 29752248
26991 343121.74
26992 2728357.3
26993 7200070.8
26994 32493083
26995 15362071
26996 14389256
26997 24088594
26998 691246.91
26999 34311473
27000 9651440.1
27001 39307970
27002 42376803
27003 10876000
27004 1984580
27005 1867221.2
27006 15407817
27007 12895708
27008 13818669
27009 12143393
27010 1569227.4
27011 865712.94
27012 1042710.9
27013 714045.63
27014 634657.97
27015 17479.568
27016 91046.356
27017 315006.53
27018 286312.23
27019 9507.6911
27020 4763.8472
27021 10057709
27022 23065436
27023 42005045
27024 15663374
27025 21743446
27026 24025095
27027 12238920
27028 758489.38
27029 20692681
27030 20814783
27031 15819361
27032 20890568
27033 32010046
27034 0
27035 2662.7293
27036 29173154
27037 42321880
27038 28535208
27039 0
27040 48234282
27041 41832189
27042 9005163.3
27043 3191138.7
27044 4148373.7
27045 1668099.9
27046 2970494.9
27047 6691138.1
27048 7612851.7
27049 42873807
27050 20914342
27051 33901806
27052 43968742
27053 45449753
27054 36866294
27055 44372930
27056 3568148
27057 2859634.6
27058 3537412.9
27059 14689205
27060 13686877
27061 6641564
27062 16881188
27063 40281499
27064 31890579
27065 13885925
27066 16280176
27067 18573506
27068 2063602
27069 1254590.8
27070 225699.46
27071 1414025.1
27072 8233994.6
27073 10170625
27074 182664
27075 147681.18
27076 56027.5
27077 25296.044
27078 10557.635
27079 11349.993
27080 11268.379
27081 118.31081
27082 966.95735
27083 759876.89
27084 2422015.1
27085 1426467.7
27086 10155669
27087 14652273
27088 8860529.9
27089 6072061.5
27090 10859540
27091 7729124.9
27092 6272847.7
27093 19829100
27094 7362433.7
27095 30395.826
27096 3442003.9
27097 3388305.7
27098 53464.952
27099 153516.87
27100 182000.56
27101 8118177.8
27102 15049462
27103 43782385
27104 5586042.5
27105 41925725
27106 15403700
27107 17921182
27108 21325919
27109 38990055
27110 32169711
27111 11575087
27112 9760685
27113 1029666.1
27114 3282743.4
27115 3185348.1
27116 7363059.4
27117 7445368
27118 5241686.3
27119 15374088
27120 14155569
27121 2330399.3
27122 9731788
27123 22716083
27124 9503711.6
27125 8927267.6
27126 11122431
27127 8024043.7
27128 15691267
27129 7528478.9
27130 651172.06
27131 448.42031
27132 67.388366
27133 219.52856
27134 1937.3275
27135 2256.113
27136 12166039
27137 39194961
27138 23216536
27139 2526074.2
27140 36610826
27141 21363832
27142 249187.28
27143 278556.04
27144 40648135
27145 3646679.5
27146 12710603
27147 36878228
27148 28
27149 2040180.8
27150 9243209
27151 19535307
27152 22105311
27153 20281157
27154 8228164.8
27155 49034.92
27156 6561225.4
27157 13697036
27158 8858158.6
27159 5048524.7
27160 7415714.3
27161 7588029.6
27162 1220.1534
27163 3718962.4
27164 11976427
27165 44595665
27166 2552766.8
27167 683944.78
27168 44415653
27169 43223705
27170 45479137
27171 611021.58
27172 46953496
27173 36002261
27174 40127112
27175 33788702
27176 10554507
27177 8773975.4
27178 17530824
27179 45846612
27180 30659083
27181 33032088
27182 6247180.3
27183 43747754
27184 244043.05
27185 5423413.6
27186 43384189
27187 77104.377
27188 10309331
27189 9309282.8
27190 3167415.9
27191 9426073.6
27192 14827387
27193 6611613.3
27194 6437984.1
27195 7804929.5
27196 6551706.9
27197 6765423.2
27198 7444287.5
27199 7597535.1
27200 1668388
27201 7100483.9
27202 5051390.4
27203 8522849.7
27204 22610899
27205 45108045
27206 42270729
27207 39954844
27208 32534555
27209 36910238
27210 42653764
27211 25750390
27212 9758104.4
27213 8402083.8
27214 3593678.1
27215 9567618.1
27216 5254547.2
27217 7038095.1
27218 6901890.4
27219 4420503
27220 3765120.4
27221 11661106
27222 14229145
27223 4841210
27224 4928444.9
27225 27815025
27226 30225139
27227 14459913
27228 2407481.6
27229 7107783.6
27230 6425045.5
27231 7592479.5
27232 7283219
27233 17123815
27234 29517609
27235 41625693
27236 3375040
27237 0
27238 3113211.6
27239 2492069.7
27240 342250.75
27241 30903672
27242 27600929
27243 47798688
27244 45912958
27245 292829.6
27246 36895045
27247 7694227.8
27248 40955.113
27249 15461314
27250 45157669
27251 25677626
27252 41142501
27253 41634523
27254 33738484
27255 33513599
27256 0
27257 12604.279
27258 975825.09
27259 2598990.9
27260 2117445
27261 7762567.8
27262 4794409.9
27263 7446651.1
27264 3939965.2
27265 2548608.2
27266 4991540.3
27267 9409507
27268 3931037.6
27269 2007188.2
27270 4830870.8
27271 1691413
27272 4230374.8
27273 2477189
27274 5105705.3
27275 1440528.1
27276 4100210.6
27277 3318652.5
27278 1559902.6
27279 5262112.4
27280 2917046
27281 2924526.2
27282 4192504.7
27283 3939272.7
27284 9299243.5
27285 12323497
27286 17971779
27287 6442304.1
27288 10061690
27289 6874163
27290 166251.45
27291 49531.177
27292 143224.45
27293 104382.04
27294 27985.527
27295 1500733.2
27296 13120312
27297 11183597
27298 5608112.3
27299 8374928.2
27300 1757903.4
27301 161684.58
27302 118679.62
27303 13934.233
27304 4475154.5
27305 5181060.8
27306 46085.243
27307 37731.34
27308 260305.1
27309 942825.81
27310 4225925.3
27311 2864213
27312 195114.28
27313 4493776.1
27314 11401957
27315 6734455.3
27316 5069758.8
27317 4935854.1
27318 4505143.6
27319 5937870
27320 367461.36
27321 96983.361
27322 170272.28
27323 147655.96
27324 81702.075
27325 74137.184
27326 5057237.9
27327 8116060.3
27328 5215792.4
27329 13650119
27330 6336356
27331 4042515
27332 4051294.4
27333 8332888.4
27334 6795915.2
27335 5596944.3
27336 9811576.6
27337 3118081.2
27338 3134039.5
27339 673506.12
27340 161021.21
27341 288988.42
27342 122305.29
27343 3193658.5
27344 4088563.2
27345 65829.268
27346 40119.282
27347 29618.718
27348 146149.6
27349 79973.452
27350 47982.459
27351 81700.94
27352 64428.397
27353 40314.504
27354 2302534.4
27355 3043655.4
27356 181830.46
27357 2153783.8
27358 6104145.4
27359 2655023.1
27360 4651461.7
27361 3427527.9
27362 3749124.3
27363 3928401.1
27364 3460594.1
27365 9829368.2
27366 4011444.8
27367 4654090.5
27368 11977675
27369 7735028.2
27370 1909077.2
27371 5071008.3
27372 10481724
27373 29003766
27374 16711190
27375 31039235
27376 24608168
27377 13678375
27378 2642234.5
27379 7369030
27380 2782911
27381 261250.69
27382 322346.69
27383 3883503.1
27384 7827499.5
27385 590355.67
27386 444625.04
27387 42418.941
27388 54924.999
27389 91122.625
27390 196362.25
27391 111473.81
27392 3761908.4
27393 3830806.2
27394 146392.48
27395 837831.17
27396 7132934.9
27397 4403554.9
27398 2150393.2
27399 2644575.1
27400 5363252.6
27401 4767318.2
27402 3011500
27403 10667980
27404 4689546
27405 4380929.2
27406 10494944
27407 4752704.4
27408 74404.083
27409 4218354
27410 13446989
27411 6071887.2
27412 95865.307
27413 6012698.5
27414 16358843
27415 5884168.1
27416 2742660.6
27417 5470099.3
27418 15384725
27419 13232607
27420 1722877.1
27421 1596134
27422 3947106.7
27423 7653224.9
27424 2271319.7
27425 451804.26
27426 175144.04
27427 65335.737
27428 44588.999
27429 53004.131
27430 3167935.1
27431 4149002.4
27432 2664399.3
27433 8897813.6
27434 5364594.3
27435 2726638.5
27436 3101516.9
27437 9319827.4
27438 8424997.2
27439 4792268.5
27440 2225793
27441 11057197
27442 14510466
27443 1929098.6
27444 106672.83
27445 87239.604
27446 94710.204
27447 107027.47
27448 7668514.7
27449 22414673
27450 8923026.1
27451 4887864.4
27452 7593104.8
27453 3121059.6
27454 4766315.1
27455 18708082
27456 15220369
27457 16282842
27458 7457118.2
27459 2319540.4
27460 8003486
27461 4632859.5
27462 538874.08
27463 78333.7
27464 2227005.2
27465 16077758
27466 29778647
27467 36877701
27468 34945151
27469 19876698
27470 42104037
27471 44116329
27472 30785493
27473 19191517
27474 15602137
27475 40718014
27476 34724054
27477 35114767
27478 23263526
27479 10087029
27480 2953249.7
27481 27319070
27482 29700677
27483 4971430.9
27484 25168.33
27485 46331.365
27486 359973.55
27487 883229.31
27488 122487.12
27489 211171.27
27490 93468.212
27491 144233.11
27492 338572.28
27493 271014.83
27494 137361.88
27495 242665.04
27496 27254.955
27497 54854.638
27498 81757.328
27499 237591.61
27500 78231.877
27501 138329.61
27502 80141.29
27503 347090.16
27504 165069.24
27505 210776.1
27506 146683.66
27507 617981.53
27508 526403.68
27509 89056.303
27510 61986.664
27511 86387.706
27512 194807.28
27513 1024993.3
27514 8723141.2
27515 7239396.9
27516 1939541.2
27517 2105440.4
27518 1792137.2
27519 1845107.3
27520 3034740
27521 671015.46
27522 1274266.2
27523 326858.17
27524 616842.97
27525 233574.74
27526 93290.968
27527 240219.23
27528 160795.9
27529 107626.13
27530 211059.12
27531 254461.74
27532 58612.61
27533 31292.017
27534 7548896.9
27535 23232812
27536 8189100.1
27537 8384823.9
27538 8511147.7
27539 19463509
27540 20902119
27541 9083284.7
27542 3894043.8
27543 13180647
27544 42129750
27545 26749291
27546 26306025
27547 25600401
27548 4035798.9
27549 3248120
27550 1832301.2
27551 1073599.1
27552 203571.45
27553 355753.32
27554 314544.14
27555 726471.02
27556 160198.89
27557 164162.17
27558 250302.26
27559 1064991.6
27560 319579.61
27561 292586.88
27562 460533.04
27563 1471947.8
27564 345649.3
27565 597853.73
27566 588553.39
27567 692959.05
27568 347401.82
27569 434197.9
27570 765974.5
27571 1866104.4
27572 1709346.2
27573 940527.28
27574 3767840.4
27575 1430318.8
27576 4096916.5
27577 3649150.2
27578 4703643.1
27579 2910108.8
27580 3796029.1
27581 9481325
27582 1664815.5
27583 5393831.1
27584 4163420.9
27585 4967312.9
27586 1992193.8
27587 3823045.3
27588 8326278.8
27589 2470120.9
27590 2916201.1
27591 833036.82
27592 7449652.4
27593 2302912
27594 3385045.8
27595 2828098.5
27596 6215664.4
27597 2984811.3
27598 4182003.9
27599 8594096.7
27600 2854318.2
27601 7074520
27602 2977892.8
27603 5726181.9
27604 1547014.9
27605 5010110
27606 7278330.5
27607 3437039.8
27608 6362295.4
27609 1961216
27610 6988805.5
27611 1430003.3
27612 2784914.6
27613 1066847.6
27614 4540971.8
27615 1722139.2
27616 2379499.4
27617 2135023.4
27618 5367543.9
27619 3231889.1
27620 2116150.8
27621 6471193.4
27622 3502394.4
27623 3728807.3
27624 2851099.4
27625 8681503.5
27626 2207834.6
27627 6439377.2
27628 10091909
27629 2566020.7
27630 3464868.2
27631 2446905.3
27632 1949009.9
27633 1524813.6
27634 1878557.4
27635 8906936.9
27636 1443065.9
27637 1245276.9
27638 1027717.8
27639 3926749.4
27640 334592.55
27641 976176.66
27642 1657678
27643 4410563.1
27644 963070.93
27645 1563668.3
27646 4273258.4
27647 2573373.5
27648 1114784.9
27649 1516795.6
27650 4107466
27651 2535474.8
27652 1494920.1
27653 1578825.9
27654 3813797.5
27655 2944893.5
27656 3427855.1
27657 1433931.5
27658 4421568.3
27659 932344.54
27660 2553963.7
27661 2673677
27662 2675822.1
27663 4283890.8
27664 2123788.9
27665 5469185.1
27666 3644734.6
27667 4683814.7
27668 12318218
27669 1589193.5
27670 3616430.8
27671 4067780.3
27672 2511027
27673 1501061.2
27674 1332463.6
27675 2450071.1
27676 508999.8
27677 1073869.1
27678 3565365
27679 1458312.3
27680 1377643
27681 716035.73
27682 2127791.4
27683 321021.38
27684 1134034.9
27685 1667719.2
27686 608386.03
27687 1935125.9
27688 791337.58
27689 2615205.6
27690 1349752.3
27691 1935124.7
27692 4950815.8
27693 3420428.3
27694 4877878
27695 5025677.6
27696 7514803.3
27697 3784762.8
27698 3453704.7
27699 7788886.8
27700 905720.01
27701 2548778.2
27702 1807537.9
27703 1676216.5
27704 736270.6
27705 1710930
27706 3063385.2
27707 3454799.5
27708 1415316.5
27709 2590026.8
27710 5042461.5
27711 1557500.3
27712 1961558.6
27713 1195824.6
27714 3588990.9
27715 1916064.1
27716 2315497.1
27717 3752266.1
27718 1898126.2
27719 4556325.1
27720 2586492.1
27721 7864662.2
27722 1649778.2
27723 5253655.6
27724 6488354.2
27725 2541773.4
27726 3401117.1
27727 1698729.2
27728 4396980.8
27729 1532482
27730 4043615.1
27731 2342088.3
27732 3569351.9
27733 2156347.2
27734 1405432.9
27735 1889118.3
27736 404015.64
27737 1339657.7
27738 1407697.6
27739 1428180
27740 750663.63
27741 713154.15
27742 636177.49
27743 1015140
27744 809267.61
27745 1200645.1
27746 1743268
27747 1629983.8
27748 1771746.7
27749 1095003
27750 908639.78
27751 999791.16
27752 2891689.6
27753 1280884.5
27754 3148832
27755 1793309.6
27756 2229276.5
27757 2028069.2
27758 1084722.7
27759 2906893.8
27760 1230267.4
27761 2097115.9
27762 697278.3
27763 3101447.4
27764 1832189.3
27765 2529719.1
27766 2611146.5
27767 3010385.3
27768 3424160.2
27769 1040844.2
27770 5881976.6
27771 2965628.8
27772 3752444.1
27773 3108301.5
27774 4215709.5
27775 6883343.5
27776 2137548.3
27777 7675996
27778 3921682.4
27779 7401697.4
27780 1789588.7
27781 6789308.9
27782 7436331.8
27783 1817879.8
27784 3101902.4
27785 2921133.9
27786 6015031.2
27787 975331.7
27788 4483196.4
27789 2012469.7
27790 3224712.1
27791 1059525.7
27792 3452675.3
27793 1607950.7
27794 3638255.9
27795 834525.18
27796 5593126
27797 2888569.7
27798 3906919.8
27799 2692594.3
27800 3023120.9
27801 4606083.4
27802 1482890.8
27803 4556821.6
27804 1674482.9
27805 4655676.2
27806 1822445.1
27807 5235420.6
27808 2893153.3
27809 2339402.8
27810 4830460.3
27811 7329823
27812 11219132
27813 2209689.7
27814 6005333
27815 1513501.2
27816 3488862.7
27817 1446094.6
27818 6181152.7
27819 3031130.3
27820 2427267.2
27821 1941241.4
27822 5323644.3
27823 5397022.2
27824 916323.77
27825 4643945
27826 1987508.9
27827 4344948.2
27828 1494383.6
27829 3225789.6
27830 2437112.4
27831 3746798.9
27832 840960.94
27833 6841161.2
27834 2943276.4
27835 3724749.7
27836 1572559
27837 1986266.5
27838 2382584.9
27839 4469081
27840 990386.62
27841 4802408.1
27842 2055279.3
27843 2191115.7
27844 1005261
27845 1090184.1
27846 2584995.9
27847 3308058.9
27848 1975957.2
27849 5875201.5
27850 4708643.8
27851 4169941.7
27852 1948250.8
27853 5675694.4
27854 1649547.8
27855 945767.21
27856 2175194.9
27857 2641202.9
27858 465815.09
27859 810252.69
27860 2135542.8
27861 2359192
27862 584584.03
27863 1163243.6
27864 2826315
27865 1833976.7
27866 600183.69
27867 305072.79
27868 1137196.5
27869 2997502.2
27870 1260134.9
27871 441868.56
27872 2771115.2
27873 2927873.5
27874 4601029.6
27875 2430952.6
27876 5359969.1
27877 5541676.8
27878 1624987.5
27879 4711496.7
27880 3666697.9
27881 4110494.2
27882 979520.19
27883 3189409
27884 2979171.5
27885 2135959.7
27886 6563936.8
27887 44258588
27888 42141433
27889 34859559
27890 12394761
27891 44264522
27892 46828965
27893 36374519
27894 5056708.7
27895 3252257.6
27896 577117.02
27897 106701.33
27898 1749042.9
27899 1570300.4
27900 20425004
27901 46157649
27902 21590969
27903 34298131
27904 45456162
27905 30344404
27906 25014664
27907 47708590
27908 21167248
27909 29412560
27910 40569498
27911 9859655.7
27912 36764777
27913 39316628
27914 32996075
27915 33585902
27916 21330805
27917 23379025
27918 46107476
27919 3432434.7
27920 31521088
27921 33574575
27922 42699272
27923 8304112.8
27924 22757463
27925 28533343
27926 45807604
27927 12447638
27928 44251323
27929 14305062
27930 45271770
27931 37419733
27932 43736822
27933 42383864
27934 29946870
27935 40116286
27936 20455496
27937 42789789
27938 0
27939 879388.22
27940 1696534.5
27941 684121.06
27942 33810853
27943 16266358
27944 21803313
27945 45824890
27946 40104346
27947 40104346
27948 0
27949 36664968
27950 41994893
27951 47888301
27952 5009793.7
27953 48071282
27954 43815126
27955 25809866
27956 23612702
27957 41135577
27958 43879053
27959 47500482
27960 36593370
27961 35294058
27962 45459939
27963 45733647
27964 28543114
27965 44625861
27966 1927422.2
27967 0
27968 516970.83
27969 808770.48
27970 2742719.5
27971 12147240
27972 23420747
27973 11832936
27974 18369058
27975 27047243
27976 39409491
27977 33359696
27978 32065901
27979 47321837
27980 44465685
27981 12075961
27982 42480786
27983 3196432.9
27984 48148803
27985 19927974
27986 48491439
27987 46226756
27988 15244395
27989 48862971
27990 1123926.1
27991 49683063
27992 21842038
27993 43208328
27994 46671289
27995 20644419
27996 48510035
27997 33342922
27998 39735320
27999 0
28000 47387981
28001 28091962
28002 45685446
28003 25336499
28004 42265123
28005 21749753
28006 45552496
28007 0
28008 3429412.8
28009 3188704.5
28010 978107.66
28011 564618.79
28012 14879275
28013 25894920
28014 41904512
28015 22265723
28016 46953496
28017 46953496
28018 21739324
28019 46409604
28020 38833177
28021 30611813
28022 29527227
28023 34932827
28024 45230730
28025 32812147
28026 46552277
28027 40849566
28028 24697590
28029 47744300
28030 33517852
28031 35976507
28032 26508814
28033 45249345
28034 45249669
28035 20844924
28036 42019311
28037 5208994
28038 49678983
28039 23049782
28040 45351552
28041 29937755
28042 39486078
28043 42946424
28044 43828346
28045 41386128
28046 16130973
28047 37085028
28048 35790248
28049 37177534
28050 21871669
28051 2890030.9
28052 912428.55
28053 534735.69
28054 39158.266
28055 26823.303
28056 11315933
28057 39083936
28058 23100258
28059 0
28060 57898.988
28061 422046.45
28062 346762.55
28063 288533.76
28064 2292248.7
28065 3706563.3
28066 9331799.2
28067 30207305
28068 24996991
28069 18561600
28070 46966201
28071 18092748
28072 35280609
28073 35280609
28074 0
28075 44394722
28076 40057539
28077 28176638
28078 36411057
28079 45269916
28080 45245943
28081 24791742
28082 36233397
28083 40944249
28084 23762617
28085 10221217
28086 207759.02
28087 97787.412
28088 34441.284
28089 99583.425
28090 34360.173
28091 54803.956
28092 8849983.7
28093 32043190
28094 38941123
28095 2757115
28096 46825300
28097 33897.292
28098 5483076.3
28099 48528344
28100 47557539
28101 27791229
28102 47358410
28103 42123741
28104 22589694
28105 49016794
28106 27527422
28107 37385298
28108 41909034
28109 8619917.6
28110 48651555
28111 34358319
28112 27053124
28113 40478245
28114 33854823
28115 31577343
28116 11482899
28117 42970151
28118 16758587
28119 1172259
28120 13498735
28121 22663737
28122 6838101.6
28123 6623682.7
28124 47029803
28125 20566122
28126 22241620
28127 34526790
28128 41860799
28129 45374006
28130 28858851
28131 41813387
28132 29249146
28133 47219758
28134 30932840
28135 39643094
28136 46416313
28137 43682356
28138 30614137
28139 23574870
28140 29464605
28141 36397626
28142 15261865
28143 48449295
28144 1546145.5
28145 34573370
28146 40896775
28147 46844358
28148 0
28149 0.35128592
28150 190389.99
28151 553165.12
28152 4923706.2
28153 3544564.4
28154 314510.03
28155 934303.22
28156 251805.43
28157 5193357.4
28158 30951652
28159 31510145
28160 33574474
28161 36224199
28162 36932320
28163 23705541
28164 45010452
28165 43070295
28166 30995085
28167 46397770
28168 26447974
28169 42017740
28170 43241515
28171 18592770
28172 17498767
28173 47252344
28174 43084121
28175 14558747
28176 0
28177 42271518
28178 29660042
28179 45205022
28180 30831.018
28181 0
28182 1270527.2
28183 7730199.2
28184 1760955.3
28185 470678.78
28186 184789.91
28187 0
28188 0
28189 3699248.4
28190 28122703
28191 39222068
28192 31668660
28193 6402836.7
28194 48429981
28195 12773238
28196 42310524
28197 26551946
28198 44650554
28199 41909450
28200 19585216
28201 38703318
28202 31620314
28203 45158272
28204 0
28205 31161307
28206 40799183
28207 45739697
28208 27038.82
28209 0
28210 350271.25
28211 6365884
28212 3059841.3
28213 216448.42
28214 85675.509
28215 0
28216 0
28217 0
28218 0
28219 2146596.6
28220 10886504
28221 41197263
28222 28427898
28223 43035774
28224 20900837
28225 47038512
28226 44581296
28227 4970452.4
28228 46022609
28229 38410745
28230 25075360
28231 31166532
28232 33424357
28233 11582761
28234 393874.34
28235 338223.73
28236 112951.46
28237 287.51854
28238 0
28239 0
28240 0
28241 0
28242 2886941.9
28243 6541963
28244 19433526
28245 23270974
28246 14531007
28247 16788343
28248 42595347
28249 33339831
28250 23602683
28251 17969029
28252 17749975
28253 3844165.1
28254 3676536.2
28255 348427.55
28256 813138.5
28257 3717733.7
28258 835706.62
28259 354508.49
28260 3439205.2
28261 14948062
28262 25727696
28263 22772014
28264 13479322
28265 18068476
28266 30252470
28267 33901026
28268 43893470
28269 42561117
28270 0
28271 5235.8877
28272 9089036.3
28273 9104309.6
28274 272377.01
28275 327858.39
28276 27218000
28277 21678013
28278 36012414
28279 23391994
28280 15882562
28281 27181426
28282 15726738
28283 17984174
28284 5769201
28285 40473831
28286 30174805
28287 0
28288 39191.275
28289 403832.19
28290 357205.5
28291 237795.44
28292 17505387
28293 34976102
28294 29237593
28295 29237593
28296 46792012
28297 33188545
28298 30236441
28299 40890439
28300 30321809
28301 0
28302 28684847
28303 41422767
28304 35214122
28305 37568613
28306 0
28307 48332821
28308 46526858
28309 23162976
28310 0
28311 44124775
28312 23163700
28313 46248618
28314 33769371
28315 31352814
28316 43838681
28317 14749010
28318 47230881
28319 17405797
28320 21346407
28321 20089663
28322 33486735
28323 32888638
28324 45070358
28325 31189857
28326 34620685
28327 42365565
28328 178628.79
28329 0
28330 100533.97
28331 372376.99
28332 99780.833
28333 294374.68
28334 3578644
28335 1186651
28336 98862.171
28337 57778.538
28338 53421.737
28339 0
28340 0
28341 368186.66
28342 436082.3
28343 73364.484
28344 0
28345 0
28346 8594675.1
28347 37080678
28348 21241464
28349 8485260.9
28350 185715.7
28351 8143559.2
28352 31669169
28353 45368100
28354 17032997
28355 26497885
28356 38300339
28357 38773792
28358 22994971
28359 8212.4454
28360 11290.134
28361 41887705
28362 24453959
28363 0
28364 22933244
28365 42183832
28366 29554770
28367 43912435
28368 5225213.8
28369 48980170
28370 2383633.9
28371 30794152
28372 42284410
28373 24284905
28374 29761959
28375 37525307
28376 30888066
28377 32845051
28378 39903940
28379 0
28380 1743.9752
28381 263298.57
28382 4388777.6
28383 13031829
28384 9652089.3
28385 3568885.1
28386 9227549.9
28387 12056483
28388 477072.35
28389 667968.09
28390 7725379.3
28391 6270277.4
28392 11621471
28393 18521617
28394 45616904
28395 29028764
28396 39484958
28397 36688587
28398 41498932
28399 33893396
28400 9960311.4
28401 8351576.7
28402 854606.27
28403 37986244
28404 39591872
28405 43243541
28406 43243541
28407 45155844
28408 23115191
28409 0
28410 19164088
28411 17726844
28412 460860.46
28413 3118389.7
28414 7684385.1
28415 11594518
28416 11095598
28417 9262951.9
28418 4135075.9
28419 7110921.1
28420 5587462
28421 8198090.2
28422 16361052
28423 27992256
28424 29089724
28425 42412908
28426 44205638
28427 30001627
28428 0
28429 37465062
28430 34009576
28431 0
28432 17449.75
28433 353132.25
28434 378167.52
28435 256949.91
28436 583676.02
28437 1436202.1
28438 952744.42
28439 213137.82
28440 1564141
28441 10590458
28442 22243911
28443 39131559
28444 33524398
28445 0
28446 22193.368
28447 26924989
28448 35623041
28449 41979015
28450 24381.694
28451 10206276
28452 9470035.4
28453 47145816
28454 13396366
28455 5769587.9
28456 198854.46
28457 11262617
28458 12780670
28459 43859792
28460 12778604
28461 43731994
28462 49427223
28463 44328069
28464 8289433.9
28465 10642929
28466 45550525
28467 31105048
28468 41233980
28469 38132078
28470 35416185
28471 33511899
28472 27332840
28473 92356.48
28474 92974.4
28475 49169843
28476 392956.94
28477 0
28478 142225.16
28479 458436.61
28480 309206.12
28481 1571995.3
28482 28355336
28483 40730566
28484 34829415
28485 5186006.2
28486 18382765
28487 23885552
28488 43643124
28489 2647823.7
28490 32571461
28491 20497350
28492 33789113
28493 4092351.9
28494 39417221
28495 20024599
28496 45661323
28497 16017373
28498 36245843
28499 14893284
28500 46014258
28501 36834755
28502 43615815
28503 32660319
28504 26187208
28505 35359863
28506 34548789
28507 4296297.7
28508 41910401
28509 40044938
28510 13982175
28511 9518981.7
28512 45076346
28513 2937397.7
28514 35859473
28515 39701707
28516 37947523
28517 5075469.9
28518 19575736
28519 20967464
28520 10570974
28521 17604488
28522 21832518
28523 27869044
28524 17456414
28525 3806537.8
28526 41908534
28527 15314316
28528 39133940
28529 10118167
28530 40075849
28531 29976733
28532 15378095
28533 18086099
28534 32538001
28535 21978368
28536 35970139
28537 43078213
28538 0
28539 8207.2645
28540 1792000.6
28541 29798682
28542 23128641
28543 45887503
28544 21627211
28545 37799001
28546 26814006
28547 0
28548 25347.557
28549 372087.86
28550 296045.16
28551 4084167.1
28552 1509817.8
28553 1299944.7
28554 2473166.6
28555 2584622.3
28556 2734262.3
28557 1565213.2
28558 793842.92
28559 13028559
28560 49606875
28561 3793472.4
28562 46900488
28563 14749010
28564 48833304
28565 5365844.8
28566 15549935
28567 45870925
28568 39419157
28569 0
28570 21560.128
28571 34706218
28572 35198165
28573 258478.23
28574 957208.72
28575 30324887
28576 3266371.5
28577 19547846
28578 28360869
28579 38380513
28580 34714431
28581 42577245
28582 6916186.3
28583 6939.3772
28584 9096939.9
28585 13112434
28586 4691425.2
28587 3274367.5
28588 21298337
28589 11757495
28590 11552782
28591 16536066
28592 30626390
28593 28684262
28594 13324190
28595 47238872
28596 47690402
28597 3146262.2
28598 0
28599 123755.87
28600 464453.29
28601 834400.17
28602 6971680.6
28603 2282206.9
28604 691983.05
28605 424663.87
28606 12841187
28607 47863502
28608 12581367
28609 0
28610 113261.88
28611 33440932
28612 34463393
28613 47334739
28614 234145.42
28615 0
28616 8613110
28617 44693885
28618 14642530
28619 43633316
28620 41317644
28621 29043282
28622 0
28623 42236.659
28624 407491.81
28625 356360.35
28626 237207.47
28627 8561967.5
28628 6971919.1
28629 468450.69
28630 5483047.2
28631 15909286
28632 12528925
28633 8666272.9
28634 6451395.5
28635 30732896
28636 10595939
28637 20107491
28638 24894677
28639 35241696
28640 9886898.1
28641 11416888
28642 2712369.9
28643 24267385
28644 7973368.2
28645 10179751
28646 5755068.3
28647 36892965
28648 8254849
28649 17076824
28650 3668054.6
28651 12419966
28652 5670427.8
28653 2150660.7
28654 614709.5
28655 10336086
28656 5587111.1
28657 9798948.2
28658 16232950
28659 16549848
28660 14273514
28661 12543328
28662 23797711
28663 8329301.3
28664 19841401
28665 5577437.4
28666 10405265
28667 10069724
28668 1872458.7
28669 10148309
28670 10521791
28671 948682.99
28672 5825466.5
28673 13145276
28674 5843605.8
28675 4356593.5
28676 3547210.6
28677 5373517.7
28678 3949686.9
28679 12294184
28680 15640255
28681 22511244
28682 13036670
28683 3281912.9
28684 13097489
28685 5720466.9
28686 2278133.6
28687 3416393.7
28688 4694878.7
28689 3624104.8
28690 4128307.4
28691 7686345.5
28692 16245220
28693 22948141
28694 22824367
28695 6152240.1
28696 35924743
28697 13503124
28698 4836229.5
28699 2155577
28700 663628.98
28701 212921.9
28702 666120.57
28703 3192393.2
28704 812217.02
28705 7412486.2
28706 11762022
28707 19151113
28708 8936546.6
28709 8616616.1
28710 21699638
28711 19163293
28712 21655341
28713 7158966.9
28714 24486478
28715 8182088.1
28716 13721860
28717 4071121.1
28718 9321397.8
28719 5925104.6
28720 30801680
28721 7241946.8
28722 17180675
28723 3403696.1
28724 10602525
28725 13937525
28726 3274030.5
28727 9019560.9
28728 2893671.1
28729 7403621.2
28730 1464985
28731 2323951
28732 2845397.6
28733 5226582
28734 2315966.6
28735 2342752.3
28736 9128803.3
28737 6988388.7
28738 4808446.1
28739 3665978.3
28740 17630971
28741 7360304.6
28742 5751896.8
28743 11703504
28744 9762229.6
28745 18169917
28746 5202781.4
28747 8723255.3
28748 10993873
28749 2327993.8
28750 11818693
28751 8975757.7
28752 4533327.9
28753 12925147
28754 4560790.1
28755 5900195.6
28756 5432616.7
28757 7018648.2
28758 2359531.2
28759 1658020.8
28760 377075.01
28761 1990440.4
28762 3946799.1
28763 5496113.4
28764 10532708
28765 3602554.9
28766 6092291.6
28767 12944041
28768 4399900.5
28769 1539173.2
28770 700938.93
28771 2736611.3
28772 1440236.8
28773 4022027.8
28774 6572882.6
28775 4067810.3
28776 3433480.1
28777 1080481.5
28778 795507.03
28779 134088.26
28780 751328.69
28781 1833739.8
28782 1246487
28783 196013.76
28784 162940.92
28785 805852.65
28786 3718657.8
28787 2153702.9
28788 4288236.5
28789 3251606.5
28790 9982843.9
28791 5821221.5
28792 4085053.6
28793 4413511.9
28794 3196680.2
28795 4839644.3
28796 1337440.1
28797 6298855.2
28798 1404592.9
28799 2384673.8
28800 159952.85
28801 811976.26
28802 681877.67
28803 196235.43
28804 39617.896
28805 14470.071
28806 293422.37
28807 257848.38
28808 160380.25
28809 101538.28
28810 26505.755
28811 149232.26
28812 52695.332
28813 188490.01
28814 3411766.1
28815 4712143.5
28816 3710139.6
28817 4840289.1
28818 3783050.8
28819 8761998
28820 1864584.7
28821 1894807.5
28822 656235.18
28823 3275275.9
28824 2167160.9
28825 4299196
28826 3865376.7
28827 3957449.2
28828 6473822.3
28829 9355142.6
28830 4669495.4
28831 6415491.6
28832 4069867.6
28833 7522922
28834 4167009.8
28835 4344437.3
28836 9815328.4
28837 5302612.6
28838 5760958.1
28839 1654928.1
28840 9455227
28841 14405378
28842 7098283.8
28843 1249325.1
28844 2415774.1
28845 5692314.3
28846 2123075.4
28847 6263387.8
28848 2859750.4
28849 1834062.3
28850 2352203.3
28851 1905293.8
28852 8399992.6
28853 4110818.5
28854 7069910.7
28855 8543774.1
28856 1288582.1
28857 492878.95
28858 5718230
28859 6561035.7
28860 2884381.4
28861 1802239.4
28862 2160424.7
28863 3215956
28864 3537612.5
28865 2192368.7
28866 3154578.1
28867 3076264.4
28868 1539501.1
28869 1350106.8
28870 3218282.6
28871 2557443.2
28872 1423801.3
28873 2746806.8
28874 1970246.4
28875 1162442.1
28876 7660206.8
28877 7913195.2
28878 1600382.1
28879 5057630.2
28880 9403693
28881 5582757.3
28882 2383841.3
28883 10320205
28884 13677155
28885 7901810.9
28886 4226834.6
28887 253613.47
28888 929762.26
28889 555243.09
28890 8509256.3
28891 22499354
28892 48234282
28893 17392630
28894 20089718
28895 33530763
28896 30143115
28897 19105301
28898 45811792
28899 46114756
28900 27748630
28901 47844854
28902 38487278
28903 1493146.5
28904 48082246
28905 13652655
28906 42442555
28907 15722070
28908 34021654
28909 44062257
28910 46728425
28911 5462963.9
28912 17786262
28913 46914587
28914 0
28915 496.47489
28916 236129.44
28917 420037.88
28918 281993.52
28919 187773.19
28920 126458.57
28921 92755.253
28922 1647912.5
28923 1293364
28924 877211.02
28925 1075461.9
28926 2153195.7
28927 14651424
28928 23860900
28929 15186983
28930 15122904
28931 29199350
28932 20600167
28933 21101628
28934 24768024
28935 19151521
28936 28870741
28937 4595778.7
28938 36765073
28939 11202341
28940 34050980
28941 9015623.7
28942 31411390
28943 9980852
28944 32718357
28945 24455843
28946 9127675.9
28947 39383280
28948 14009745
28949 26670533
28950 9121184.7
28951 40736327
28952 26668574
28953 9205320.6
28954 21444041
28955 31020196
28956 27207032
28957 9716316.9
28958 29674366
28959 24898610
28960 29839151
28961 6276890.4
28962 35335153
28963 18305125
28964 13599904
28965 28567565
28966 10277710
28967 29307169
28968 8386307
28969 31444253
28970 13643664
28971 26828630
28972 10196307
28973 33065816
28974 34439373
28975 15770796
28976 21539326
28977 15145885
28978 24831583
28979 22520912
28980 32954380
28981 26865915
28982 6021375.4
28983 15649303
28984 30293602
28985 27000358
28986 10232908
28987 8126565.5
28988 5942370.5
28989 15287633
28990 7119793.6
28991 894146.5
28992 4135713
28993 10269023
28994 8489070.6
28995 2218369.5
28996 7128359.6
28997 13906566
28998 8041570.5
28999 2096677.5
29000 5818587.9
29001 10887882
29002 12017512
29003 7596648.5
29004 3308515.5
29005 13039831
29006 15489557
29007 7334593
29008 7055664.5
29009 12616434
29010 15568986
29011 5739306.2
29012 4863589.3
29013 10357844
29014 12406094
29015 8770717.9
29016 5795829.6
29017 9400155.1
29018 14600415
29019 10092042
29020 6791420.7
29021 14424804
29022 11716827
29023 6306209.7
29024 8080982.9
29025 6020201.6
29026 10477665
29027 4577934
29028 14243723
29029 13774957
29030 6366911.8
29031 10933708
29032 8400121.3
29033 6084639.7
29034 9886808.1
29035 14693987
29036 13501820
29037 4060471.1
29038 5227325.9
29039 13291335
29040 12310095
29041 15007537
29042 20370377
29043 20210962
29044 12270149
29045 11079863
29046 13426666
29047 12893865
29048 8303276.8
29049 13705934
29050 6800504.7
29051 279921.04
29052 10786710
29053 18196083
29054 10584262
29055 2008260
29056 8120474.7
29057 12454178
29058 8001283.7
29059 6248815.7
29060 12879228
29061 16161034
29062 8262970.1
29063 7736434.8
29064 8545665.3
29065 2986408.9
29066 6935127.6
29067 4760912.6
29068 4977693.9
29069 9897822.2
29070 17468456
29071 10757279
29072 4089362.9
29073 11544686
29074 22862719
29075 16250545
29076 9714974.3
29077 8646105.5
29078 17589432
29079 18374781
29080 9456386.9
29081 14281074
29082 12435701
29083 22636570
29084 24658508
29085 21841200
29086 13904110
29087 5687813.2
29088 10614479
29089 17290345
29090 11272367
29091 6018308.5
29092 4480808
29093 7510759.7
29094 6221223
29095 410802.58
29096 442153.17
29097 99042.13
29098 84348.801
29099 81657.852
29100 118547.05
29101 86621.911
29102 43543.16
29103 33592.442
29104 37635.573
29105 1742040.9
29106 4026882
29107 5100363.6
29108 6636673.8
29109 12433260
29110 18622698
29111 19717582
29112 4366878.2
29113 11754419
29114 6961067.4
29115 1364984
29116 6608016.1
29117 6282407.3
29118 431212.58
29119 614688.85
29120 559081.58
29121 939236.43
29122 62764.759
29123 972105.33
29124 3650055
29125 5146339.6
29126 2826244.6
29127 983882.41
29128 1239700.4
29129 5130594.5
29130 2079568.3
29131 521096.89
29132 1362145.2
29133 2576584.1
29134 2107924.2
29135 1189350.2
29136 2087781
29137 2300782.4
29138 2319448.4
29139 834895.6
29140 4246272.9
29141 5355075.2
29142 689805.05
29143 3195464.5
29144 6187785.6
29145 3468122.7
29146 316388.83
29147 11429339
29148 15196980
29149 7859607
29150 1974199.1
29151 391051.97
29152 6067849.5
29153 1215551
29154 144597.46
29155 97604.142
29156 38338.942
29157 95903.127
29158 100557.73
29159 28355.265
29160 34970.507
29161 46128.32
29162 24947.807
29163 23995.691
29164 20215.19
29165 31603.328
29166 33940.578
29167 695377.32
29168 5875037.4
29169 15097808
29170 10424696
29171 5621747.6
29172 22061522
29173 14627891
29174 1248695.5
29175 13693714
29176 10793169
29177 2660665.1
29178 604265.31
29179 5380389.2
29180 2700761.8
29181 1504974.4
29182 630860.63
29183 160663.75
29184 49860.538
29185 68227.776
29186 67207.13
29187 2517802.6
29188 6715113
29189 3483221.9
29190 1453180.7
29191 221847.66
29192 696541.44
29193 883295.96
29194 1412924.9
29195 8652743.7
29196 5014733.6
29197 3424116.5
29198 5600252
29199 10740433
29200 5855186.6
29201 2696245
29202 8968699.4
29203 13246908
29204 7700456.5
29205 311340.91
29206 894966.89
29207 578838.55
29208 292018.4
29209 71656.16
29210 187700.16
29211 42323.59
29212 48184.44
29213 68600.234
29214 35567.157
29215 148046.18
29216 97412.439
29217 85628.176
29218 385903.57
29219 685151.48
29220 5100601.1
29221 13249207
29222 34254127
29223 10846728
29224 45529941
29225 33948002
29226 43819327
29227 44270361
29228 13988164
29229 48974004
29230 2121675.8
29231 0
29232 125394.04
29233 448672
29234 313711.1
29235 326925.37
29236 4791425.5
29237 2893006.6
29238 12725349
29239 14794066
29240 62338.925
29241 3231.0143
29242 46.636773
29243 0.28
29244 0
29245 0
29246 0
29247 33340.298
29248 268021.25
29249 523160.5
29250 566987.84
29251 519847.92
29252 8206632.8
29253 13390173
29254 3160064
29255 61845.438
29256 6117.4987
29257 2969.9685
29258 1269.6259
29259 5455.1624
29260 5949405.3
29261 14284401
29262 10462964
29263 829.15064
29264 0
29265 0
29266 0
29267 0
29268 0
29269 45444.031
29270 8169793.1
29271 5529938.9
29272 7104969.6
29273 1251745.1
29274 7977540.5
29275 14308057
29276 27896051
29277 44245555
29278 36717319
29279 35670992
29280 35153139
29281 16049218
29282 7342758.5
29283 4624294.3
29284 985459.58
29285 158513.82
29286 0
29287 2719702.2
29288 22781137
29289 26191164
29290 9105772.5
29291 7845438.6
29292 18.570852
29293 44.161318
29294 297618.88
29295 560458.98
29296 924747.54
29297 587443.18
29298 1276442.9
29299 986034.3
29300 1379439.3
29301 110382.57
29302 12009146
29303 23023999
29304 26573770
29305 33290522
29306 44324538
29307 44160848
29308 43785255
29309 37229273
29310 0
29311 568420.04
29312 6332153.4
29313 1283600.6
29314 1236248.3
29315 712809.18
29316 317598.41
29317 341798.55
29318 1179197.1
29319 2569044.4
29320 5869447.8
29321 5910954.1
29322 1200.8552
29323 429.52177
29324 872.92215
29325 9313.3343
29326 3977.0104
29327 134.18313
29328 0
29329 0
29330 89103.632
29331 89335.204
29332 151052.17
29333 3169972.6
29334 13920598
29335 34017506
29336 35095364
29337 18195795
29338 9221651.8
29339 8406922.6
29340 5951151
29341 16924615
29342 7212156.1
29343 226842.7
29344 1955624.1
29345 2327005.8
29346 8571364.2
29347 13572634
29348 12752065
29349 27121067
29350 25139509
29351 9240880.1
29352 9228962.4
29353 6939305.2
29354 3586.7949
29355 7682.138
29356 855.17653
29357 0
29358 0
29359 6489.1517
29360 131051.11
29361 333612.18
29362 495121.44
29363 465900.15
29364 174264.32
29365 829.39195
29366 6414.29
29367 707198.53
29368 733688.51
29369 17.622458
29370 0
29371 0
29372 558361.31
29373 4162907.1
29374 6472457.8
29375 4270301.5
29376 1134741.2
29377 3930.6815
29378 1809486
29379 13655670
29380 19768938
29381 26467795
29382 38134213
29383 41908137
29384 31884867
29385 29687906
29386 37073945
29387 38993331
29388 49735214
29389 6308203.9
29390 43196173
29391 47575288
29392 37717830
29393 9653456.8
29394 25063581
29395 36351958
29396 29618226
29397 48094815
29398 44592568
29399 43479304
29400 11555358
29401 14749010
29402 47809006
29403 15840051
29404 44620165
29405 42633214
29406 4015363.6
29407 709904.65
29408 10744873
29409 18261083
29410 772668.6
29411 131603.06
29412 792244.32
29413 1059983.9
29414 787483.14
29415 123643.16
29416 108048.16
29417 160523.28
29418 165782.41
29419 148675.09
29420 152536.72
29421 36510.487
29422 39202.919
29423 1020250.6
29424 3404710.8
29425 778415.31
29426 107162.67
29427 18166.526
29428 1047888.7
29429 3526225.1
29430 1496104.2
29431 1241754.6
29432 1768036.9
29433 76136.824
29434 44038.319
29435 38459.409
29436 169777.78
29437 991251.87
29438 2332357.3
29439 922627.51
29440 240496.47
29441 205187.9
29442 160311.72
29443 266723.67
29444 45258.988
29445 297432.08
29446 131261.6
29447 95364.165
29448 112297.4
29449 142683.48
29450 379569.64
29451 206014.63
29452 26029.868
29453 74676.842
29454 444759.21
29455 231920.3
29456 138820.59
29457 56962.923
29458 1709276.2
29459 2090791.7
29460 343248.33
29461 646166.92
29462 327288.27
29463 72330.677
29464 13456.836
29465 24742.851
29466 63876.517
29467 188223.57
29468 76795.6
29469 25742.246
29470 53115.907
29471 217895.82
29472 131098.1
29473 149962.43
29474 127515.96
29475 139747.94
29476 187780.95
29477 66461.129
29478 122252.72
29479 62926.424
29480 150699.76
29481 95620.74
29482 135538.46
29483 75732.712
29484 17782.121
29485 193491.72
29486 132750.05
29487 144513.82
29488 64246.093
29489 36823.326
29490 177134.91
29491 67078.109
29492 73216.303
29493 101898.96
29494 53357.595
29495 101310.86
29496 181235.84
29497 470052.06
29498 1237814.2
29499 165007.33
29500 205019.91
29501 42051.625
29502 42036.442
29503 183229.92
29504 259243.35
29505 184515.05
29506 113626.64
29507 53478.064
29508 44443.287
29509 45760.453
29510 230932.72
29511 95363.725
29512 286760.13
29513 170306.3
29514 618733.15
29515 118764.8
29516 218276.7
29517 77943.376
29518 442548.6
29519 1398105
29520 1825941.2
29521 926086.06
29522 372067.5
29523 42354.752
29524 24129.298
29525 85108.685
29526 35710.047
29527 84054.75
29528 102778.27
29529 152762.05
29530 199132.83
29531 442087.82
29532 174426.86
29533 365920.58
29534 440194.62
29535 68642.566
29536 114463.36
29537 51538.904
29538 27871.439
29539 730919.1
29540 1240223.6
29541 712767.34
29542 45935.103
29543 63125.081
29544 170009.02
29545 419072.72
29546 28164.627
29547 26153.748
29548 188314.28
29549 111613.37
29550 119925.64
29551 96896.246
29552 195592.53
29553 118658.94
29554 345452.9
29555 182751.9
29556 337687.55
29557 159697.48
29558 105277.84
29559 630684.2
29560 457649.02
29561 284075.6
29562 32277.431
29563 220576.15
29564 410557.32
29565 340988.24
29566 482001.89
29567 145500.16
29568 403928.88
29569 1262584
29570 6326291.5
29571 3631461.4
29572 1143783.9
29573 1436043.6
29574 3603124
29575 1862510.2
29576 833575.08
29577 4935300
29578 19552809
29579 4430035.8
29580 1412876.5
29581 2437071.8
29582 9812443.6
29583 3124368.3
29584 4925574.2
29585 3543420.1
29586 11161364
29587 10032981
29588 4030945
29589 11113101
29590 4232222.6
29591 2209165
29592 268675.38
29593 1171171.2
29594 611329.39
29595 949139.38
29596 651166.69
29597 182805.23
29598 375730.84
29599 122594.01
29600 691624.98
29601 185268.19
29602 225140.2
29603 46223.265
29604 394306.1
29605 385477.66
29606 500036.12
29607 41938.08
29608 669663.59
29609 195501.93
29610 447066.32
29611 259670.6
29612 1929420.9
29613 1073204.4
29614 1047681.6
29615 431660.58
29616 3406188.7
29617 802514.58
29618 942882.07
29619 843271.53
29620 1860528.7
29621 874441.58
29622 2102300.4
29623 7364333.7
29624 11150535
29625 5333526.8
29626 1046465.2
29627 1223950.4
29628 499234.28
29629 992622.15
29630 153531.71
29631 721444.24
29632 385828.17
29633 841275.6
29634 631415.99
29635 2345800.3
29636 871602.36
29637 1787199.9
29638 350671.17
29639 4205882
29640 1137669.3
29641 2348178.3
29642 10066437
29643 10428846
29644 2526018.9
29645 2646997.8
29646 15647230
29647 13304072
29648 3221034.6
29649 668301.16
29650 3048924.2
29651 956250.48
29652 2268303.7
29653 993749.02
29654 1452449.5
29655 824364.63
29656 1198991.2
29657 1539190.6
29658 1199296.8
29659 1635859.4
29660 1052460.8
29661 931556.66
29662 398680.13
29663 784493.12
29664 928331.32
29665 5359636.9
29666 1468488.8
29667 656467.7
29668 1584853.7
29669 2597356.2
29670 792583.98
29671 282548.1
29672 2394051
29673 1774327.2
29674 412667.02
29675 228480
29676 2039179.7
29677 1331003.5
29678 1531058.3
29679 467701.38
29680 419418.01
29681 245102.44
29682 504745.52
29683 2228916.5
29684 1002889.9
29685 516786.57
29686 474220.95
29687 2559025.8
29688 935473.55
29689 230416.04
29690 908470.66
29691 19270160
29692 20348466
29693 5753864.4
29694 3416626.4
29695 20141200
29696 8060933.9
29697 1350831.7
29698 215153.74
29699 1152274.1
29700 551616.62
29701 640857.88
29702 160151.73
29703 462440.55
29704 538732.84
29705 695265.39
29706 447202.43
29707 335946.74
29708 509062.55
29709 360612.57
29710 1060276.8
29711 8146290.1
29712 11856815
29713 3508986.9
29714 2127437.2
29715 16512657
29716 19160262
29717 6780882.2
29718 347494.19
29719 2348664.1
29720 5716628.5
29721 2277770.4
29722 1870410.5
29723 5623360.8
29724 3022269.1
29725 2092830.2
29726 488054.02
29727 518888.05
29728 245377.67
29729 246536.24
29730 159566.31
29731 1497367.4
29732 356032.5
29733 1884988.1
29734 9370672
29735 12260977
29736 5262905.2
29737 1396706.3
29738 10949100
29739 6875099.5
29740 1418512.7
29741 1267138.6
29742 4562238.2
29743 4596449.5
29744 3725659.3
29745 1429826.2
29746 12055115
29747 3976477.7
29748 3768552.1
29749 5522466.6
29750 3480725.4
29751 1254915
29752 6407772.5
29753 29002040
29754 9939141.7
29755 2749936.5
29756 576071.1
29757 1078712.2
29758 236810.96
29759 796033.7
29760 12114495
29761 21687543
29762 41700233
29763 1763544.6
29764 36799766
29765 28061678
29766 832422.98
29767 866666
29768 794930.16
29769 1117327.9
29770 678411.63
29771 126907.43
29772 41634.948
29773 211250.88
29774 90225.699
29775 71790.428
29776 23521.43
29777 243500.74
29778 696489.27
29779 3133099.7
29780 357000.13
29781 332002.09
29782 1887997.3
29783 8087676.3
29784 1181529.6
29785 3035524.5
29786 5619020.3
29787 26424712
29788 7091637
29789 3154157.1
29790 1807891.8
29791 6089403.5
29792 1779866.6
29793 985044.59
29794 1459859.1
29795 5786130.7
29796 1896851.9
29797 550539.16
29798 280618.33
29799 725469.12
29800 236978.32
29801 3394845.5
29802 2489403.1
29803 11935964
29804 2605020.2
29805 2553821.1
29806 2556475.5
29807 6353860.4
29808 4216172.2
29809 4247340.4
29810 3740228.9
29811 17085028
29812 5929884
29813 6313498.1
29814 2046764.6
29815 9515051.1
29816 6065537.3
29817 8320281.9
29818 2302191.9
29819 7356288.4
29820 2871852.8
29821 3626805.3
29822 7076986.2
29823 2199279
29824 2694549.7
29825 1688800.9
29826 866197.65
29827 1698439.4
29828 451948.59
29829 1066437.4
29830 558018.59
29831 2482856.2
29832 6368380.7
29833 5448767.5
29834 1842754.6
29835 603804.73
29836 2824854.6
29837 3172216.6
29838 1354640.3
29839 615835.48
29840 390226.37
29841 3132781.3
29842 1497899.4
29843 914786.77
29844 2926145.4
29845 2504210.5
29846 223744.25
29847 1135402.1
29848 872199.43
29849 1418132.2
29850 290642.35
29851 65187.487
29852 46865.524
29853 92706.814
29854 39601.882
29855 7104.7259
29856 15595.717
29857 69868.968
29858 37869.402
29859 22893.191
29860 53706.904
29861 43968.146
29862 162751.35
29863 673790.16
29864 4144274.2
29865 1999999.5
29866 1539336.1
29867 370787.62
29868 4385522
29869 2122559.3
29870 1031014.6
29871 927689.45
29872 2447261
29873 1040946
29874 1219871.8
29875 3018482.5
29876 2470350.9
29877 338714.81
29878 2179987
29879 1733483.5
29880 1436835.3
29881 390279.58
29882 1822165.2
29883 829670.13
29884 920583.54
29885 1352805
29886 723042.26
29887 135790.85
29888 542250.29
29889 141782.85
29890 125133.54
29891 415336.58
29892 2347254.6
29893 759626.3
29894 310681.02
29895 356761.27
29896 719105.51
29897 1636144.4
29898 1867311.4
29899 886431.47
29900 437842.15
29901 1335019.1
29902 2813247.5
29903 3883933.5
29904 2040950
29905 2824905.2
29906 3954201.6
29907 2272350.3
29908 1831670.9
29909 2373716.6
29910 1477008
29911 700377.17
29912 1126836.3
29913 653394.53
29914 450380.01
29915 59523.356
29916 2792205.4
29917 4906959.3
29918 522770.92
29919 344311.69
29920 905699.07
29921 1138475.6
29922 77364.076
29923 1679245.5
29924 6891496.4
29925 8853806.5
29926 2210815.1
29927 914931.49
29928 1283928.9
29929 911327.23
29930 6712785.2
29931 12522679
29932 3974200
29933 236359.76
29934 325113.43
29935 433773.82
29936 372046.05
29937 121183.44
29938 559854.66
29939 488386.24
29940 2251799.5
